code,chassis,brand,model,body,engine,power_kw,drivetrain,steering,region,from,to
ST35,3200 CS,BMW,3200 CS,Coupe,8-Zyl,,,left,Europe,1962-01,1965-09
ST30,100,BMW,Dreirad,Sedan,1-Zyl,,,left,Europe,1958-01,1960-09
ST26,101,BMW,250,Sedan,1-Zyl,,,left,Europe,1955-01,1962-09
ST27,102,BMW,300,Sedan,1-Zyl,,,left,Europe,1955-01,1962-09
ST28,102,BMW,300,Sedan,1-Zyl,,,left,USA,1956-01,1958-09
ST29,102,BMW,300,Sedan,1-Zyl,,,right,Europe,1957-01,1957-09
ST50,107,BMW,700,Convertible,2-Zyl,,,left,Europe,1959-01,1964-09
ST51,107,BMW,700,Convertible,2-Zyl,,,left,USA,1960-01,1962-09
ST52,107,BMW,700,Convertible,2-Zyl,,,left,Europe,1959-01,1962-09
1701,E21,BMW,315,Sedan,M10,,Rear-Wheel Drive,left,Europe,1980-11,1983-12
AG01,E21,BMW,315,Sedan,M10,,Rear-Wheel Drive,left,Europe,,
1712,E21,BMW,316,Sedan,M10,,Rear-Wheel Drive,right,Europe,1980-09,1983-08
AG12,E21,BMW,316,Sedan,M10,,Rear-Wheel Drive,right,Europe,,
1722,E21,BMW,316 A,Sedan,M10,,Rear-Wheel Drive,right,Europe,1980-09,1983-09
1731,E21,BMW,318 I,Sedan,M10,,Rear-Wheel Drive,left,Europe,1979-07,1983-12
AG31,E21,BMW,318 I,Sedan,M10,,Rear-Wheel Drive,left,Europe,,
6471,E23,BMW,72,Sedan,M30,,Rear-Wheel Drive,left,Europe,,
6548,E23,BMW,72,Sedan,M30,,Rear-Wheel Drive,right,South Africa,,
6481,E23,BMW,725,Sedan,M30,,Rear-Wheel Drive,left,Europe,,
FD71,E23,BMW,725,Sedan,M30,,Rear-Wheel Drive,left,Europe,,
6571,E23,BMW,728,Sedan,M30,,Rear-Wheel Drive,left,Europe,,
6572,E23,BMW,728,Sedan,M30,,Rear-Wheel Drive,right,Europe,,
6578,E23,BMW,728,Sedan,M30,,Rear-Wheel Drive,right,South Africa,,
6581,E23,BMW,728,Sedan,M30,,Rear-Wheel Drive,left,Europe,,
6582,E23,BMW,728,Sedan,M30,,Rear-Wheel Drive,right,Europe,,
6588,E23,BMW,728,Sedan,M30,,Rear-Wheel Drive,right,South Africa,,
FE71,E23,BMW,728,Sedan,M30,,Rear-Wheel Drive,left,Europe,,
FE88,E23,BMW,728,Sedan,M30,,Rear-Wheel Drive,right,South Africa,,
6688,E23,BMW,732,Sedan,M30,,Rear-Wheel Drive,right,South Africa,,
6671,E23,BMW,732 I,Sedan,M30,,Rear-Wheel Drive,left,Europe,,
6674,E23,BMW,732 I,Sedan,M30,,Rear-Wheel Drive,left,USA,,
6681,E23,BMW,732 I,Sedan,M30,,Rear-Wheel Drive,left,Europe,,
6682,E23,BMW,732 I,Sedan,M30,,Rear-Wheel Drive,right,Europe,,
6689,E23,BMW,732 I,Sedan,M30,,Rear-Wheel Drive,left,Europe,,
FF71,E23,BMW,732 I,Sedan,M30,,Rear-Wheel Drive,left,Europe,,
FF74,E23,BMW,732 I,Sedan,M30,,Rear-Wheel Drive,left,USA,,
FF81,E23,BMW,732 I,Sedan,M30,,Rear-Wheel Drive,left,Europe,,
FF82,E23,BMW,732 I,Sedan,M30,,Rear-Wheel Drive,right,Europe,,
FF89,E23,BMW,732 I,Sedan,M30,,Rear-Wheel Drive,left,Europe,,
6684,E23,BMW,733 I,Sedan,M30,,Rear-Wheel Drive,left,USA,,
FF84,E23,BMW,733 I,Sedan,M30,,Rear-Wheel Drive,left,USA,,
6872,E23,BMW,735,Sedan,M30,,Rear-Wheel Drive,right,Europe,,
6882,E23,BMW,735,Sedan,M30,,Rear-Wheel Drive,right,Europe,,
6721,E23,BMW,735 I,Sedan,M30,,Rear-Wheel Drive,left,Europe,,
6724,E23,BMW,735 I,Sedan,M30,,Rear-Wheel Drive,left,USA,,
6781,E23,BMW,735 I,Sedan,M30,,Rear-Wheel Drive,left,Europe,,
6851,E23,BMW,735 I,Sedan,M30,,Rear-Wheel Drive,left,Europe,,
6861,E23,BMW,735 I,Sedan,M30,,Rear-Wheel Drive,left,Europe,,
6871,E23,BMW,735 I,Sedan,M30,,Rear-Wheel Drive,left,Europe,,
6874,E23,BMW,735 I,Sedan,M30,,Rear-Wheel Drive,left,USA,,
6881,E23,BMW,735 I,Sedan,M30,,Rear-Wheel Drive,left,Europe,,
6884,E23,BMW,735 I,Sedan,M30,,Rear-Wheel Drive,left,USA,,
6888,E23,BMW,735 I,Sedan,M30,,Rear-Wheel Drive,right,South Africa,,
6889,E23,BMW,735 i,Sedan,M30,,Rear-Wheel Drive,left,Europe,,
FG24,E23,BMW,735 I,Sedan,M30,,Rear-Wheel Drive,left,USA,,
FH51,E23,BMW,735 I,Sedan,M30,,Rear-Wheel Drive,left,Europe,,
FH71,E23,BMW,735 I,Sedan,M30,,Rear-Wheel Drive,left,Europe,,
FH74,E23,BMW,735 I,Sedan,M30,,Rear-Wheel Drive,left,USA,,
FH84,E23,BMW,735 I,Sedan,M30,,Rear-Wheel Drive,left,USA,,
6981,E23,BMW,745,Sedan,M30,,Rear-Wheel Drive,left,Europe,,
6999,E23,BMW,745,Sedan,M30,,Rear-Wheel Drive,left,Europe,,
6961,E23,BMW,745 I,Sedan,M30,,Rear-Wheel Drive,left,Europe,,
6969,E23,BMW,745 I,Sedan,M30,,Rear-Wheel Drive,left,Europe,,
6991,E23,BMW,745 I,Sedan,M30,,Rear-Wheel Drive,left,Europe,,
FJ91,E23,BMW,745 I,Sedan,M30,,Rear-Wheel Drive,left,Europe,,
FJ99,E23,BMW,745 I,Sedan,M30,,Rear-Wheel Drive,left,Europe,,
6928,E23,BMW,M745 i,Sedan,S38,,Rear-Wheel Drive,right,Europe,,
5172,E24,BMW,628 cs,Coupe,M30,,Rear-Wheel Drive,right,Europe,,
5171,E24,BMW,628 CSi,Coupe,M30,,Rear-Wheel Drive,left,Europe,,
5181,E24,BMW,628 CSI,Coupe,M30,,Rear-Wheel Drive,left,Europe,,
5182,E24,BMW,628 CSI,Coupe,M30,,Rear-Wheel Drive,right,Europe,,
EA81,E24,BMW,628 Csi,Coupe,M30,,Rear-Wheel Drive,left,Europe,,
5274,E24,BMW,633 CSI,Coupe,M30,,Rear-Wheel Drive,left,USA,,
5284,E24,BMW,633 CSI,Coupe,M30,,Rear-Wheel Drive,left,USA,,
5289,E24,BMW,633 CSI,Coupe,M30,,Rear-Wheel Drive,left,Europe,,
EB74,E24,BMW,633 Csi,Coupe,M30,,Rear-Wheel Drive,left,USA,,
EB84,E24,BMW,633 Csi,Coupe,M30,,Rear-Wheel Drive,left,USA,,
EB89,E24,BMW,633 Csi,Coupe,M30,,Rear-Wheel Drive,left,Europe,,
5519,E24,BMW,635 cs,Coupe,S38,,Rear-Wheel Drive,left,Europe,,
5351,E24,BMW,635 CSi,Coupe,M30,,Rear-Wheel Drive,left,Europe,,
5352,E24,BMW,635 CSI,Coupe,M30,,Rear-Wheel Drive,right,Europe,,
5361,E24,BMW,635 CSI,Coupe,M30,,Rear-Wheel Drive,left,Europe,,
5362,E24,BMW,635 CSI,Coupe,M30,,Rear-Wheel Drive,right,Europe,,
5371,E24,BMW,635 CSI,Coupe,M30,,Rear-Wheel Drive,left,Europe,,
5372,E24,BMW,635 CSI,Coupe,M30,,Rear-Wheel Drive,right,Europe,,
5374,E24,BMW,635 CSI,Coupe,M30,,Rear-Wheel Drive,left,USA,,
5381,E24,BMW,635 CSI,Coupe,M30,,Rear-Wheel Drive,left,Europe,,
5382,E24,BMW,635 CSI,Coupe,M30,,Rear-Wheel Drive,right,Europe,,
5384,E24,BMW,635 CSI,Coupe,M30,,Rear-Wheel Drive,left,USA,,
5389,E24,BMW,635 CSI,Coupe,M30,,Rear-Wheel Drive,left,Europe,,
5511,E24,BMW,635 CSI,Coupe,S38,191,Rear-Wheel Drive,left,Europe,,
5514,E24,BMW,635 CSI,Coupe,S38,,Rear-Wheel Drive,left,USA,,
5531,E24,BMW,635 CSi,Coupe,S38,,Rear-Wheel Drive,left,Europe,,
5532,E24,BMW,635 CSI,Coupe,S38,,Rear-Wheel Drive,right,Europe,,
EC51,E24,BMW,635 Csi,Coupe,M30,,Rear-Wheel Drive,left,Europe,,
EC52,E24,BMW,635 Csi,Coupe,M30,,Rear-Wheel Drive,right,Europe,,
EC61,E24,BMW,635 Csi,Coupe,M30,,Rear-Wheel Drive,left,Europe,,
EC62,E24,BMW,635 Csi,Coupe,M30,,Rear-Wheel Drive,right,Europe,,
EC71,E24,BMW,635 Csi,Coupe,M30,,Rear-Wheel Drive,left,Europe,,
EC72,E24,BMW,635 Csi,Coupe,M30,,Rear-Wheel Drive,right,Europe,,
EC81,E24,BMW,635 Csi,Coupe,M30,,Rear-Wheel Drive,left,Europe,,
EC82,E24,BMW,635 Csi,Coupe,M30,,Rear-Wheel Drive,right,Europe,,
EC84,E24,BMW,635 Csi,Coupe,M30,,Rear-Wheel Drive,left,USA,,
EC89,E24,BMW,635 Csi,Coupe,M30,,Rear-Wheel Drive,left,Europe,,
EE11,E24,BMW,635 Csi,Coupe,S38,191,Rear-Wheel Drive,left,Europe,,
EE14,E24,BMW,635 Csi,Coupe,S38,,Rear-Wheel Drive,left,USA,,
EE19,E24,BMW,635 Csi,Coupe,S38,,Rear-Wheel Drive,left,Europe,,
EE31,E24,BMW,635 Csi,Coupe,S38,,Rear-Wheel Drive,left,Europe,,
EE32,E24,BMW,635 Csi,Coupe,S38,,Rear-Wheel Drive,right,Europe,,
4012,E28,BMW,518,Sedan,M20,,Rear-Wheel Drive,right,Europe,,
4099,E28,BMW,518,Sedan,M10,,Rear-Wheel Drive,left,Europe,,
4011,E28,BMW,518 I,Sedan,M20,,Rear-Wheel Drive,left,Europe,,
4035,E28,BMW,518 I,Sedan,M20,,Rear-Wheel Drive,left,Europe,,
4091,E28,BMW,518 I,Sedan,M10,,Rear-Wheel Drive,left,Europe,,
4092,E28,BMW,518 I,Sedan,M10,,Rear-Wheel Drive,right,Europe,,
4093,E28,BMW,518 I,Sedan,M10,,Rear-Wheel Drive,left,Europe,,
DK11,E28,BMW,518 I,Sedan,M20,,Rear-Wheel Drive,left,Europe,,
DK91,E28,BMW,518 I,Sedan,M10,,Rear-Wheel Drive,left,Europe,,
DK92,E28,BMW,518 I,Sedan,M10,,Rear-Wheel Drive,right,Europe,,
4031,E28,BMW,520 I,Sedan,M20,,Rear-Wheel Drive,left,Europe,,
4051,E28,BMW,520 I,Sedan,M20,,Rear-Wheel Drive,left,Europe,,
4068,E28,BMW,520 I,Sedan,M20,,Rear-Wheel Drive,right,Europe,,
4738,E28,BMW,520 I,Sedan,M20,,Rear-Wheel Drive,right,South Africa,,
DK31,E28,BMW,520 I,Sedan,M20,,Rear-Wheel Drive,left,Europe,,
DK51,E28,BMW,520 I,Sedan,M20,,Rear-Wheel Drive,left,Europe,,
4041,E28,BMW,520 I A,Sedan,M20,,Rear-Wheel Drive,left,Europe,,
4061,E28,BMW,520 I A,Sedan,M20,,Rear-Wheel Drive,left,Europe,,
4062,E28,BMW,520 I A,Sedan,M20,,Rear-Wheel Drive,right,Europe,,
DG48,E28,BMW,520 I A,Sedan,M20,,Rear-Wheel Drive,right,Europe,,
DK41,E28,BMW,520 I A,Sedan,M20,,Rear-Wheel Drive,left,Europe,,
DK61,E28,BMW,520 I A,Sedan,M20,,Rear-Wheel Drive,left,Europe,,
DK62,E28,BMW,520 I A,Sedan,M20,,Rear-Wheel Drive,right,Europe,,
DK68,E28,BMW,520 I A,Sedan,M20,,Rear-Wheel Drive,right,Europe,,
4052,E28,BMW,520 I RL,Sedan,M20,,Rear-Wheel Drive,right,Europe,,
4058,E28,BMW,520 I RL,Sedan,M20,,Rear-Wheel Drive,right,Europe,,
DK52,E28,BMW,520 I Rl,Sedan,M20,,Rear-Wheel Drive,right,Europe,,
DK58,E28,BMW,520 I Rl,Sedan,M20,,Rear-Wheel Drive,right,Europe,,
4748,E28,BMW,520i,Sedan,M20,,Rear-Wheel Drive,right,Europe,,
4291,E28,BMW,524 D,Sedan,M21,,Rear-Wheel Drive,left,Europe,,
DB91,E28,BMW,524 D,Sedan,M21,,Rear-Wheel Drive,left,Europe,,
4211,E28,BMW,524 TD,Sedan,M21,,Rear-Wheel Drive,left,Europe,,
DB11,E28,BMW,524 Td,Sedan,M21,,Rear-Wheel Drive,left,Europe,,
4221,E28,BMW,524 TD A,Sedan,M21,,Rear-Wheel Drive,left,Europe,,
4224,E28,BMW,524 TD A,Sedan,M21,,Rear-Wheel Drive,left,USA,,
DB21,E28,BMW,524 Td A,Sedan,M21,,Rear-Wheel Drive,left,Europe,,
DB24,E28,BMW,524 Td A,Sedan,M21,,Rear-Wheel Drive,left,USA,,
4132,E28,BMW,525,Sedan,M30,,Rear-Wheel Drive,right,Europe,,
4232,E28,BMW,525,Sedan,M20,,Rear-Wheel Drive,right,Europe,,
4252,E28,BMW,525,Sedan,M20,,Rear-Wheel Drive,right,Europe,,
4231,E28,BMW,525 E,Sedan,M20,,Rear-Wheel Drive,left,Europe,,
4251,E28,BMW,525 E,Sedan,M20,,Rear-Wheel Drive,left,Europe,,
4258,E28,BMW,525 E,Sedan,M20,,Rear-Wheel Drive,right,Europe,,
4268,E28,BMW,525 E,Sedan,M20,,Rear-Wheel Drive,right,Europe,,
DB31,E28,BMW,525 E,Sedan,M20,,Rear-Wheel Drive,left,Europe,,
DB32,E28,BMW,525 E,Sedan,M20,,Rear-Wheel Drive,right,Europe,,
DB51,E28,BMW,525 E,Sedan,M20,,Rear-Wheel Drive,left,Europe,,
DB52,E28,BMW,525 E,Sedan,M20,,Rear-Wheel Drive,right,Europe,,
DB58,E28,BMW,525 E,Sedan,M20,,Rear-Wheel Drive,right,Europe,,
4241,E28,BMW,525 E A,Sedan,M20,,Rear-Wheel Drive,left,Europe,,
4242,E28,BMW,525 E A,Sedan,M20,,Rear-Wheel Drive,right,Europe,,
4261,E28,BMW,525 E A,Sedan,M20,,Rear-Wheel Drive,left,Europe,,
4262,E28,BMW,525 E A,Sedan,M20,,Rear-Wheel Drive,right,Europe,,
DB41,E28,BMW,525 E A,Sedan,M20,,Rear-Wheel Drive,left,Europe,,
DB61,E28,BMW,525 E A,Sedan,M20,,Rear-Wheel Drive,left,Europe,,
DB62,E28,BMW,525 E A,Sedan,M20,,Rear-Wheel Drive,right,Europe,,
DB68,E28,BMW,525 E A,Sedan,M20,,Rear-Wheel Drive,right,Europe,,
4131,E28,BMW,525 I,Sedan,M30,,Rear-Wheel Drive,left,Europe,,
4142,E28,BMW,525 i,Sedan,M30,,Rear-Wheel Drive,right,Europe,,
DA31,E28,BMW,525 I,Sedan,M30,,Rear-Wheel Drive,left,Europe,,
4141,E28,BMW,525 I A,Sedan,M30,,Rear-Wheel Drive,left,Europe,,
DA41,E28,BMW,525 I A,Sedan,M30,,Rear-Wheel Drive,left,Europe,,
DA42,E28,BMW,525 I A,Sedan,M30,,Rear-Wheel Drive,right,Europe,,
4178,E28,BMW,528,Sedan,M30,,Rear-Wheel Drive,right,Europe,,
4073,E28,BMW,528 E,Sedan,M20,,Rear-Wheel Drive,left,USA,,
4083,E28,BMW,528 E,Sedan,M20,,Rear-Wheel Drive,left,USA,,
4089,E28,BMW,528 E,Sedan,M20,,Rear-Wheel Drive,left,Europe,,
DK73,E28,BMW,528 E,Sedan,M20,,Rear-Wheel Drive,left,USA,,
DK83,E28,BMW,528 E,Sedan,M20,,Rear-Wheel Drive,left,USA,,
DK89,E28,BMW,528 E,Sedan,M20,,Rear-Wheel Drive,left,Europe,,
4171,E28,BMW,528 I,Sedan,M30,,Rear-Wheel Drive,left,Europe,,
4172,E28,BMW,528 I,Sedan,M30,,Rear-Wheel Drive,right,Europe,,
DA71,E28,BMW,528 I,Sedan,M30,,Rear-Wheel Drive,left,Europe,,
DA72,E28,BMW,528 I,Sedan,M30,,Rear-Wheel Drive,right,Europe,,
4181,E28,BMW,528 I A,Sedan,M30,,Rear-Wheel Drive,left,Europe,,
4182,E28,BMW,528 I A,Sedan,M30,,Rear-Wheel Drive,right,Europe,,
DA81,E28,BMW,528 I A,Sedan,M30,,Rear-Wheel Drive,left,Europe,,
DA82,E28,BMW,528 I A,Sedan,M30,,Rear-Wheel Drive,right,Europe,,
4188,E28,BMW,528i,Sedan,M30,,Rear-Wheel Drive,right,Europe,,
4274,E28,BMW,533 I,Sedan,M30,,Rear-Wheel Drive,left,USA,,
DB74,E28,BMW,533 I,Sedan,M30,,Rear-Wheel Drive,left,USA,,
4284,E28,BMW,533 I A,Sedan,M30,,Rear-Wheel Drive,left,USA,,
4289,E28,BMW,533 I A,Sedan,M30,,Rear-Wheel Drive,left,Europe,,
DB84,E28,BMW,533 I A,Sedan,M30,,Rear-Wheel Drive,left,USA,,
4709,E28,BMW,535,Sedan,M30,,Rear-Wheel Drive,right,South Africa,,
DC31,E28,BMW,535 I,Sedan,M30,,Rear-Wheel Drive,left,Europe,1985-01,1987-11
DC71,E28,BMW,535 I,Sedan,M30,,Rear-Wheel Drive,left,Europe,1984-07,1987-12
DC21,E28,BMW,535 I A,Sedan,M30,155,Rear-Wheel Drive,left,Europe,1985-01,1987-12
DC22,E28,BMW,535 I A,Sedan,M30,155,Rear-Wheel Drive,right,Europe,1985-07,1987-09
DC29,E28,BMW,535 I A,Sedan,M30,,Rear-Wheel Drive,left,Europe,1985-01,1987-09
DC41,E28,BMW,535 I A,Sedan,M30,,Rear-Wheel Drive,left,Europe,1984-12,1987-09
DC42,E28,BMW,535 I A,Sedan,M30,,Rear-Wheel Drive,right,Europe,1985-02,1987-11
DC61,E28,BMW,535 I A,Sedan,M30,,Rear-Wheel Drive,left,Europe,1985-03,1987-09
DC81,E28,BMW,535 I A,Sedan,M30,,Rear-Wheel Drive,left,Europe,1984-09,1987-09
DC82,E28,BMW,535 I A,Sedan,M30,,Rear-Wheel Drive,right,Europe,1985-01,1987-11
DC84,E28,BMW,535 I A,Sedan,M30,,Rear-Wheel Drive,left,USA,1984-09,1987-12
DC88,E28,BMW,535 I A,Sedan,M30,,Rear-Wheel Drive,right,Europe,1986-01,1990-08
DC89,E28,BMW,535 I A,Sedan,M30,,Rear-Wheel Drive,left,Europe,1984-10,1987-09
DC51,E28,BMW,535 I K,Sedan,M30,,Rear-Wheel Drive,left,Europe,1985-03,1987-09
DC32,E28,BMW,535 I RL,Sedan,M30,,Rear-Wheel Drive,right,Europe,1985-01,1987-10
DC52,E28,BMW,535 I RL,Sedan,M30,,Rear-Wheel Drive,right,Europe,1985-09,1987-03
DC72,E28,BMW,535 I RL,Sedan,M30,,Rear-Wheel Drive,right,Europe,1984-07,1987-10
DC78,E28,BMW,535 I RL,Sedan,M30,,Rear-Wheel Drive,right,Europe,1985-01,1990-08
DC74,E28,BMW,535 I US,Sedan,M30,,Rear-Wheel Drive,left,USA,1984-09,1987-12
DC12,E28,BMW,535i,Sedan,M30,155,Rear-Wheel Drive,right,Europe,1985-07,1985-07
DC11,E28,BMW,535I LL,Sedan,M30,155,Rear-Wheel Drive,left,Europe,1985-01,1987-11
DC92,E28,BMW,M 5 RL,Sedan,S38,,Rear-Wheel Drive,right,Europe,1986-03,1987-11
DC91,E28,BMW,M5,Sedan,S38,,Rear-Wheel Drive,left,Europe,1984-10,1987-09
DC93,E28,BMW,M5,Sedan,S38,,Rear-Wheel Drive,left,USA,1986-11,1987-11
1351,E30,BMW,316,Sedan,M10,,Rear-Wheel Drive,left,Europe,1983-03,1988-07
1352,E30,BMW,316,Sedan,M10,,Rear-Wheel Drive,right,Europe,1983-06,1988-07
1358,E30,BMW,316,Sedan,M10,,Rear-Wheel Drive,right,South Africa,1985-01,1988-05
1361,E30,BMW,316,Sedan,M10,,Rear-Wheel Drive,left,Europe,1983-06,1988-06
1362,E30,BMW,316,Sedan,M10,,Rear-Wheel Drive,right,Europe,1983-11,1988-07
AC51,E30,BMW,316,Sedan,M10,,Rear-Wheel Drive,left,Europe,,
AC52,E30,BMW,316,Sedan,M10,,Rear-Wheel Drive,right,Europe,,
AC61,E30,BMW,316,Sedan,M10,,Rear-Wheel Drive,left,Europe,,
1015,E30,BMW,316I,Sedan,M10,,Rear-Wheel Drive,left,Europe,1987-09,1988-07
1025,E30,BMW,316I,Sedan,M10,,Rear-Wheel Drive,left,Europe,1987-09,1988-07
1051,E30,BMW,316I,Sedan,M10,66,Rear-Wheel Drive,left,Europe,1982-03,1988-07
1052,E30,BMW,316I,Sedan,M10,,Rear-Wheel Drive,right,Europe,1982-05,1988-07
1058,E30,BMW,316I,Sedan,M10,,Rear-Wheel Drive,right,South Africa,1985-01,1990-01
1061,E30,BMW,316I,Sedan,M10,,Rear-Wheel Drive,left,Europe,1982-05,1988-06
1062,E30,BMW,316I,Sedan,M10,,Rear-Wheel Drive,right,Europe,1982-12,1988-07
1315,E30,BMW,316I,Sedan,M10,,Rear-Wheel Drive,left,Europe,1987-07,1988-06
1325,E30,BMW,316I,Sedan,M10,,Rear-Wheel Drive,left,Europe,1987-07,1988-06
AB11,E30,BMW,316I,Sedan,M40,73,Rear-Wheel Drive,left,Europe,1988-05,1991-04
AB12,E30,BMW,316I,Sedan,M40,73,Rear-Wheel Drive,right,Europe,1988-06,1991-04
AB18,E30,BMW,316I,Sedan,M40,73,Rear-Wheel Drive,right,South Africa,1988-01,1991-11
AB21,E30,BMW,316I,Sedan,M40,73,Rear-Wheel Drive,left,Europe,1988-05,1991-04
AB22,E30,BMW,316I,Sedan,M40,73,Rear-Wheel Drive,right,Europe,1988-09,1990-12
AC11,E30,BMW,316I,Sedan,M40,73,Rear-Wheel Drive,left,Europe,1988-05,1990-12
AC12,E30,BMW,316I,Sedan,M40,73,Rear-Wheel Drive,right,Europe,1988-09,1990-11
AC15,E30,BMW,316i,Sedan,M10,,Rear-Wheel Drive,left,Europe,,
AC18,E30,BMW,316I,Sedan,M40,73,Rear-Wheel Drive,right,South Africa,1988-01,1992-02
AC21,E30,BMW,316I,Sedan,M40,73,Rear-Wheel Drive,left,Europe,1988-05,1990-11
AC22,E30,BMW,316I,Sedan,M40,73,Rear-Wheel Drive,right,Europe,1988-06,1990-11
AC25,E30,BMW,316i,Sedan,M10,,Rear-Wheel Drive,left,Europe,,
AK15,E30,BMW,316i,Sedan,M10,,Rear-Wheel Drive,left,Europe,,
AK25,E30,BMW,316i,Sedan,M10,,Rear-Wheel Drive,left,Europe,,
AK51,E30,BMW,316i,Sedan,M10,66,Rear-Wheel Drive,left,Europe,,
AK52,E30,BMW,316i,Sedan,M10,,Rear-Wheel Drive,right,Europe,,
AK58,E30,BMW,316i,Sedan,M10,,Rear-Wheel Drive,right,South Africa,,
AK61,E30,BMW,316i,Sedan,M10,,Rear-Wheel Drive,left,Europe,,
1011,E30,BMW,318I,Sedan,M10,,Rear-Wheel Drive,left,Europe,1984-10,1987-07
1012,E30,BMW,318I,Sedan,M10,,Rear-Wheel Drive,right,Europe,1985-10,1987-07
1021,E30,BMW,318I,Sedan,M10,,Rear-Wheel Drive,left,Europe,1984-11,1987-07
1022,E30,BMW,318i,Sedan,M10,,Rear-Wheel Drive,right,Europe,1985-09,1986-11
1031,E30,BMW,318I,Sedan,M10,,Rear-Wheel Drive,left,Europe,1983-05,1987-07
1032,E30,BMW,318I,Sedan,M10,,Rear-Wheel Drive,right,Europe,1982-11,1987-07
1038,E30,BMW,318I,Sedan,M10,,Rear-Wheel Drive,right,South Africa,1983-01,1991-12
1041,E30,BMW,318I,Sedan,M10,,Rear-Wheel Drive,left,Europe,1983-06,1987-07
1042,E30,BMW,318I,Sedan,M10,,Rear-Wheel Drive,right,Europe,1982-11,1987-07
1048,E30,BMW,318I,Sedan,M10,,Rear-Wheel Drive,right,South Africa,1983-01,1989-07
1071,E30,BMW,318I,Sedan,M10,,Rear-Wheel Drive,left,Europe,1982-03,1983-12
1072,E30,BMW,318I,Sedan,M10,,Rear-Wheel Drive,right,Europe,1982-11,1983-11
1074,E30,BMW,318I,Sedan,M10,,Rear-Wheel Drive,left,USA,1982-05,1985-08
1081,E30,BMW,318I,Sedan,M10,,Rear-Wheel Drive,left,Europe,1982-03,1983-08
1082,E30,BMW,318I,Sedan,M10,,Rear-Wheel Drive,right,Europe,1982-12,1983-12
1084,E30,BMW,318I,Sedan,M10,,Rear-Wheel Drive,left,USA,1982-05,1985-08
1089,E30,BMW,318I,Sedan,M10,,Rear-Wheel Drive,left,Europe,1983-01,1986-11
1092,E30,BMW,318i,Sedan,M10,,Rear-Wheel Drive,right,Europe,1984-10,1985-11
1094,E30,BMW,318I,Sedan,M10,,Rear-Wheel Drive,right,Europe,1984-11,1987-03
1331,E30,BMW,318I,Sedan,M10,75,Rear-Wheel Drive,left,Europe,1984-10,1987-07
1332,E30,BMW,318i,Sedan,M10,,Rear-Wheel Drive,right,Europe,1985-09,1987-07
1341,E30,BMW,318I,Sedan,M10,,Rear-Wheel Drive,left,Europe,1984-11,1987-07
1342,E30,BMW,318i,Sedan,M10,,Rear-Wheel Drive,right,Europe,1985-10,1987-07
1371,E30,BMW,318I,Sedan,M10,,Rear-Wheel Drive,left,Europe,1983-02,1987-07
1372,E30,BMW,318I,Sedan,M10,,Rear-Wheel Drive,right,Europe,1983-02,1987-07
1374,E30,BMW,318I,Sedan,M10,75,Rear-Wheel Drive,left,USA,1984-07,1985-08
1378,E30,BMW,318I,Sedan,M10,,Rear-Wheel Drive,right,South Africa,1983-01,1994-02
1381,E30,BMW,318I,Sedan,M10,,Rear-Wheel Drive,left,Europe,1983-03,1987-07
1382,E30,BMW,318I,Sedan,M10,,Rear-Wheel Drive,right,Europe,1983-11,1987-07
1384,E30,BMW,318I,Sedan,M10,,Rear-Wheel Drive,right,Europe,1984-07,1985-09
1388,E30,BMW,318I,Sedan,M10,,Rear-Wheel Drive,right,South Africa,1983-01,1989-10
1394,E30,BMW,318I,Sedan,M10,,Rear-Wheel Drive,right,Europe,1984-11,1987-05
AC31,E30,BMW,318i,Sedan,M10,75,Rear-Wheel Drive,left,Europe,,
AC32,E30,BMW,318i,Sedan,M10,,Rear-Wheel Drive,right,Europe,,
AC41,E30,BMW,318i,Sedan,M10,,Rear-Wheel Drive,left,Europe,,
AC42,E30,BMW,318i,Sedan,M10,,Rear-Wheel Drive,right,Europe,,
AC71,E30,BMW,318i,Sedan,M10,,Rear-Wheel Drive,left,Europe,,
AC72,E30,BMW,318i,Sedan,M10,,Rear-Wheel Drive,right,Europe,,
AC74,E30,BMW,318i,Sedan,M10,75,Rear-Wheel Drive,left,USA,,
AC78,E30,BMW,318i,Sedan,M10,,Rear-Wheel Drive,right,South Africa,,
AC81,E30,BMW,318i,Sedan,M10,,Rear-Wheel Drive,left,Europe,,
AC82,E30,BMW,318i,Sedan,M10,,Rear-Wheel Drive,right,Europe,,
AC84,E30,BMW,318i,Sedan,M10,,Rear-Wheel Drive,right,Europe,,
AC88,E30,BMW,318i,Sedan,M10,,Rear-Wheel Drive,right,South Africa,,
AF51,E30,BMW,318I,Sedan,M40,83,Rear-Wheel Drive,left,Europe,1987-04,1991-04
AF52,E30,BMW,318I,Sedan,M40,83,Rear-Wheel Drive,right,Europe,1987-06,1991-04
AF61,E30,BMW,318I,Sedan,M40,83,Rear-Wheel Drive,left,Europe,1987-05,1991-04
AF62,E30,BMW,318I,Sedan,M40,83,Rear-Wheel Drive,right,Europe,1987-10,1991-04
AJ51,E30,BMW,318I,Sedan,M40,83,Rear-Wheel Drive,left,Europe,1987-01,1990-12
AJ52,E30,BMW,318I,Sedan,M40,83,Rear-Wheel Drive,right,Europe,1987-10,1990-12
AJ58,E30,BMW,318I,Sedan,M40,83,Rear-Wheel Drive,right,South Africa,1987-01,1992-02
AJ61,E30,BMW,318I,Sedan,M40,83,Rear-Wheel Drive,left,Europe,1987-05,1990-11
AJ62,E30,BMW,318I,Sedan,M40,83,Rear-Wheel Drive,right,Europe,1987-06,1991-04
AJ68,E30,BMW,318I,Sedan,M40,83,Rear-Wheel Drive,right,South Africa,1987-01,1991-09
AJ93,E30,BMW,318I,Sedan,M42,103,Rear-Wheel Drive,left,USA,1990-03,1991-04
AK11,E30,BMW,318i,Sedan,M10,,Rear-Wheel Drive,left,Europe,,
AK12,E30,BMW,318i,Sedan,M10,,Rear-Wheel Drive,right,Europe,,
AK21,E30,BMW,318i,Sedan,M10,,Rear-Wheel Drive,left,Europe,,
AK22,E30,BMW,318i,Sedan,M10,,Rear-Wheel Drive,right,Europe,,
AK31,E30,BMW,318i,Sedan,M10,,Rear-Wheel Drive,left,Europe,,
AK32,E30,BMW,318i,Sedan,M10,,Rear-Wheel Drive,right,Europe,,
AK38,E30,BMW,318i,Sedan,M10,,Rear-Wheel Drive,right,South Africa,,
AK41,E30,BMW,318i,Sedan,M10,,Rear-Wheel Drive,left,Europe,,
AK42,E30,BMW,318i,Sedan,M10,,Rear-Wheel Drive,right,Europe,,
AK48,E30,BMW,318i,Sedan,M10,,Rear-Wheel Drive,right,South Africa,,
AK71,E30,BMW,318i,Sedan,M10,,Rear-Wheel Drive,left,Europe,,
AK72,E30,BMW,318i,Sedan,M10,,Rear-Wheel Drive,right,Europe,,
AK74,E30,BMW,318i,Sedan,M10,,Rear-Wheel Drive,left,USA,,
AK81,E30,BMW,318i,Sedan,M10,,Rear-Wheel Drive,left,Europe,,
AK84,E30,BMW,318i,Sedan,M10,,Rear-Wheel Drive,left,USA,,
AK89,E30,BMW,318i,Sedan,M10,,Rear-Wheel Drive,left,Europe,,
AK94,E30,BMW,318i,Sedan,M10,,Rear-Wheel Drive,right,Europe,,
AF91,E30,BMW,318IS,Sedan,M42,103,Rear-Wheel Drive,left,Europe,1989-02,1991-04
AF92,E30,BMW,318IS,Sedan,M42,103,Rear-Wheel Drive,right,Europe,1989-11,1991-05
AF93,E30,BMW,318IS,Sedan,M42,103,Rear-Wheel Drive,left,USA,1989-11,1991-04
1131,E30,BMW,320I,Sedan,M20,,Rear-Wheel Drive,left,Europe,1982-03,1990-12
1132,E30,BMW,320I,Sedan,M20,,Rear-Wheel Drive,right,Europe,1982-07,1988-08
1138,E30,BMW,320I,Sedan,M20,,Rear-Wheel Drive,right,South Africa,1983-01,1989-07
1141,E30,BMW,320I,Sedan,M20,,Rear-Wheel Drive,left,Europe,1982-01,1991-01
1142,E30,BMW,320I,Sedan,M20,,Rear-Wheel Drive,right,Europe,1982-05,1988-07
1148,E30,BMW,320I,Sedan,M20,,Rear-Wheel Drive,right,South Africa,1983-01,1989-07
1151,E30,BMW,320i,Sedan,M20,95,Rear-Wheel Drive,left,Europe,1986-10,1991-04
1152,E30,BMW,320I,Sedan,M20,95,Rear-Wheel Drive,right,Europe,1987-06,1990-11
1161,E30,BMW,320I,Sedan,M20,95,Rear-Wheel Drive,left,Europe,1986-10,1991-03
1162,E30,BMW,320I,Sedan,M20,,Rear-Wheel Drive,right,Europe,1987-10,1990-10
1431,E30,BMW,320I,Sedan,M20,,Rear-Wheel Drive,left,Europe,1983-01,1990-11
1432,E30,BMW,320I,Sedan,M20,,Rear-Wheel Drive,right,Europe,1983-06,1988-09
1438,E30,BMW,320I,Sedan,M20,,Rear-Wheel Drive,right,South Africa,1983-01,1992-01
1441,E30,BMW,320I,Sedan,M20,,Rear-Wheel Drive,left,Europe,1983-02,1990-11
1442,E30,BMW,320I,Sedan,M20,,Rear-Wheel Drive,right,Europe,1983-02,1988-08
1448,E30,BMW,320I,Sedan,M20,,Rear-Wheel Drive,right,South Africa,1983-01,1991-10
1451,E30,BMW,320I,Sedan,M20,95,Rear-Wheel Drive,left,Europe,1986-11,1990-11
1452,E30,BMW,320I,Sedan,M20,95,Rear-Wheel Drive,right,Europe,1987-10,1990-11
1461,E30,BMW,320I,Sedan,M20,95,Rear-Wheel Drive,left,Europe,1986-10,1991-01
1462,E30,BMW,320I,Sedan,M20,95,Rear-Wheel Drive,right,Europe,1987-07,1991-02
AA31,E30,BMW,320i,Sedan,M20,,Rear-Wheel Drive,left,Europe,,
AA32,E30,BMW,320i,Sedan,M20,,Rear-Wheel Drive,right,Europe,,
AA38,E30,BMW,320i,Sedan,M20,,Rear-Wheel Drive,right,South Africa,,
AA41,E30,BMW,320i,Sedan,M20,,Rear-Wheel Drive,left,Europe,,
AA42,E30,BMW,320i,Sedan,M20,,Rear-Wheel Drive,right,Europe,,
AA48,E30,BMW,320i,Sedan,M20,,Rear-Wheel Drive,right,South Africa,,
AA51,E30,BMW,320i,Sedan,M20,95,Rear-Wheel Drive,left,Europe,,
AA52,E30,BMW,320i,Sedan,M20,95,Rear-Wheel Drive,right,Europe,,
AA61,E30,BMW,320i,Sedan,M20,95,Rear-Wheel Drive,left,Europe,,
AA62,E30,BMW,320i,Sedan,M20,,Rear-Wheel Drive,right,Europe,,
AD31,E30,BMW,320i,Sedan,M20,,Rear-Wheel Drive,left,Europe,,
AD32,E30,BMW,320i,Sedan,M20,,Rear-Wheel Drive,right,Europe,,
AD38,E30,BMW,320i,Sedan,M20,,Rear-Wheel Drive,right,South Africa,,
AD41,E30,BMW,320i,Sedan,M20,,Rear-Wheel Drive,left,Europe,,
AD42,E30,BMW,320i,Sedan,M20,,Rear-Wheel Drive,right,Europe,,
AD48,E30,BMW,320i,Sedan,M20,,Rear-Wheel Drive,right,South Africa,,
AD51,E30,BMW,320i,Sedan,M20,95,Rear-Wheel Drive,left,Europe,,
AD52,E30,BMW,320i,Sedan,M20,95,Rear-Wheel Drive,right,Europe,,
AD61,E30,BMW,320i,Sedan,M20,95,Rear-Wheel Drive,left,Europe,,
AD62,E30,BMW,320i,Sedan,M20,95,Rear-Wheel Drive,right,Europe,,
AC95,E30,BMW,320IS,Sedan,S14,110,Rear-Wheel Drive,left,Europe,1987-09,1990-07
AK95,E30,BMW,320IS,Sedan,S14,141,Rear-Wheel Drive,left,Europe,1987-11,1990-11
1171,E30,BMW,323I,Sedan,M20,,Rear-Wheel Drive,left,Europe,1981-12,1986-09
1172,E30,BMW,323I,Sedan,M20,,Rear-Wheel Drive,right,Europe,1982-06,1986-05
1178,E30,BMW,323i,Sedan,M20,,Rear-Wheel Drive,right,South Africa,1983-01,1986-05
1181,E30,BMW,323I,Sedan,M20,,Rear-Wheel Drive,left,Europe,1982-03,1986-07
1182,E30,BMW,323I,Sedan,M20,,Rear-Wheel Drive,right,Europe,1982-07,1986-04
1188,E30,BMW,323i,Sedan,M20,,Rear-Wheel Drive,right,South Africa,1983-01,1986-04
1471,E30,BMW,323I,Sedan,M20,,Rear-Wheel Drive,left,Europe,1983-01,1986-09
1472,E30,BMW,323I,Sedan,M20,,Rear-Wheel Drive,right,Europe,1983-02,1986-03
1478,E30,BMW,323I,Sedan,M20,,Rear-Wheel Drive,right,South Africa,1983-01,1986-04
1481,E30,BMW,323I,Sedan,M20,,Rear-Wheel Drive,left,Europe,1983-03,1986-07
1482,E30,BMW,323I,Sedan,M20,,Rear-Wheel Drive,right,Europe,1983-06,1986-05
1488,E30,BMW,323I,Sedan,M20,,Rear-Wheel Drive,right,South Africa,1983-01,1986-02
AA71,E30,BMW,323i,Sedan,M20,,Rear-Wheel Drive,left,Europe,,
AA72,E30,BMW,323i,Sedan,M20,,Rear-Wheel Drive,right,Europe,,
AA78,E30,BMW,323i,Sedan,M20,,Rear-Wheel Drive,right,South Africa,,
AA81,E30,BMW,323i,Sedan,M20,,Rear-Wheel Drive,left,Europe,,
AA82,E30,BMW,323i,Sedan,M20,,Rear-Wheel Drive,right,Europe,,
AA88,E30,BMW,323i,Sedan,M20,,Rear-Wheel Drive,right,South Africa,,
AD71,E30,BMW,323i,Sedan,M20,,Rear-Wheel Drive,left,Europe,,
AD72,E30,BMW,323i,Sedan,M20,,Rear-Wheel Drive,right,Europe,,
AD81,E30,BMW,323i,Sedan,M20,,Rear-Wheel Drive,left,Europe,,
AD82,E30,BMW,323i,Sedan,M20,,Rear-Wheel Drive,right,Europe,,
1511,E30,BMW,324D,Sedan,M21,,Rear-Wheel Drive,left,Europe,1985-04,1990-12
1521,E30,BMW,324D,Sedan,M21,,Rear-Wheel Drive,left,Europe,1985-04,1990-11
AE11,E30,BMW,324d,Sedan,M21,,Rear-Wheel Drive,left,Europe,,
AE21,E30,BMW,324d,Sedan,M21,,Rear-Wheel Drive,left,Europe,,
AD01,E30,BMW,324TD,Sedan,M21,85,Rear-Wheel Drive,left,Europe,1987-05,1990-11
AD91,E30,BMW,324TD,Sedan,M21,85,Rear-Wheel Drive,left,Europe,1987-02,1990-12
1251,E30,BMW,325E,Sedan,M20,,Rear-Wheel Drive,left,Europe,1985-01,1987-09
1252,E30,BMW,325E,Sedan,M20,,Rear-Wheel Drive,right,Europe,1985-07,1987-06
1254,E30,BMW,325E,Sedan,M20,125,Rear-Wheel Drive,left,USA,1983-09,1988-06
1551,E30,BMW,325E,Sedan,M20,,Rear-Wheel Drive,left,Europe,1985-01,1987-08
1552,E30,BMW,325E,Sedan,M20,,Rear-Wheel Drive,right,Europe,1985-09,1987-07
1554,E30,BMW,325E,Sedan,M20,,Rear-Wheel Drive,left,USA,1984-08,1988-07
1561,E30,BMW,325E,Sedan,M20,90,Rear-Wheel Drive,left,Europe,1985-01,1987-08
1562,E30,BMW,325E,Sedan,M20,,Rear-Wheel Drive,right,Europe,1985-07,1987-06
1564,E30,BMW,325E,Sedan,M20,,Rear-Wheel Drive,left,USA,1984-08,1988-06
AB51,E30,BMW,325e,Sedan,M20,,Rear-Wheel Drive,left,Europe,,
AB52,E30,BMW,325e,Sedan,M20,,Rear-Wheel Drive,right,Europe,,
AB54,E30,BMW,325e,Sedan,M20,125,Rear-Wheel Drive,left,USA,,
AE51,E30,BMW,325e,Sedan,M20,,Rear-Wheel Drive,left,Europe,,
AE52,E30,BMW,325e,Sedan,M20,,Rear-Wheel Drive,right,Europe,,
AE54,E30,BMW,325e,Sedan,M20,,Rear-Wheel Drive,left,USA,,
AE61,E30,BMW,325e,Sedan,M20,90,Rear-Wheel Drive,left,Europe,,
AE62,E30,BMW,325e,Sedan,M20,,Rear-Wheel Drive,right,Europe,,
AE64,E30,BMW,325e,Sedan,M20,,Rear-Wheel Drive,left,USA,,
1111,E30,BMW,325I,Sedan,M20,125,Rear-Wheel Drive,left,Europe,1986-10,1991-03
1112,E30,BMW,325I,Sedan,M20,125,Rear-Wheel Drive,right,Europe,1987-07,1990-12
1113,E30,BMW,325I,Sedan,M20,125,Rear-Wheel Drive,left,USA,1986-11,1991-04
1121,E30,BMW,325I,Sedan,M20,125,Rear-Wheel Drive,left,Europe,1986-10,1991-03
1122,E30,BMW,325I,Sedan,M20,125,Rear-Wheel Drive,right,Europe,1987-10,1990-12
1123,E30,BMW,325I,Sedan,M20,125,Rear-Wheel Drive,left,USA,1986-12,1991-04
1231,E30,BMW,325I,Sedan,M20,,Rear-Wheel Drive,left,Europe,1985-03,1989-09
1232,E30,BMW,325I,Sedan,M20,,Rear-Wheel Drive,right,Europe,1985-07,1988-08
1238,E30,BMW,325I,Sedan,M20,,Rear-Wheel Drive,right,South Africa,1985-01,1992-02
1241,E30,BMW,325I,Sedan,M20,,Rear-Wheel Drive,left,Europe,1985-03,1989-09
1242,E30,BMW,325I,Sedan,M20,,Rear-Wheel Drive,right,Europe,1985-09,1988-08
1248,E30,BMW,325I,Sedan,M20,,Rear-Wheel Drive,right,South Africa,1985-01,1991-12
1261,E30,BMW,325I,Sedan,M20,,Rear-Wheel Drive,left,Europe,1985-01,1987-09
1262,E30,BMW,325I,Sedan,M20,,Rear-Wheel Drive,right,Europe,1985-09,1987-02
1264,E30,BMW,325I,Sedan,M20,,Rear-Wheel Drive,left,USA,1983-07,1988-06
1411,E30,BMW,325I,Sedan,M20,125,Rear-Wheel Drive,right,Europe,1986-11,1990-11
1412,E30,BMW,325I,Sedan,M20,125,Rear-Wheel Drive,right,Europe,1987-09,1990-11
1413,E30,BMW,325I,Sedan,M20,,Rear-Wheel Drive,left,USA,1986-11,1991-01
1421,E30,BMW,325I,Sedan,M20,125,Rear-Wheel Drive,left,Europe,1986-11,1991-01
1422,E30,BMW,325I,Sedan,M20,,Rear-Wheel Drive,right,Europe,1987-06,1990-11
1423,E30,BMW,325i,Sedan,M20,,Rear-Wheel Drive,left,USA,1986-11,1991-01
1531,E30,BMW,325I,Sedan,M20,,Rear-Wheel Drive,left,Europe,1985-03,1989-09
1532,E30,BMW,325I,Sedan,M20,,Rear-Wheel Drive,right,Europe,1985-07,1988-08
1538,E30,BMW,325I,Sedan,M20,,Rear-Wheel Drive,right,South Africa,1985-01,1992-02
1541,E30,BMW,325I,Sedan,M20,,Rear-Wheel Drive,left,Europe,1985-06,1989-07
1542,E30,BMW,325I,Sedan,M20,,Rear-Wheel Drive,right,Europe,1985-07,1988-08
1548,E30,BMW,325I,Sedan,M20,,Rear-Wheel Drive,right,South Africa,1985-01,1991-12
1569,E30,BMW,325I,Sedan,M20,,Rear-Wheel Drive,left,Europe,1983-12,1986-09
AA11,E30,BMW,325i,Sedan,M20,125,Rear-Wheel Drive,left,Europe,,
AA12,E30,BMW,325i,Sedan,M20,125,Rear-Wheel Drive,right,Europe,,
AA13,E30,BMW,325i,Sedan,M20,125,Rear-Wheel Drive,left,USA,,
AA21,E30,BMW,325i,Sedan,M20,125,Rear-Wheel Drive,left,Europe,,
AA22,E30,BMW,325i,Sedan,M20,125,Rear-Wheel Drive,right,Europe,,
AA23,E30,BMW,325i,Sedan,M20,125,Rear-Wheel Drive,left,USA,,
AB31,E30,BMW,325i,Sedan,M20,,Rear-Wheel Drive,left,Europe,,
AB32,E30,BMW,325i,Sedan,M20,,Rear-Wheel Drive,right,Europe,,
AB38,E30,BMW,325i,Sedan,M20,,Rear-Wheel Drive,right,South Africa,,
AB41,E30,BMW,325i,Sedan,M20,,Rear-Wheel Drive,left,Europe,,
AB42,E30,BMW,325i,Sedan,M20,,Rear-Wheel Drive,right,Europe,,
AB48,E30,BMW,325i,Sedan,M20,,Rear-Wheel Drive,right,South Africa,,
AB61,E30,BMW,325i,Sedan,M20,,Rear-Wheel Drive,left,Europe,,
AB62,E30,BMW,325i,Sedan,M20,,Rear-Wheel Drive,right,Europe,,
AB64,E30,BMW,325i,Sedan,M20,,Rear-Wheel Drive,left,USA,,
AD11,E30,BMW,325i,Sedan,M20,125,Rear-Wheel Drive,right,Europe,,
AD12,E30,BMW,325i,Sedan,M20,125,Rear-Wheel Drive,right,Europe,,
AD13,E30,BMW,325i,Sedan,M20,,Rear-Wheel Drive,left,USA,,
AD21,E30,BMW,325i,Sedan,M20,125,Rear-Wheel Drive,left,Europe,,
AD22,E30,BMW,325i,Sedan,M20,,Rear-Wheel Drive,right,Europe,,
AD23,E30,BMW,325i,Sedan,M20,,Rear-Wheel Drive,left,USA,,
AE31,E30,BMW,325i,Sedan,M20,,Rear-Wheel Drive,left,Europe,,
AE32,E30,BMW,325i,Sedan,M20,,Rear-Wheel Drive,right,Europe,,
AE41,E30,BMW,325i,Sedan,M20,,Rear-Wheel Drive,left,Europe,,
AE42,E30,BMW,325i,Sedan,M20,,Rear-Wheel Drive,right,Europe,,
AE48,E30,BMW,325i,Sedan,M20,,Rear-Wheel Drive,right,South Africa,,
AE69,E30,BMW,325i,Sedan,M20,,Rear-Wheel Drive,left,Europe,,
1201,E30,BMW,325IX,Sedan,M20,125,All Wheel-Drive,left,Europe,1986-12,1991-01
1203,E30,BMW,325IX,Sedan,M20,,All Wheel-Drive,left,USA,1987-07,1991-01
1271,E30,BMW,325IX,Sedan,M20,126,All Wheel-Drive,left,Europe,1985-02,1989-09
1281,E30,BMW,325IX,Sedan,M20,,All Wheel-Drive,left,Europe,1986-07,1989-08
1291,E30,BMW,325IX,Sedan,M20,125,All Wheel-Drive,left,Europe,1986-10,1991-02
1293,E30,BMW,325IX,Sedan,M20,,All Wheel-Drive,left,USA,1987-07,1991-01
1593,E30,BMW,325IX,Sedan,M20,125,All Wheel-Drive,left,USA,1987-07,1991-01
AB01,E30,BMW,325ix,Sedan,M20,125,All Wheel-Drive,left,Europe,,
AB03,E30,BMW,325ix,Sedan,M20,,All Wheel-Drive,left,USA,,
AB71,E30,BMW,325ix,Sedan,M20,126,All Wheel-Drive,left,Europe,,
AB91,E30,BMW,325ix,Sedan,M20,125,All Wheel-Drive,left,Europe,,
AB93,E30,BMW,325ix,Sedan,M20,,All Wheel-Drive,left,USA,,
AE93,E30,BMW,325ix,Sedan,M20,125,All Wheel-Drive,left,USA,,
1001,E30,BMW,M3,Sedan,S14,162,Rear-Wheel Drive,left,Europe,1985-07,1989-07
1003,E30,BMW,M3,Sedan,S14,162,Rear-Wheel Drive,left,USA,1986-12,1990-12
1005,E30,BMW,M3,Sedan,S14,158,Rear-Wheel Drive,left,Europe,1986-02,1990-12
1007,E30,BMW,M3,Sedan,S14,175,Rear-Wheel Drive,left,Europe,1989-12,1990-02
AK01,E30,BMW,M3,Sedan,S14,162,Rear-Wheel Drive,left,Europe,,
AK03,E30,BMW,M3,Sedan,S14,162,Rear-Wheel Drive,left,USA,,
AK05,E30,BMW,M3,Sedan,S14,158,Rear-Wheel Drive,left,Europe,,
AK07,E30,BMW,M3,Sedan,S14,175,Rear-Wheel Drive,left,Europe,,
AJ11,E30 (5),BMW,316I,Touring,M40,73,Rear-Wheel Drive,left,Europe,1991-06,1994-02
AJ12,E30 (5),BMW,316I,Touring,M40,73,Rear-Wheel Drive,right,Europe,1991-07,1994-02
AJ21,E30 (5),BMW,316I,Touring,M40,73,Rear-Wheel Drive,left,Europe,1991-06,1994-02
AJ22,E30 (5),BMW,316i,Touring,M40,73,Rear-Wheel Drive,right,Europe,1991-07,1994-02
AG71,E30 (5),BMW,318I,Touring,M40,83,Rear-Wheel Drive,left,Europe,1989-02,1994-02
AG72,E30 (5),BMW,318I,Touring,M40,83,Rear-Wheel Drive,right,Europe,1989-03,1994-02
AG81,E30 (5),BMW,318I,Touring,M40,83,Rear-Wheel Drive,left,Europe,1989-02,1994-02
AG82,E30 (5),BMW,318I,Touring,M40,83,Rear-Wheel Drive,right,Europe,1989-04,1994-02
AH71,E30 (5),BMW,320,Touring,M20,110,Rear-Wheel Drive,left,Europe,1988-01,1990-12
AH51,E30 (5),BMW,320I,Touring,M20,110,Rear-Wheel Drive,left,Europe,1988-01,1991-04
AH52,E30 (5),BMW,320I,Touring,M20,110,Rear-Wheel Drive,right,Europe,1988-06,1991-04
AH61,E30 (5),BMW,320I,Touring,M20,110,Rear-Wheel Drive,left,Europe,1988-01,1991-04
AH62,E30 (5),BMW,320I,Touring,M20,110,Rear-Wheel Drive,right,Europe,1988-08,1991-04
AH81,E30 (5),BMW,320i,Touring,M20,110,Rear-Wheel Drive,left,Europe,1988-09,1990-06
AH01,E30 (5),BMW,324TD,Touring,M21,85,Rear-Wheel Drive,left,Europe,1988-01,1991-04
AH91,E30 (5),BMW,324TD,Touring,M21,85,Rear-Wheel Drive,left,Europe,1988-01,1993-05
AG51,E30 (5),BMW,325I,Touring,M20,141,Rear-Wheel Drive,left,Europe,1987-07,1993-04
AG52,E30 (5),BMW,325I,Touring,M20,141,Rear-Wheel Drive,right,Europe,1988-01,1993-04
AG61,E30 (5),BMW,325I,Touring,M20,141,Rear-Wheel Drive,left,Europe,1987-11,1993-04
AG62,E30 (5),BMW,325I,Touring,M20,141,Rear-Wheel Drive,right,Europe,1988-01,1993-04
AG05,E30 (5),BMW,325ix,Touring,M20,141,All Wheel-Drive,left,Europe,1988-03,1992-12
AG95,E30 (5),BMW,325IX,Touring,M20,141,All Wheel-Drive,left,Europe,1988-01,1992-12
1501,E30 (16),BMW,325IX,Sedan,M20,125,All Wheel-Drive,left,Europe,1986-10,1990-12
1503,E30 (16),BMW,325IX,Sedan,M20,125,All Wheel-Drive,left,USA,1987-07,1991-01
1571,E30 (16),BMW,325IX,Sedan,M20,126,All Wheel-Drive,left,Europe,1985-11,1989-09
1581,E30 (16),BMW,325IX,Sedan,M20,,All Wheel-Drive,left,Europe,1986-07,1989-07
1591,E30 (16),BMW,325IX,Sedan,M20,125,All Wheel-Drive,left,Europe,1986-11,1990-12
AE01,E30 (16),BMW,325ix,Sedan,M20,125,All Wheel-Drive,left,Europe,,
AE03,E30 (16),BMW,325ix,Sedan,M20,125,All Wheel-Drive,left,USA,,
AE71,E30 (16),BMW,325ix,Sedan,M20,126,All Wheel-Drive,left,Europe,,
AE81,E30 (16),BMW,325ix,Sedan,M20,,All Wheel-Drive,left,Europe,,
AE91,E30 (16),BMW,325ix,Sedan,M20,125,All Wheel-Drive,left,Europe,,
BA91,E30 (Z),BMW,Z1,Roadster,M20,125,Rear-Wheel Drive,left,Europe,1988-07,1991-06
EF51,E31,BMW,840I,Coupe,M60/2,210,Rear-Wheel Drive,left,Europe,1993-07,1996-02
EF52,E31,BMW,840i,Coupe,M60/2,210,Rear-Wheel Drive,right,Europe,1993-12,1996-02
EF61,E31,BMW,840I,Coupe,M60/2,210,Rear-Wheel Drive,left,Europe,1992-12,1996-02
EF62,E31,BMW,840I,Coupe,M60/2,210,Rear-Wheel Drive,right,Europe,1993-07,1996-02
EF63,E31,BMW,840I,Coupe,M60/2,210,Rear-Wheel Drive,left,USA,1993-09,1995-11
EF71,E31,BMW,840I,Coupe,M62,210,Rear-Wheel Drive,left,Europe,1995-02,1999-05
EF72,E31,BMW,840i,Coupe,M62,210,Rear-Wheel Drive,right,Europe,1996-03,1996-03
EF81,E31,BMW,840I,Coupe,M62,210,Rear-Wheel Drive,left,Europe,1994-12,1999-05
EF82,E31,BMW,840I,Coupe,M62,210,Rear-Wheel Drive,right,Europe,1995-09,1999-05
EF83,E31,BMW,840I,Coupe,M62,210,Rear-Wheel Drive,left,USA,1995-05,1997-08
EG11,E31,BMW,850Ci,Coupe,M70B50,220,Rear-Wheel Drive,left,Europe,1989-08,1994-09
EG12,E31,BMW,850Ci,Coupe,M70B50,220,Rear-Wheel Drive,right,Europe,1990-02,1994-04
EG13,E31,BMW,850Ci,Coupe,M70B50,220,Rear-Wheel Drive,left,USA,1989-11,1994-03
EG18,E31,BMW,850Ci,Coupe,M70B50,220,Rear-Wheel Drive,right,South Africa,1990-12,1992-03
EG21,E31,BMW,850Ci,Coupe,M70B50,220,Rear-Wheel Drive,left,Europe,1989-07,1994-10
EG22,E31,BMW,850Ci,Coupe,M70B50,220,Rear-Wheel Drive,right,Europe,1989-11,1994-08
EG23,E31,BMW,850Ci,Coupe,M70B50,220,Rear-Wheel Drive,left,USA,1989-11,1994-06
EG28,E31,BMW,850Ci,Coupe,M70B50,220,Rear-Wheel Drive,right,South Africa,1991-01,1993-10
EG41,E31,BMW,850Ci,Coupe,M73B54,240,Rear-Wheel Drive,left,Europe,1994-01,1999-05
EG43,E31,BMW,850Ci,Coupe,M73B54,240,Rear-Wheel Drive,left,USA,1994-10,1997-07
EG91,E31,BMW,850CSI,Coupe,S70,280,Rear-Wheel Drive,left,Europe,1992-02,1996-10
EG92,E31,BMW,850CSI,Coupe,S70,280,Rear-Wheel Drive,right,Europe,1992-12,1996-06
EG93,E31,BMW,850CSI,Coupe,S70,277,Rear-Wheel Drive,left,USA,1993-06,1995-06
GA72,E32,BMW,730,Sedan,M30,138,Rear-Wheel Drive,right,Europe,1988-09,1990-12
GA31,E32,BMW,730I,Sedan,M30,,Rear-Wheel Drive,left,Europe,1986-07,1988-12
GA32,E32,BMW,730i,Sedan,M30,,Rear-Wheel Drive,right,Europe,1986-11,1988-07
GA41,E32,BMW,730I,Sedan,M30,,Rear-Wheel Drive,left,Europe,1986-07,1988-12
GA42,E32,BMW,730I,Sedan,M30,,Rear-Wheel Drive,right,Europe,1986-10,1988-07
GA48,E32,BMW,730i,Sedan,M30,138,Rear-Wheel Drive,right,South Africa,1987-01,1992-11
GA71,E32,BMW,730I,Sedan,M30,138,Rear-Wheel Drive,left,Europe,1987-01,1994-03
GA81,E32,BMW,730I,Sedan,M30,138,Rear-Wheel Drive,left,Europe,1987-01,1994-03
GA82,E32,BMW,730I,Sedan,M30,138,Rear-Wheel Drive,right,Europe,1988-08,1994-02
GD11,E32,BMW,730I,Sedan,M60/1,160,Rear-Wheel Drive,left,Europe,1991-03,1994-03
GD21,E32,BMW,730I,Sedan,M60/1,160,Rear-Wheel Drive,left,Europe,1991-06,1994-04
GD22,E32,BMW,730I,Sedan,M60/1,160,Rear-Wheel Drive,right,Europe,1992-01,1994-03
GB31,E32,BMW,735I,Sedan,M30,155,Rear-Wheel Drive,left,Europe,1986-03,1992-06
GB32,E32,BMW,735i,Sedan,M30,155,Rear-Wheel Drive,right,Europe,1988-09,1990-12
GB33,E32,BMW,735I,Sedan,M30,155,Rear-Wheel Drive,left,USA,1986-08,1990-08
GB41,E32,BMW,735I,Sedan,M30,155,Rear-Wheel Drive,left,Europe,1986-02,1992-07
GB42,E32,BMW,735I,Sedan,M30,155,Rear-Wheel Drive,right,Europe,1986-10,1992-05
GB43,E32,BMW,735I,Sedan,M30,155,Rear-Wheel Drive,left,USA,1986-08,1992-06
GB51,E32,BMW,735I,Sedan,M30,,Rear-Wheel Drive,left,Europe,1985-10,1988-12
GB52,E32,BMW,735i,Sedan,M30,,Rear-Wheel Drive,right,Europe,1986-08,1988-07
GB61,E32,BMW,735I,Sedan,M30,162,Rear-Wheel Drive,left,Europe,1985-10,1988-11
GB62,E32,BMW,735I,Sedan,M30,162,Rear-Wheel Drive,right,Europe,1986-07,1988-08
GB68,E32,BMW,735I,Sedan,M30,155,Rear-Wheel Drive,right,South Africa,1987-01,1992-10
GC51,E32,BMW,735I,Sedan,M30,,Rear-Wheel Drive,left,Europe,1987-07,1988-11
GC62,E32,BMW,735I,Sedan,M30,,Rear-Wheel Drive,right,Europe,1987-09,1988-07
GC61,E32,BMW,735IL,Sedan,M30,,Rear-Wheel Drive,left,Europe,1987-08,1988-11
GD41,E32,BMW,740I,Sedan,M60/2,210,Rear-Wheel Drive,left,Europe,1991-09,1994-03
GD42,E32,BMW,740I,Sedan,M60/2,210,Rear-Wheel Drive,right,Europe,1992-02,1994-03
GD43,E32,BMW,740I,Sedan,M60/2,210,Rear-Wheel Drive,left,USA,1992-06,1994-04
GD48,E32,BMW,740I,Sedan,M60/2,210,Rear-Wheel Drive,right,South Africa,1992-01,1994-08
GB81,E32,BMW,750i,Sedan,M70B50,220,Rear-Wheel Drive,left,Europe,1987-07,1994-03
GB82,E32,BMW,750i,Sedan,M70B50,220,Rear-Wheel Drive,right,Europe,1987-11,1994-02
GC11,E32 (2),BMW,730i,Sedan,M30,138,Rear-Wheel Drive,left,Europe,1987-12,1992-02
GC21,E32 (2),BMW,730IL,Sedan,M30,138,Rear-Wheel Drive,left,Europe,1988-04,1994-03
GC22,E32 (2),BMW,730IL,Sedan,M30,138,Rear-Wheel Drive,right,Europe,1988-07,1992-06
GD61,E32 (2),BMW,730IL,Sedan,M60/1,160,Rear-Wheel Drive,left,Europe,1992-06,1994-03
GD62,E32 (2),BMW,730IL,Sedan,M60/1,160,Rear-Wheel Drive,right,Europe,1992-06,1994-03
GC31,E32 (2),BMW,735IL,Sedan,M30,155,Rear-Wheel Drive,left,Europe,1987-06,1992-02
GC41,E32 (2),BMW,735IL,Sedan,M30,155,Rear-Wheel Drive,left,Europe,1987-06,1992-07
GC42,E32 (2),BMW,735IL,Sedan,M30,155,Rear-Wheel Drive,right,Europe,1988-09,1992-07
GC43,E32 (2),BMW,735IL,Sedan,M30,155,Rear-Wheel Drive,left,USA,1988-01,1992-07
GD81,E32 (2),BMW,740IL,Sedan,M60/2,210,Rear-Wheel Drive,left,Europe,1991-10,1994-03
GD82,E32 (2),BMW,740IL,Sedan,M60/2,210,Rear-Wheel Drive,right,Europe,1992-03,1994-03
GD83,E32 (2),BMW,740IL,Sedan,M60/2,210,Rear-Wheel Drive,left,USA,1992-06,1994-03
GC81,E32 (2),BMW,750iL,Sedan,M70B50,220,Rear-Wheel Drive,left,Europe,1986-11,1994-03
GC82,E32 (2),BMW,750iL,Sedan,M70B50,220,Rear-Wheel Drive,right,Europe,1987-07,1994-03
GC83,E32 (2),BMW,750iL,Sedan,M70B50,220,Rear-Wheel Drive,left,USA,1987-06,1994-03
GC88,E32 (2),BMW,750iL,Sedan,M70B50,220,Rear-Wheel Drive,right,South Africa,1988-01,1993-11
GC85,E32 (3),BMW,750iL,Sedan,M70B50,220,Rear-Wheel Drive,left,Europe,1988-09,1994-03
HA11,E34,BMW,518I,Sedan,M40,83,Rear-Wheel Drive,left,Europe,1989-04,1994-05
HA12,E34,BMW,518I,Sedan,M40,83,Rear-Wheel Drive,right,Europe,1989-05,1994-04
HA21,E34,BMW,518I,Sedan,M40,83,Rear-Wheel Drive,left,Europe,1993-01,1994-04
HA22,E34,BMW,518I,Sedan,M40,83,Rear-Wheel Drive,right,Europe,1993-03,1993-12
HA31,E34,BMW,518I,Sedan,M43,85,Rear-Wheel Drive,left,Europe,1990-03,1995-12
HA32,E34,BMW,518I,Sedan,M43,85,Rear-Wheel Drive,right,Europe,1994-04,1995-12
HA41,E34,BMW,518I,Sedan,M43,85,Rear-Wheel Drive,left,Europe,1994-03,1995-10
HB11,E34,BMW,520I,Sedan,M20,95,Rear-Wheel Drive,left,Europe,1987-06,1990-08
HB12,E34,BMW,520I,Sedan,M20,95,Rear-Wheel Drive,right,Europe,1988-03,1990-09
HB14,E34,BMW,520i,Sedan,M20,,Rear-Wheel Drive,right,Malaysia,,
HB21,E34,BMW,520I,Sedan,M20,95,Rear-Wheel Drive,left,Europe,1987-06,1990-08
HB22,E34,BMW,520I,Sedan,M20,95,Rear-Wheel Drive,right,Europe,1988-03,1990-09
HB31,E34,BMW,520I,Sedan,M20,95,Rear-Wheel Drive,left,Europe,1987-11,1990-04
HB41,E34,BMW,520I,Sedan,M20,110,Rear-Wheel Drive,left,Europe,1988-02,1990-04
HB51,E34,BMW,520I,Sedan,M50,110,Rear-Wheel Drive,left,Europe,1989-03,1995-12
HB52,E34,BMW,520I,Sedan,M50,110,Rear-Wheel Drive,right,Europe,1989-10,1995-12
HB57,E34,BMW,520i,Sedan,M50,110,Rear-Wheel Drive,right,Indonesia,,
HB58,E34,BMW,520I,Sedan,M50,110,Rear-Wheel Drive,right,South Africa,1990-01,1993-11
HB61,E34,BMW,520I,Sedan,M50,110,Rear-Wheel Drive,left,Europe,1989-03,1995-12
HB62,E34,BMW,520I,Sedan,M50,110,Rear-Wheel Drive,right,Europe,1990-02,1995-12
HB64,E34,BMW,520i,Sedan,M50,110,Rear-Wheel Drive,right,Malaysia,,
HB68,E34,BMW,520I,Sedan,M50,110,Rear-Wheel Drive,right,South Africa,1990-01,1993-10
HA51,E34,BMW,524TD,Sedan,M21,85,Rear-Wheel Drive,left,Europe,1987-07,1991-08
HA61,E34,BMW,524TD,Sedan,M21,85,Rear-Wheel Drive,left,Europe,1987-07,1991-08
HC11,E34,BMW,525I,Sedan,M20,125,Rear-Wheel Drive,left,Europe,1987-06,1990-07
HC12,E34,BMW,525I,Sedan,M20,125,Rear-Wheel Drive,right,Europe,1987-12,1990-08
HC13,E34,BMW,525I,Sedan,M20,125,Rear-Wheel Drive,left,USA,1988-01,1990-08
HC18,E34,BMW,525I,Sedan,M20,,Rear-Wheel Drive,right,South Africa,1988-01,1990-10
HC21,E34,BMW,525I,Sedan,M20,125,Rear-Wheel Drive,left,Europe,1987-06,1990-09
HC22,E34,BMW,525I,Sedan,M20,125,Rear-Wheel Drive,right,Europe,1988-02,1990-08
HC23,E34,BMW,525I,Sedan,M20,125,Rear-Wheel Drive,left,USA,1988-03,1990-08
HC24,E34,BMW,525i,Sedan,M20,,Rear-Wheel Drive,right,Malaysia,,
HC28,E34,BMW,525I,Sedan,M20,,Rear-Wheel Drive,right,South Africa,1988-01,1990-10
HD51,E34,BMW,525I,Sedan,M50,141,Rear-Wheel Drive,left,Europe,1989-01,1995-12
HD52,E34,BMW,525I,Sedan,M50,141,Rear-Wheel Drive,right,Europe,1989-11,1995-12
HD53,E34,BMW,525I,Sedan,M50,141,Rear-Wheel Drive,left,USA,1990-06,1995-12
HD58,E34,BMW,525I,Sedan,M50,141,Rear-Wheel Drive,right,South Africa,1990-01,1996-01
HD61,E34,BMW,525I,Sedan,M50,141,Rear-Wheel Drive,left,Europe,1989-05,1995-12
HD62,E34,BMW,525I,Sedan,M50,141,Rear-Wheel Drive,right,Europe,1989-10,1995-12
HD63,E34,BMW,525I,Sedan,M50,141,Rear-Wheel Drive,left,USA,1990-06,1995-12
HD65,E34,BMW,525I,Sedan,M50,141,Rear-Wheel Drive,right,Thailand,1990-05,1996-12
HD68,E34,BMW,525I,Sedan,M50,141,Rear-Wheel Drive,right,South Africa,1990-01,1996-01
HD72,E34,BMW,525i,Sedan,M50,141,All Wheel-Drive,right,Europe,1991-12,1995-12
HD82,E34,BMW,525i,Sedan,M50,141,All Wheel-Drive,right,Europe,1992-01,1995-12
HD71,E34,BMW,525IX,Sedan,M50,141,All Wheel-Drive,left,Europe,1991-05,1995-11
HD81,E34,BMW,525IX,Sedan,M50,141,All Wheel-Drive,left,Europe,1991-04,1995-10
HA71,E34,BMW,525td,Sedan,M51D25 UL,85,Rear-Wheel Drive,left,Europe,1992-12,1995-11
HA72,E34,BMW,525td,Sedan,M51D25 UL,85,Rear-Wheel Drive,right,Europe,1993-05,1995-11
HA81,E34,BMW,525td,Sedan,M51D25 UL,85,Rear-Wheel Drive,left,Europe,1993-01,1995-11
HA82,E34,BMW,525td,Sedan,M51D25 UL,85,Rear-Wheel Drive,right,Europe,1993-05,1995-11
HA01,E34,BMW,525tds,Sedan,M51D25 OL,105,Rear-Wheel Drive,left,Europe,1990-02,1995-12
HA02,E34,BMW,525tds,Sedan,M51D25 OL,105,Rear-Wheel Drive,right,Europe,1993-06,1995-12
HA91,E34,BMW,525tds,Sedan,M51D25 OL,105,Rear-Wheel Drive,left,Europe,1990-02,1995-11
HA92,E34,BMW,525tds,Sedan,M51D25 OL,105,Rear-Wheel Drive,right,Europe,1993-05,1995-12
HC51,E34,BMW,530I,Sedan,M30,,Rear-Wheel Drive,left,Europe,1987-06,1990-04
HC52,E34,BMW,530I,Sedan,M30,,Rear-Wheel Drive,right,Europe,1988-03,1990-07
HC61,E34,BMW,530I,Sedan,M30,138,Rear-Wheel Drive,left,Europe,1987-06,1990-05
HC62,E34,BMW,530I,Sedan,M30,,Rear-Wheel Drive,right,Europe,1988-03,1990-07
HE11,E34,BMW,530I,Sedan,M60/1,160,Rear-Wheel Drive,left,Europe,1992-03,1995-10
HE12,E34,BMW,530i,Sedan,M60/1,160,Rear-Wheel Drive,right,Europe,1992-09,1995-12
HE13,E34,BMW,530I,Sedan,M60/1,160,Rear-Wheel Drive,left,USA,1992-11,1995-12
HE18,E34,BMW,530i,Sedan,M60/1,160,Rear-Wheel Drive,right,South Africa,1992-02,1996-01
HE21,E34,BMW,530I,Sedan,M60/1,160,Rear-Wheel Drive,left,Europe,1992-03,1995-12
HE22,E34,BMW,530I,Sedan,M60/1,160,Rear-Wheel Drive,right,Europe,1992-11,1995-12
HE23,E34,BMW,530I,Sedan,M60/1,160,Rear-Wheel Drive,left,USA,1992-11,1995-11
HE27,E34,BMW,530i,Sedan,M60/1,160,Rear-Wheel Drive,right,Indonesia,,
HE28,E34,BMW,530I,Sedan,M60/1,160,Rear-Wheel Drive,right,South Africa,1992-02,1995-11
HD28,E34,BMW,535,Sedan,M30,155,Rear-Wheel Drive,right,South Africa,1988-01,1993-04
HD11,E34,BMW,535I,Sedan,M30,155,Rear-Wheel Drive,left,Europe,1987-03,1993-04
HD12,E34,BMW,535I,Sedan,M30,155,Rear-Wheel Drive,right,Europe,1987-12,1992-09
HD13,E34,BMW,535I,Sedan,M30,155,Rear-Wheel Drive,left,USA,1988-03,1993-02
HD18,E34,BMW,535i,Sedan,M30,155,Rear-Wheel Drive,right,South Africa,1988-01,1993-03
HD21,E34,BMW,535I,Sedan,M30,155,Rear-Wheel Drive,left,Europe,1987-04,1992-12
HD22,E34,BMW,535I,Sedan,M30,155,Rear-Wheel Drive,right,Europe,1988-02,1992-12
HD23,E34,BMW,535I,Sedan,M30,155,Rear-Wheel Drive,left,USA,1988-01,1993-02
HE51,E34,BMW,540I,Sedan,M60/2,210,Rear-Wheel Drive,left,Europe,1993-07,1995-11
HE52,E34,BMW,540I,Sedan,M60/2,210,Rear-Wheel Drive,right,Europe,1994-01,1995-12
HE53,E34,BMW,540I,Sedan,M60/2,210,Rear-Wheel Drive,left,USA,1994-03,1995-11
HE61,E34,BMW,540I,Sedan,M60/2,210,Rear-Wheel Drive,left,Europe,1992-03,1995-12
HE62,E34,BMW,540I,Sedan,M60/2,210,Rear-Wheel Drive,right,Europe,1992-10,1995-12
HE63,E34,BMW,540I,Sedan,M60/2,210,Rear-Wheel Drive,left,USA,1992-11,1995-12
HE68,E34,BMW,540I,Sedan,M60/2,210,Rear-Wheel Drive,right,South Africa,1992-02,1996-01
HE98,E34,BMW,540I,Sedan,M60/2,210,Rear-Wheel Drive,right,South Africa,1995-09,1996-01
HC91,E34,BMW,M5,Sedan,S38,255,Rear-Wheel Drive,left,Europe,1991-07,1995-07
HC92,E34,BMW,M5,Sedan,S38,255,Rear-Wheel Drive,right,Europe,1991-11,1995-06
HD91,E34,BMW,M5,Sedan,S38,232,Rear-Wheel Drive,left,Europe,1988-04,1992-04
HD92,E34,BMW,M5,Sedan,S38,232,Rear-Wheel Drive,right,Europe,1989-10,1991-12
HD93,E34,BMW,M5,Sedan,S38,232,Rear-Wheel Drive,left,USA,1989-09,1993-04
HD98,E34,BMW,M5,Sedan,S38,232,Rear-Wheel Drive,right,South Africa,1990-01,1993-04
HH11,E34 (2),BMW,518G,Touring,M43,75,Rear-Wheel Drive,left,Europe,1995-05,1996-06
HG11,E34 (2),BMW,518I,Touring,M43,85,Rear-Wheel Drive,left,Europe,1993-11,1996-06
HG12,E34 (2),BMW,518i,Touring,M43,85,Rear-Wheel Drive,right,Europe,1994-01,1996-06
HG31,E34 (2),BMW,518I,Touring,M40,83,Rear-Wheel Drive,left,Europe,1992-11,1994-05
HG51,E34 (2),BMW,520I,Touring,M50,110,Rear-Wheel Drive,left,Europe,1990-11,1996-06
HG52,E34 (2),BMW,520I,Touring,M50,110,Rear-Wheel Drive,right,Europe,1991-10,1996-06
HG61,E34 (2),BMW,520I,Touring,M50,110,Rear-Wheel Drive,left,Europe,1991-02,1996-06
HG62,E34 (2),BMW,520itourin,Touring,M50,110,Rear-Wheel Drive,right,Europe,1991-10,1996-06
HJ51,E34 (2),BMW,525I,Touring,M50,141,Rear-Wheel Drive,left,Europe,1990-12,1996-06
HJ52,E34 (2),BMW,525I,Touring,M50,141,Rear-Wheel Drive,right,Europe,1991-10,1996-06
HJ61,E34 (2),BMW,525I,Touring,M50,141,Rear-Wheel Drive,left,Europe,1990-12,1996-05
HJ62,E34 (2),BMW,525I,Touring,M50,141,Rear-Wheel Drive,right,Europe,1991-07,1996-06
HJ63,E34 (2),BMW,525I,Touring,M50,141,Rear-Wheel Drive,left,USA,1991-10,1996-01
HJ71,E34 (2),BMW,525IX,Touring,M50,141,All Wheel-Drive,left,Europe,1991-07,1996-03
HJ81,E34 (2),BMW,525IX,Touring,M50,141,All Wheel-Drive,left,Europe,1991-10,1996-03
HJ82,E34 (2),BMW,525IX,Touring,M50,141,All Wheel-Drive,right,Europe,1991-12,1996-03
HJ72,E34 (2),BMW,525IX TOURIN,Touring,M50,141,All Wheel-Drive,right,Europe,1992-01,1996-03
HG01,E34 (2),BMW,525td,Touring,M51D25 UL,85,Rear-Wheel Drive,left,Europe,1993-01,1996-05
HG91,E34 (2),BMW,525td,Touring,M51D25 UL,85,Rear-Wheel Drive,left,Europe,1992-11,1996-05
HG71,E34 (2),BMW,525tds,Touring,M51D25 OL,105,Rear-Wheel Drive,left,Europe,1991-08,1996-06
HG72,E34 (2),BMW,525tds,Touring,M51,105,Rear-Wheel Drive,right,Europe,1993-05,1996-06
HG81,E34 (2),BMW,525tds,Touring,M51D25 OL,105,Rear-Wheel Drive,left,Europe,1991-07,1996-06
HG82,E34 (2),BMW,525TDS,Touring,M51,105,Rear-Wheel Drive,right,Europe,1993-06,1996-06
HK11,E34 (2),BMW,530I,Touring,M60/1,160,Rear-Wheel Drive,left,Europe,1992-06,1996-06
HK12,E34 (2),BMW,530I,Touring,M60/1,160,Rear-Wheel Drive,right,Europe,1992-09,1996-06
HK21,E34 (2),BMW,530I,Touring,M60/1,160,Rear-Wheel Drive,left,Europe,1992-05,1996-06
HK22,E34 (2),BMW,530I,Touring,M60/1,160,Rear-Wheel Drive,right,Europe,1992-10,1996-06
HK23,E34 (2),BMW,530I,Touring,M60/1,160,Rear-Wheel Drive,left,USA,1992-11,1995-12
HK31,E34 (2),BMW,540I,Touring,M60/2,210,Rear-Wheel Drive,left,Europe,1993-08,1996-06
HK32,E34 (2),BMW,540I,Touring,M60/2,210,Rear-Wheel Drive,right,Europe,1993-11,1996-05
HK41,E34 (2),BMW,540I,Touring,M60/2,210,Rear-Wheel Drive,left,Europe,1993-05,1996-06
HK42,E34 (2),BMW,540I,Touring,M60/2,210,Rear-Wheel Drive,right,Europe,1993-12,1996-06
HJ91,E34 (2),BMW,M5,Touring,S38,255,Rear-Wheel Drive,left,Europe,1992-03,1995-08
BE11,E36 (2),BMW,316I,Coupe,M43,75,Rear-Wheel Drive,left,Europe,1993-03,1998-11
BE12,E36 (2),BMW,316I,Coupe,M43,75,Rear-Wheel Drive,right,Europe,1993-07,1999-03
BE21,E36 (2),BMW,316I,Coupe,M43,75,Rear-Wheel Drive,left,Europe,1993-03,1998-11
BE22,E36 (2),BMW,316I,Coupe,M43,75,Rear-Wheel Drive,right,Europe,1993-11,1999-02
BE51,E36 (2),BMW,318IS,Coupe,M42,103,Rear-Wheel Drive,left,Europe,1991-02,1996-01
BE52,E36 (2),BMW,318IS,Coupe,M42,103,Rear-Wheel Drive,right,Europe,1992-01,1995-12
BE53,E36 (2),BMW,318IS,Coupe,M42,103,Rear-Wheel Drive,left,USA,1991-11,1995-12
BE61,E36 (2),BMW,318IS,Coupe,M42,103,Rear-Wheel Drive,left,Europe,1992-05,1996-02
BE62,E36 (2),BMW,318IS,Coupe,M42,103,Rear-Wheel Drive,right,Europe,1992-10,1996-01
BE63,E36 (2),BMW,318IS,Coupe,M42,103,Rear-Wheel Drive,left,USA,1992-07,1995-12
BE71,E36 (2),BMW,318IS,Coupe,M44,103,Rear-Wheel Drive,left,Europe,1995-02,1999-04
BE72,E36 (2),BMW,318IS,Coupe,M44,103,Rear-Wheel Drive,right,Europe,1995-09,1999-05
BE73,E36 (2),BMW,318IS,Coupe,M44,103,Rear-Wheel Drive,left,USA,1995-05,1999-04
BE81,E36 (2),BMW,318IS,Coupe,M44,103,Rear-Wheel Drive,left,Europe,1995-02,1999-03
BE82,E36 (2),BMW,318IS,Coupe,M44,103,Rear-Wheel Drive,right,Europe,1995-07,1999-04
BE83,E36 (2),BMW,318IS,Coupe,M44,103,Rear-Wheel Drive,left,USA,1995-07,1999-04
BF11,E36 (2),BMW,320I,Coupe,M50,110,Rear-Wheel Drive,left,Europe,1991-02,1995-03
BF12,E36 (2),BMW,320I,Coupe,M50,110,Rear-Wheel Drive,right,Europe,1992-01,1995-04
BF21,E36 (2),BMW,320I,Coupe,M50,110,Rear-Wheel Drive,left,Europe,1991-06,1995-07
BF22,E36 (2),BMW,320I,Coupe,M50,110,Rear-Wheel Drive,right,Europe,1992-01,1995-07
BF51,E36 (2),BMW,320I,Coupe,M52,110,Rear-Wheel Drive,left,Europe,1994-01,1998-11
BF61,E36 (2),BMW,320I,Coupe,M52,110,Rear-Wheel Drive,left,Europe,1994-02,1998-11
BF71,E36 (2),BMW,323I,Coupe,M52,125,Rear-Wheel Drive,left,Europe,1995-02,1999-04
BF72,E36 (2),BMW,323I,Coupe,M52,125,Rear-Wheel Drive,right,Europe,1995-02,1999-03
BF73,E36 (2),BMW,323I,Coupe,M52,125,Rear-Wheel Drive,left,USA,1996-12,1999-05
BF81,E36 (2),BMW,323I,Coupe,M52,125,Rear-Wheel Drive,left,Europe,1994-07,1999-02
BF82,E36 (2),BMW,323I,Coupe,M52,125,Rear-Wheel Drive,right,Europe,1995-03,1999-02
BF83,E36 (2),BMW,323I,Coupe,M52,125,Rear-Wheel Drive,left,USA,1997-01,1999-04
BF31,E36 (2),BMW,325I,Coupe,M50,141,Rear-Wheel Drive,left,Europe,1990-10,1995-07
BF32,E36 (2),BMW,325I,Coupe,M50,141,Rear-Wheel Drive,right,Europe,1991-09,1995-05
BF38,E36 (2),BMW,325I,Coupe,M50,141,Rear-Wheel Drive,right,South Africa,1992-01,1993-11
BF41,E36 (2),BMW,325I,Coupe,M50,141,Rear-Wheel Drive,left,Europe,1990-11,1995-07
BF42,E36 (2),BMW,325I,Coupe,M50,141,Rear-Wheel Drive,right,Europe,1991-05,1995-05
BF48,E36 (2),BMW,325i,Coupe,M50,141,Rear-Wheel Drive,right,South Africa,1992-01,1993-11
BF33,E36 (2),BMW,325IS,Coupe,M50,141,Rear-Wheel Drive,left,USA,1990-11,1995-09
BF43,E36 (2),BMW,325IS,Coupe,M50,141,Rear-Wheel Drive,left,USA,1990-12,1995-09
BG11,E36 (2),BMW,328I,Coupe,M52,142,Rear-Wheel Drive,left,Europe,1994-07,1998-12
BG12,E36 (2),BMW,328I,Coupe,M52,142,Rear-Wheel Drive,right,Europe,1995-03,1999-04
BG13,E36 (2),BMW,328I,Coupe,M52,142,Rear-Wheel Drive,left,USA,1994-05,1999-04
BG21,E36 (2),BMW,328I,Coupe,M52,142,Rear-Wheel Drive,left,Europe,1994-11,1999-04
BG22,E36 (2),BMW,328I,Coupe,M52,142,Rear-Wheel Drive,right,Europe,1995-02,1999-04
BG23,E36 (2),BMW,328I,Coupe,M52,142,Rear-Wheel Drive,left,USA,1994-06,1999-04
BF03,E36 (2),BMW,M3,Coupe,S50US,176,Rear-Wheel Drive,left,USA,1994-05,1996-01
BF91,E36 (2),BMW,M3,Coupe,S50,210,Rear-Wheel Drive,left,Europe,1992-03,1995-07
BF92,E36 (2),BMW,M3,Coupe,S50,210,Rear-Wheel Drive,right,Europe,1993-03,1995-08
BF93,E36 (2),BMW,M3,Coupe,S50US,176,Rear-Wheel Drive,left,USA,1993-11,1995-12
BF98,E36 (2),BMW,M3,Coupe,S50,210,Rear-Wheel Drive,right,South Africa,1992-01,1994-06
BF99,E36 (2),BMW,M3,Coupe,S50,217,Rear-Wheel Drive,left,Europe,1994-12,1995-06
BG91,E36 (2),BMW,M3,Coupe,S50,236,Rear-Wheel Drive,left,Europe,1995-03,1998-12
BG92,E36 (2),BMW,M3,Coupe,S50,236,Rear-Wheel Drive,right,Europe,1995-10,1998-12
BG93,E36 (2),BMW,M3,Coupe,S52,179,Rear-Wheel Drive,left,USA,1995-10,1999-05
BH31,E36 (C),BMW,318I,Convertible,M43,85,Rear-Wheel Drive,left,Europe,1993-11,1999-09
BH32,E36 (C),BMW,318I,Convertible,M43,85,Rear-Wheel Drive,right,Europe,1994-03,1999-09
BH41,E36 (C),BMW,318I,Convertible,M43,85,Rear-Wheel Drive,left,Europe,1993-11,1999-09
BH42,E36 (C),BMW,318I,Convertible,M43,85,Rear-Wheel Drive,right,Europe,1994-05,1999-09
BK53,E36 (C),BMW,318I,Convertible,M42,103,Rear-Wheel Drive,left,USA,1993-10,1996-01
BK63,E36 (C),BMW,318I,Convertible,M42,103,Rear-Wheel Drive,left,USA,1993-10,1996-01
BH73,E36 (C),BMW,318IS,Convertible,M44,103,Rear-Wheel Drive,left,USA,1995-09,1998-12
BH83,E36 (C),BMW,318IS,Convertible,M44,103,Rear-Wheel Drive,left,USA,1995-09,1998-12
BJ11,E36 (C),BMW,320I,Convertible,M50,110,Rear-Wheel Drive,left,Europe,1992-11,1995-04
BJ12,E36 (C),BMW,320I,Convertible,M50,110,Rear-Wheel Drive,right,Europe,1994-02,1995-01
BJ21,E36 (C),BMW,320I,Convertible,M50,110,Rear-Wheel Drive,left,Europe,1992-12,1995-04
BJ22,E36 (C),BMW,320i,Convertible,M50,110,Rear-Wheel Drive,right,Europe,1994-03,1995-01
BJ31,E36 (C),BMW,320I,Convertible,M52,110,Rear-Wheel Drive,left,Europe,1994-07,1999-10
BJ32,E36 (C),BMW,320I,Convertible,M52,110,Rear-Wheel Drive,right,Europe,1994-10,1996-12
BJ41,E36 (C),BMW,320I,Convertible,M52,110,Rear-Wheel Drive,left,Europe,1994-05,1999-09
BJ42,E36 (C),BMW,320I,Convertible,M52,110,Rear-Wheel Drive,right,Europe,1994-10,1996-12
BJ71,E36 (C),BMW,323I,Convertible,M52,125,Rear-Wheel Drive,left,Europe,1995-03,1996-12
BJ72,E36 (C),BMW,323I,Convertible,M52,125,Rear-Wheel Drive,right,Europe,1996-09,1999-09
BJ73,E36 (C),BMW,323I,Convertible,M52,125,Rear-Wheel Drive,left,USA,1997-04,1999-09
BJ81,E36 (C),BMW,323I,Convertible,M52,125,Rear-Wheel Drive,left,Europe,1995-03,1996-11
BJ82,E36 (C),BMW,323I,Convertible,M52,125,Rear-Wheel Drive,right,Europe,1995-05,1999-09
BJ83,E36 (C),BMW,323I,Convertible,M52,125,Rear-Wheel Drive,left,USA,1997-01,1999-09
BJ51,E36 (C),BMW,325I,Convertible,M50,141,Rear-Wheel Drive,left,Europe,1992-08,1995-07
BJ52,E36 (C),BMW,325i,Convertible,M50,141,Rear-Wheel Drive,right,Europe,1992-12,1995-03
BJ53,E36 (C),BMW,325I,Convertible,M50,141,Rear-Wheel Drive,left,USA,1992-11,1995-09
BJ61,E36 (C),BMW,325I,Convertible,M50,141,Rear-Wheel Drive,left,Europe,1992-09,1995-06
BJ62,E36 (C),BMW,325I,Convertible,M50,141,Rear-Wheel Drive,right,Europe,1993-03,1995-03
BJ63,E36 (C),BMW,325I,Convertible,M50,141,Rear-Wheel Drive,left,USA,1992-11,1995-09
BK71,E36 (C),BMW,328I,Convertible,M52,142,Rear-Wheel Drive,left,Europe,1994-07,1999-09
BK72,E36 (C),BMW,328I,Convertible,M52,142,Rear-Wheel Drive,right,Europe,1995-03,1999-09
BK73,E36 (C),BMW,328I,Convertible,M52,142,Rear-Wheel Drive,left,USA,1994-06,1999-09
BK81,E36 (C),BMW,328I,Convertible,M52,142,Rear-Wheel Drive,left,Europe,1994-11,1999-09
BK82,E36 (C),BMW,328I,Convertible,M52,142,Rear-Wheel Drive,right,Europe,1995-02,1999-09
BK83,E36 (C),BMW,328I,Convertible,M52,142,Rear-Wheel Drive,left,USA,1994-06,1999-09
BJ91,E36 (C),BMW,M3,Convertible,S50,210,Rear-Wheel Drive,left,Europe,1993-11,1995-08
BJ92,E36 (C),BMW,M3,Convertible,S50,210,Rear-Wheel Drive,right,Europe,1994-03,1995-08
BK03,E36 (C),BMW,M3,Convertible,S52,179,Rear-Wheel Drive,left,USA,1997-11,1999-08
BK91,E36 (C),BMW,M3,Convertible,S50,236,Rear-Wheel Drive,left,Europe,1995-10,1999-08
BK92,E36 (C),BMW,M3,Convertible,S50,236,Rear-Wheel Drive,right,Europe,1995-11,1999-07
BK93,E36 (C),BMW,M3,Convertible,S52,179,Rear-Wheel Drive,left,USA,1997-10,1999-08
CE11,E36 (3),BMW,316I,Touring,M43,75,Rear-Wheel Drive,left,Europe,1996-09,1999-05
CE12,E36 (3),BMW,316I,Touring,M43,75,Rear-Wheel Drive,right,Europe,1996-10,1999-05
CE21,E36 (3),BMW,316I,Touring,M43,75,Rear-Wheel Drive,left,Europe,1996-09,1999-05
CE22,E36 (3),BMW,316i,Touring,M43,75,Rear-Wheel Drive,right,Europe,1996-10,1999-05
CE31,E36 (3),BMW,318I,Touring,M43,85,Rear-Wheel Drive,left,Europe,1995-02,1999-05
CE32,E36 (3),BMW,318I,Touring,M43,85,Rear-Wheel Drive,right,Europe,1995-09,1999-05
CE41,E36 (3),BMW,318I,Touring,M43,85,Rear-Wheel Drive,left,Europe,1995-04,1999-05
CE42,E36 (3),BMW,318I,Touring,M43,85,Rear-Wheel Drive,right,Europe,1995-09,1999-05
CF51,E36 (3),BMW,318tds,Touring,M41,66,Rear-Wheel Drive,left,Europe,1994-10,1999-05
CF52,E36 (3),BMW,318tds,Touring,M41,66,Rear-Wheel Drive,right,Europe,1995-01,1999-04
CE51,E36 (3),BMW,320i,Touring,M52,110,Rear-Wheel Drive,left,Europe,1994-05,1999-05
CE52,E36 (3),BMW,320I,Touring,M52,110,Rear-Wheel Drive,right,Europe,1994-12,1996-10
CE61,E36 (3),BMW,320I,Touring,M52,110,Rear-Wheel Drive,left,Europe,1994-05,1999-05
CE62,E36 (3),BMW,320i,Touring,M52,110,Rear-Wheel Drive,right,Europe,1994-12,1996-11
CE71,E36 (3),BMW,323I,Touring,M52,125,Rear-Wheel Drive,left,Europe,1995-07,1999-05
CE72,E36 (3),BMW,323I,Touring,M52,125,Rear-Wheel Drive,right,Europe,1996-09,1999-05
CE81,E36 (3),BMW,323I,Touring,M52,125,Rear-Wheel Drive,left,Europe,1995-07,1999-05
CE82,E36 (3),BMW,323I,Touring,M52,125,Rear-Wheel Drive,right,Europe,1996-09,1999-05
CF01,E36 (3),BMW,325tds,Touring,M51D25 OL,105,Rear-Wheel Drive,left,Europe,1994-10,1999-05
CF02,E36 (3),BMW,325tds,Touring,M51,105,Rear-Wheel Drive,right,Europe,1995-09,1999-04
CF91,E36 (3),BMW,325tds,Touring,M51D25 OL,105,Rear-Wheel Drive,left,Europe,1994-11,1999-05
CF92,E36 (3),BMW,325tds,Touring,M51D25 OL,105,Rear-Wheel Drive,right,Europe,1995-09,1999-05
CF11,E36 (3),BMW,328I,Touring,M52,142,Rear-Wheel Drive,left,Europe,1994-10,1999-05
CF12,E36 (3),BMW,328I,Touring,M52,142,Rear-Wheel Drive,right,Europe,1995-02,1999-05
CF21,E36 (3),BMW,328I,Touring,M52,142,Rear-Wheel Drive,left,Europe,1994-10,1999-05
CF22,E36 (3),BMW,328I,Touring,M52,142,Rear-Wheel Drive,right,Europe,1995-01,1999-05
CA11,E36 (4),BMW,316I,Sedan,M40,73,Rear-Wheel Drive,left,Europe,1990-12,1994-02
CA12,E36 (4),BMW,316I,Sedan,M40,73,Rear-Wheel Drive,right,Europe,1991-03,1994-02
CA21,E36 (4),BMW,316I,Sedan,M40,75,Rear-Wheel Drive,left,Europe,1991-01,1994-02
CA22,E36 (4),BMW,316i,Sedan,M40,73,Rear-Wheel Drive,right,Europe,1991-06,1994-02
CA38,E36 (4),BMW,316I,Sedan,M40,83,Rear-Wheel Drive,right,South Africa,1991-01,1994-03
CA48,E36 (4),BMW,316I,Sedan,M40,83,Rear-Wheel Drive,right,South Africa,1991-01,1994-03
CA71,E36 (4),BMW,316I,Sedan,M43,75,Rear-Wheel Drive,left,Europe,1993-03,1998-05
CA72,E36 (4),BMW,316I,Sedan,M43,75,Rear-Wheel Drive,right,Europe,1993-07,1998-06
CA79,E36 (4),BMW,316i,Sedan,M43,75,Rear-Wheel Drive,left,Philippines,,
CA81,E36 (4),BMW,316I,Sedan,M43,75,Rear-Wheel Drive,left,Europe,1993-02,1998-02
CA82,E36 (4),BMW,316I,Sedan,M43,75,Rear-Wheel Drive,right,Europe,1993-08,1998-03
CP21,E36 (4),BMW,316I,Sedan,M43,75,Rear-Wheel Drive,left,Europe,1997-04,1998-09
CA01,E36 (4),BMW,318I,Sedan,M43,85,Rear-Wheel Drive,left,Europe,1993-02,1998-04
CA02,E36 (4),BMW,318I,Sedan,M43,85,Rear-Wheel Drive,right,Europe,1993-03,1998-05
CA04,E36 (4),BMW,318I,Sedan,M43,85,Rear-Wheel Drive,right,Malaysia,1994-09,1999-04
CA05,E36 (4),BMW,318I,Sedan,M43,85,Rear-Wheel Drive,right,Thailand,1993-12,1999-05
CA08,E36 (4),BMW,318I,Sedan,M43,85,Rear-Wheel Drive,right,Europe,1992-02,1998-10
CA09,E36 (4),BMW,318I,Sedan,M43,85,Rear-Wheel Drive,right,Europe,1994-12,1996-12
CA31,E36 (4),BMW,318I,Sedan,M40,83,Rear-Wheel Drive,left,Europe,1989-12,1994-02
CA32,E36 (4),BMW,318I,Sedan,M40,83,Rear-Wheel Drive,right,Europe,1990-10,1994-02
CA34,E36 (4),BMW,318i,Sedan,M40,83,Rear-Wheel Drive,right,Malaysia,,
CA35,E36 (4),BMW,318i,Sedan,M40,83,Rear-Wheel Drive,right,Thailand,,
CA41,E36 (4),BMW,318I,Sedan,M40,83,Rear-Wheel Drive,left,Europe,1990-02,1994-02
CA42,E36 (4),BMW,318I,Sedan,M40,83,Rear-Wheel Drive,right,Europe,1990-09,1994-03
CA47,E36 (4),BMW,318I,Sedan,M40,83,Rear-Wheel Drive,right,Indonesia,1991-05,1993-08
CA53,E36 (4),BMW,318I,Sedan,M42,103,Rear-Wheel Drive,left,USA,1991-11,1995-01
CA58,E36 (4),BMW,318I,Sedan,M42,103,Rear-Wheel Drive,right,South Africa,1992-02,1996-05
CA63,E36 (4),BMW,318I,Sedan,M42,103,Rear-Wheel Drive,left,USA,1992-07,1995-02
CA68,E36 (4),BMW,318I,Sedan,M42,103,Rear-Wheel Drive,right,South Africa,1992-02,1996-04
CA91,E36 (4),BMW,318I,Sedan,M43,85,Rear-Wheel Drive,left,Europe,1993-03,1998-04
CA92,E36 (4),BMW,318I,Sedan,M43,85,Rear-Wheel Drive,right,Europe,1993-07,1998-05
CA95,E36 (4),BMW,318I,Sedan,M43,85,Rear-Wheel Drive,right,Thailand,1993-12,1998-12
CA97,E36 (4),BMW,318I,Sedan,M43,85,Rear-Wheel Drive,right,Indonesia,1995-11,1999-02
CA98,E36 (4),BMW,318I,Sedan,M43,85,Rear-Wheel Drive,right,Europe,1992-02,1998-11
CA99,E36 (4),BMW,318i,Sedan,M43,85,Rear-Wheel Drive,right,South Africa,1994-12,1996-12
CC03,E36 (4),BMW,318I,Sedan,M44,103,Rear-Wheel Drive,left,USA,1996-04,1998-06
CC73,E36 (4),BMW,318I,Sedan,M42,103,Rear-Wheel Drive,left,USA,1994-07,1995-11
CC83,E36 (4),BMW,318I,Sedan,M42,103,Rear-Wheel Drive,left,USA,1994-07,1995-11
CC93,E36 (4),BMW,318I,Sedan,M44,103,Rear-Wheel Drive,left,USA,1996-05,1998-05
CD72,E36 (4),BMW,318I,Sedan,M44,103,Rear-Wheel Drive,right,Europe,1995-07,1998-02
CD88,E36 (4),BMW,318i,Sedan,M44,103,Rear-Wheel Drive,right,Europe,1996-02,1998-10
CP31,E36 (4),BMW,318I,Sedan,M43,85,Rear-Wheel Drive,left,Europe,1998-01,1998-05
CP32,E36 (4),BMW,318I,Sedan,M43,85,Rear-Wheel Drive,right,Europe,1997-05,1998-06
CP42,E36 (4),BMW,318I,Sedan,M43,85,Rear-Wheel Drive,right,Europe,1997-05,1998-06
CA51,E36 (4),BMW,318IS,Sedan,M42,103,Rear-Wheel Drive,left,Europe,1993-05,1996-01
CA52,E36 (4),BMW,318IS,Sedan,M42,103,Rear-Wheel Drive,right,Europe,1993-09,1995-12
CA61,E36 (4),BMW,318IS,Sedan,M42,103,Rear-Wheel Drive,left,Europe,1993-05,1995-12
CA62,E36 (4),BMW,318IS,Sedan,M42,103,Rear-Wheel Drive,right,Europe,1993-12,1995-12
CD52,E36 (4),BMW,318IS,Sedan,M44,103,Rear-Wheel Drive,right,Europe,1996-10,1998-07
CD62,E36 (4),BMW,318IS,Sedan,M44,103,Rear-Wheel Drive,right,Europe,1996-10,1998-05
CD71,E36 (4),BMW,318IS,Sedan,M44,103,Rear-Wheel Drive,left,Europe,1994-11,1998-02
CD73,E36 (4),BMW,318IS,Sedan,M44,103,Rear-Wheel Drive,left,USA,1995-06,1996-08
CD78,E36 (4),BMW,318IS,Sedan,M44,103,Rear-Wheel Drive,right,Europe,1996-02,1998-11
CD81,E36 (4),BMW,318IS,Sedan,M44,103,Rear-Wheel Drive,left,Europe,1995-02,1998-02
CD82,E36 (4),BMW,318IS,Sedan,M44,103,Rear-Wheel Drive,right,Europe,1996-01,1998-02
CD83,E36 (4),BMW,318IS,Sedan,M44,103,Rear-Wheel Drive,left,USA,1995-06,1996-08
CC51,E36 (4),BMW,318tds,Sedan,M41,66,Rear-Wheel Drive,left,Europe,1994-01,1998-03
CC52,E36 (4),BMW,318TDS,Sedan,M41,66,Rear-Wheel Drive,right,Europe,1994-10,1998-03
CB11,E36 (4),BMW,320i,Sedan,M50,110,Rear-Wheel Drive,left,Europe,1990-01,1995-03
CB12,E36 (4),BMW,320I,Sedan,M50,110,Rear-Wheel Drive,right,Europe,1991-01,1995-08
CB13,E36 (4),BMW,320I,Sedan,M50,110,Rear-Wheel Drive,left,USA,1992-09,1995-04
CB18,E36 (4),BMW,320I,Sedan,M50,110,Rear-Wheel Drive,right,South Africa,1991-01,1995-11
CB21,E36 (4),BMW,320I,Sedan,M50,110,Rear-Wheel Drive,left,Europe,1990-01,1995-08
CB22,E36 (4),BMW,320I,Sedan,M50,110,Rear-Wheel Drive,right,Europe,1990-12,1995-09
CB23,E36 (4),BMW,320I,Sedan,M50,110,Rear-Wheel Drive,left,USA,1992-09,1995-05
CB28,E36 (4),BMW,320i,Sedan,M50,110,Rear-Wheel Drive,right,South Africa,1991-01,1995-12
CB51,E36 (4),BMW,320I,Sedan,M52,110,Rear-Wheel Drive,left,Europe,1993-12,1998-03
CB52,E36 (4),BMW,320I,Sedan,M52,110,Rear-Wheel Drive,right,Europe,1994-10,1998-03
CB61,E36 (4),BMW,320i,Sedan,M52,110,Rear-Wheel Drive,left,Europe,1994-02,1998-02
CB62,E36 (4),BMW,320I,Sedan,M52,110,Rear-Wheel Drive,right,Europe,1994-10,1998-05
CB69,E36 (4),BMW,320i,Sedan,M52,110,Rear-Wheel Drive,left,Philippines,,
CB71,E36 (4),BMW,323i,Sedan,M52,125,Rear-Wheel Drive,left,Europe,1994-07,1998-02
CB72,E36 (4),BMW,323I,Sedan,M52,125,Rear-Wheel Drive,right,Europe,1995-07,1998-05
CB75,E36 (4),BMW,323i,Sedan,M52,140,Rear-Wheel Drive,right,Thailand,,
CB77,E36 (4),BMW,323I,Sedan,M52,125,Rear-Wheel Drive,right,Indonesia,1996-04,1998-10
CB78,E36 (4),BMW,323I,Sedan,M52,125,Rear-Wheel Drive,right,South Africa,1996-04,1998-09
CB81,E36 (4),BMW,323I,Sedan,M52,125,Rear-Wheel Drive,left,Europe,1995-02,1998-02
CB82,E36 (4),BMW,323I,Sedan,M52,125,Rear-Wheel Drive,right,Europe,1995-05,1998-05
CB85,E36 (4),BMW,323I,Sedan,M52,140,Rear-Wheel Drive,right,Thailand,1996-10,1999-04
CB87,E36 (4),BMW,323I,Sedan,M52,125,Rear-Wheel Drive,right,Indonesia,1996-04,1998-09
CB88,E36 (4),BMW,323i,Sedan,M52,125,Rear-Wheel Drive,right,South Africa,1996-03,1998-09
CB89,E36 (4),BMW,323I,Sedan,M52,125,Rear-Wheel Drive,left,Mexico,1997-01,1999-07
CP71,E36 (4),BMW,323I,Sedan,M52,125,Rear-Wheel Drive,left,Europe,1997-05,1998-05
CP72,E36 (4),BMW,323I,Sedan,M52,125,Rear-Wheel Drive,right,Europe,1997-05,1998-05
CP81,E36 (4),BMW,323i,Sedan,M52,125,Rear-Wheel Drive,left,Europe,1997-05,1997-12
CP82,E36 (4),BMW,323I,Sedan,M52,125,Rear-Wheel Drive,right,Europe,1997-05,1998-05
CB31,E36 (4),BMW,325I,Sedan,M50,141,Rear-Wheel Drive,left,Europe,1989-11,1995-07
CB32,E36 (4),BMW,325I,Sedan,M50,141,Rear-Wheel Drive,right,Europe,1990-08,1995-04
CB33,E36 (4),BMW,325I,Sedan,M50,141,Rear-Wheel Drive,left,USA,1990-10,1995-09
CB35,E36 (4),BMW,325I,Sedan,M50,141,Rear-Wheel Drive,right,Thailand,1993-04,1996-03
CB38,E36 (4),BMW,325I,Sedan,M50,141,Rear-Wheel Drive,right,South Africa,1991-01,1995-08
CB41,E36 (4),BMW,325I,Sedan,M50,141,Rear-Wheel Drive,left,Europe,1989-12,1995-07
CB42,E36 (4),BMW,325I,Sedan,M50,141,Rear-Wheel Drive,right,Europe,1990-09,1995-03
CB43,E36 (4),BMW,325I,Sedan,M50,141,Rear-Wheel Drive,left,USA,1990-10,1995-10
CB44,E36 (4),BMW,325i,Sedan,M50,141,Rear-Wheel Drive,right,Malaysia,,
CB45,E36 (4),BMW,325I,Sedan,M50,141,Rear-Wheel Drive,right,Thailand,1993-04,1996-09
CB48,E36 (4),BMW,325i,Sedan,M50,141,Rear-Wheel Drive,right,South Africa,1991-01,1995-08
CC12,E36 (4),BMW,325T,Sedan,M51,85,Rear-Wheel Drive,right,Europe,1992-12,1998-02
CC11,E36 (4),BMW,325td,Sedan,M51D25 UL,85,Rear-Wheel Drive,left,Europe,1991-01,1998-02
CC21,E36 (4),BMW,325td,Sedan,M51D25 UL,85,Rear-Wheel Drive,left,Europe,1991-01,1998-02
CC22,E36 (4),BMW,325td,Sedan,M51D25 UL,85,Rear-Wheel Drive,right,Europe,1992-12,1997-05
CC31,E36 (4),BMW,325tds,Sedan,M51D25 OL,105,Rear-Wheel Drive,left,Europe,1993-03,1998-03
CC32,E36 (4),BMW,325TDS,Sedan,M51,105,Rear-Wheel Drive,right,Europe,1993-03,1998-03
CC38,E36 (4),BMW,325tds,Sedan,M51D25 OL,105,Rear-Wheel Drive,right,South Africa,1996-02,1998-09
CC41,E36 (4),BMW,325tds,Sedan,M51D25 OL,105,Rear-Wheel Drive,left,Europe,1993-03,1998-02
CC42,E36 (4),BMW,325tds,Sedan,M51D25 OL,105,Rear-Wheel Drive,right,Europe,1993-05,1998-02
CD11,E36 (4),BMW,328I,Sedan,M52,142,Rear-Wheel Drive,left,Europe,1994-07,1998-02
CD12,E36 (4),BMW,328I,Sedan,M52,142,Rear-Wheel Drive,right,Europe,1995-02,1998-03
CD13,E36 (4),BMW,328i,Sedan,M52,142,Rear-Wheel Drive,left,USA,1995-02,1996-03
CD18,E36 (4),BMW,328I,Sedan,M52,150,Rear-Wheel Drive,right,Europe,1995-07,1998-10
CD21,E36 (4),BMW,328I,Sedan,M52,142,Rear-Wheel Drive,left,Europe,1994-10,1998-04
CD22,E36 (4),BMW,328I,Sedan,M52,142,Rear-Wheel Drive,right,Europe,1995-01,1998-03
CD23,E36 (4),BMW,328I,Sedan,M52,142,Rear-Wheel Drive,left,USA,1995-03,1996-03
CD24,E36 (4),BMW,328i,Sedan,M52,142,Rear-Wheel Drive,right,Malaysia,,
CD27,E36 (4),BMW,328I,Sedan,M52,142,Rear-Wheel Drive,left,Mexico,1996-02,1999-04
CD28,E36 (4),BMW,328I,Sedan,M52,142,Rear-Wheel Drive,right,Europe,1995-07,1998-10
CD33,E36 (4),BMW,328I,Sedan,M52,142,Rear-Wheel Drive,left,USA,1995-06,1998-04
CD43,E36 (4),BMW,328I,Sedan,M52,142,Rear-Wheel Drive,left,USA,1995-06,1998-04
CB91,E36 (4),BMW,M3,Sedan,S50,210,Rear-Wheel Drive,left,Europe,1994-06,1995-07
CB92,E36 (4),BMW,M3,Sedan,S50,210,Rear-Wheel Drive,right,Europe,1994-10,1995-08
CD03,E36 (4),BMW,M3,Sedan,S52,179,Rear-Wheel Drive,left,USA,1996-01,1998-06
CD91,E36 (4),BMW,M3,Sedan,S50,236,Rear-Wheel Drive,left,Europe,1995-02,1997-12
CD92,E36 (4),BMW,M3,Sedan,S50,236,Rear-Wheel Drive,right,Europe,1995-10,1997-12
CD93,E36 (4),BMW,M3,Sedan,S52,179,Rear-Wheel Drive,left,USA,1996-01,1998-06
CD98,E36 (4),BMW,M3,Sedan,S50,236,Rear-Wheel Drive,right,Europe,1996-11,1998-10
CH11,E36 (5),BMW,316G,Compact,M43,65,Rear-Wheel Drive,left,Europe,1995-05,2000-06
CG11,E36 (5),BMW,316i,Compact,M43,75,Rear-Wheel Drive,left,Europe,1993-06,2000-07
CG12,E36 (5),BMW,316I,Compact,M43,75,Rear-Wheel Drive,right,Europe,1994-03,1998-12
CG21,E36 (5),BMW,316I,Compact,M43,75,Rear-Wheel Drive,left,Europe,1993-08,2000-07
CG22,E36 (5),BMW,316I,Compact,M43,75,Rear-Wheel Drive,right,Europe,1994-05,1998-12
CS11,E36 (5),BMW,316I,Compact,M43/TU,77,Rear-Wheel Drive,left,Europe,1998-04,2000-08
CS12,E36 (5),BMW,316I,Compact,M43/TU,77,Rear-Wheel Drive,right,Europe,1998-05,2000-08
CS21,E36 (5),BMW,316I,Compact,M43/TU,77,Rear-Wheel Drive,left,Europe,1998-04,2000-08
CS22,E36 (5),BMW,316I,Compact,M43/TU,77,Rear-Wheel Drive,right,Europe,1998-11,2000-08
CJ51,E36 (5),BMW,318TDS,Compact,M41,66,Rear-Wheel Drive,left,Europe,1994-03,2000-08
CJ52,E36 (5),BMW,318TDS,Compact,M41,66,Rear-Wheel Drive,right,Europe,1994-06,2000-08
CG51,E36 (5),BMW,318TI,Compact,M42,103,Rear-Wheel Drive,left,Europe,1994-03,1996-01
CG52,E36 (5),BMW,318TI,Compact,M42,103,Rear-Wheel Drive,right,Europe,1994-04,1996-01
CG53,E36 (5),BMW,318TI,Compact,M42,103,Rear-Wheel Drive,left,USA,1994-05,1995-11
CG61,E36 (5),BMW,318TI,Compact,M42,103,Rear-Wheel Drive,left,Europe,1994-04,1996-01
CG62,E36 (5),BMW,318TI,Compact,M42,103,Rear-Wheel Drive,right,Europe,1994-06,1995-12
CG63,E36 (5),BMW,318TI,Compact,M42,103,Rear-Wheel Drive,left,USA,1994-06,1995-11
CG71,E36 (5),BMW,318TI,Compact,M44,103,Rear-Wheel Drive,left,Europe,1995-02,1998-12
CG72,E36 (5),BMW,318TI,Compact,M44,103,Rear-Wheel Drive,right,Europe,1995-07,2000-08
CG73,E36 (5),BMW,318TI,Compact,M44,103,Rear-Wheel Drive,left,USA,1995-05,1999-07
CG81,E36 (5),BMW,318TI,Compact,M44,103,Rear-Wheel Drive,left,Europe,1995-01,1998-12
CG82,E36 (5),BMW,318TI,Compact,M44,103,Rear-Wheel Drive,right,Europe,1995-07,2000-08
CG83,E36 (5),BMW,318TI,Compact,M44,103,Rear-Wheel Drive,left,USA,1995-05,1999-07
CG31,E36 (5),BMW,323TI,Compact,M52,125,Rear-Wheel Drive,left,Europe,1997-01,1998-12
CG41,E36 (5),BMW,323TI,Compact,M52,125,Rear-Wheel Drive,left,Europe,1997-02,1998-12
CT31,E36 (5),BMW,323TI,Compact,M52/TU,125,Rear-Wheel Drive,left,Europe,1998-05,2000-08
CT41,E36 (5),BMW,323TI,Compact,M52/TU,125,Rear-Wheel Drive,left,Europe,1998-04,2000-08
CK91,E36 (7),BMW,M Roadster,Roadster,S50B32,236,Rear-Wheel Drive,left,Europe,1996-04,2000-06
CK92,E36 (7),BMW,M Roadster,Roadster,S50B32,236,Rear-Wheel Drive,right,Europe,1997-05,2000-06
CK93,E36 (7),BMW,M Roadster,Roadster,S52B32,179,Rear-Wheel Drive,left,USA,1997-10,2000-07
CL91,E36 (7),BMW,M Roadster,Roadster,S54B32,239,Rear-Wheel Drive,left,Europe,2000-03,2002-05
CL92,E36 (7),BMW,M Roadster,Roadster,S54B32,239,Rear-Wheel Drive,right,Europe,2000-04,2002-04
CL93,E36 (7),BMW,M Roadster,Roadster,S54B32,239,Rear-Wheel Drive,left,USA,2000-02,2002-05
CH71,E36 (7),BMW,Z3,Roadster,M44,103,Rear-Wheel Drive,left,Europe,1995-04,1999-04
CH72,E36 (7),BMW,Z3,Roadster,M44,103,Rear-Wheel Drive,right,Europe,1995-07,1999-04
CH73,E36 (7),BMW,Z3,Roadster,M44,103,Rear-Wheel Drive,left,USA,1995-07,1998-09
CJ11,E36 (7),BMW,Z3,Roadster,M43,85,Rear-Wheel Drive,left,Europe,1994-12,1998-09
CJ31,E36 (7),BMW,Z3,Roadster,M52,142,Rear-Wheel Drive,left,Europe,1996-07,1998-09
CJ32,E36 (7),BMW,Z3,Roadster,M52,142,Rear-Wheel Drive,right,Europe,1997-01,1998-09
CJ33,E36 (7),BMW,Z3,Roadster,M52,142,Rear-Wheel Drive,left,USA,1996-04,1998-09
CM11,E36 (7),BMW,Z3 1.8,Roadster,M43/TU,87,Rear-Wheel Drive,left,Europe,1998-01,2002-06
CM12,E36 (7),BMW,Z3 1.8,Roadster,M43/TU,87,Rear-Wheel Drive,right,Europe,1998-09,2002-06
CL31,E36 (7),BMW,Z3 2.0,Roadster,M52/TU,110,Rear-Wheel Drive,left,Europe,1998-07,2000-10
CL32,E36 (7),BMW,Z3 2.0,Roadster,M52/TU,110,Rear-Wheel Drive,right,Europe,1998-09,2000-10
CN11,E36 (7),BMW,Z3 2.2,Roadster,M54,125,Rear-Wheel Drive,left,Europe,1999-12,2002-06
CN12,E36 (7),BMW,Z3 2.2,Roadster,M54,125,Rear-Wheel Drive,right,Europe,2000-01,2002-06
CH93,E36 (7),BMW,Z3 2.3,Roadster,M52/TU,125,Rear-Wheel Drive,left,USA,1998-01,2000-09
CN33,E36 (7),BMW,Z3 2.5,Roadster,M54,141,Rear-Wheel Drive,left,USA,2000-01,2002-06
CH31,E36 (7),BMW,Z3 2.8,Roadster,M52/TU,142,Rear-Wheel Drive,left,Europe,1998-01,2000-05
CH32,E36 (7),BMW,Z3 2.8,Roadster,M52/TU,142,Rear-Wheel Drive,right,Europe,1998-01,2000-05
CH33,E36 (7),BMW,Z3 2.8,Roadster,M52/TU,142,Rear-Wheel Drive,left,USA,1998-01,2000-06
CN51,E36 (7),BMW,Z3 3.0,Roadster,M54,170,Rear-Wheel Drive,left,Europe,1999-09,2002-06
CN52,E36 (7),BMW,Z3 3.0,Roadster,M54,170,Rear-Wheel Drive,right,Europe,1999-09,2002-06
CN53,E36 (7),BMW,Z3 3.0,Roadster,M54,170,Rear-Wheel Drive,left,USA,1999-09,2002-06
CM91,E36 (7C),BMW,M Coupé,Coupe,S50B32,236,Rear-Wheel Drive,left,Europe,1997-09,2000-07
CM92,E36 (7C),BMW,M Coupé,Coupe,S50B32,236,Rear-Wheel Drive,right,Europe,1998-02,2000-07
CM93,E36 (7C),BMW,M Coupé,Coupe,S52B32,176,Rear-Wheel Drive,left,USA,1997-10,2000-07
CN91,E36 (7C),BMW,M Coupé,Coupe,S54B32,239,Rear-Wheel Drive,left,Europe,2000-03,2002-05
CN92,E36 (7C),BMW,M Coupé,Coupe,S54B32,239,Rear-Wheel Drive,right,Europe,2000-09,2002-04
CN93,E36 (7C),BMW,M Coupé,Coupe,S54B32,239,Rear-Wheel Drive,left,USA,2000-03,2002-05
CK31,E36 (7C),BMW,Z3,Coupe,M52,142,Rear-Wheel Drive,left,Europe,1997-05,1998-08
CK51,E36 (7C),BMW,Z3 2.8,Coupe,M52/TU,142,Rear-Wheel Drive,left,Europe,1998-01,2000-05
CK53,E36 (7C),BMW,Z3 2.8,Coupe,M52/TU,142,Rear-Wheel Drive,left,USA,1998-01,1999-12
CK71,E36 (7C),BMW,Z3 3.0,Coupe,M54,170,Rear-Wheel Drive,left,Europe,1999-09,2002-06
CK73,E36 (7C),BMW,Z3 3.0,Coupe,M54,170,Rear-Wheel Drive,left,USA,1999-09,2002-04
GE01,E38,BMW,725tds,Sedan,M51D25TÜ,105,Rear-Wheel Drive,left,Europe,1995-09,2000-02
GE91,E38,BMW,725tds,Sedan,M51D25TÜ,105,Rear-Wheel Drive,left,Europe,1995-07,2000-02
GE11,E38,BMW,728I,Sedan,M52,142,Rear-Wheel Drive,left,Europe,1995-03,1998-08
GE21,E38,BMW,728I,Sedan,M52,142,Rear-Wheel Drive,left,Europe,1995-03,1998-08
GE22,E38,BMW,728I,Sedan,M52,142,Rear-Wheel Drive,right,Europe,1995-07,1998-08
GE31,E38,BMW,728I,Sedan,M52/TU,142,Rear-Wheel Drive,left,Europe,1998-02,2001-07
GE41,E38,BMW,728I,Sedan,M52/TU,142,Rear-Wheel Drive,left,Europe,1997-12,2001-07
GE42,E38,BMW,728I,Sedan,M52/TU,142,Rear-Wheel Drive,right,Europe,1998-02,2001-07
GE61,E38,BMW,730d,Sedan,M57D30O0,135,Rear-Wheel Drive,left,Europe,1997-12,2001-07
GF11,E38,BMW,730I,Sedan,M60/1,160,Rear-Wheel Drive,left,Europe,1993-07,1996-02
GF21,E38,BMW,730I,Sedan,M60/1,160,Rear-Wheel Drive,left,Europe,1993-09,1996-03
GF22,E38,BMW,730I,Sedan,M60/1,160,Rear-Wheel Drive,right,Europe,1993-11,1996-02
GF25,E38,BMW,730i,Sedan,M60/1,160,Rear-Wheel Drive,right,Thailand,,
GF31,E38,BMW,735I,Sedan,M62,170,Rear-Wheel Drive,left,Europe,1994-12,1998-08
GF41,E38,BMW,735I,Sedan,M62,170,Rear-Wheel Drive,left,Europe,1995-01,1998-08
GF42,E38,BMW,735I,Sedan,M62,170,Rear-Wheel Drive,right,Europe,1995-09,1998-08
GG41,E38,BMW,735I,Sedan,M62/TU,175,Rear-Wheel Drive,left,Europe,1997-12,2001-07
GG42,E38,BMW,735I,Sedan,M62/TU,175,Rear-Wheel Drive,right,Europe,1998-05,2001-07
GE81,E38,BMW,740D,Sedan,M67D40O0,180,Rear-Wheel Drive,left,Europe,1998-07,2001-07
GF51,E38,BMW,740I,Sedan,M60/2,210,Rear-Wheel Drive,left,Europe,1993-08,1996-02
GF61,E38,BMW,740I,Sedan,M60/2,210,Rear-Wheel Drive,left,Europe,1993-07,1996-03
GF62,E38,BMW,740I,Sedan,M60/2,210,Rear-Wheel Drive,right,Europe,1993-10,1996-02
GF63,E38,BMW,740I,Sedan,M60/2,210,Rear-Wheel Drive,left,USA,1994-01,1995-12
GF71,E38,BMW,740I,Sedan,M62,210,Rear-Wheel Drive,left,Europe,1994-12,1998-07
GF81,E38,BMW,740I,Sedan,M62,210,Rear-Wheel Drive,left,Europe,1994-12,1998-08
GF82,E38,BMW,740I,Sedan,M62,210,Rear-Wheel Drive,right,Europe,1995-09,1998-08
GF83,E38,BMW,740I,Sedan,M62,210,Rear-Wheel Drive,left,USA,1996-02,1998-08
GG81,E38,BMW,740I,Sedan,M62/TU,210,Rear-Wheel Drive,left,Europe,1998-02,2001-07
GG82,E38,BMW,740I,Sedan,M62/TU,210,Rear-Wheel Drive,right,Europe,1998-02,2001-07
GG83,E38,BMW,740I,Sedan,M62/TU,210,Rear-Wheel Drive,left,USA,1998-04,2001-07
GG01,E38,BMW,750i,Sedan,M73B54TÜ,240,Rear-Wheel Drive,left,Europe,1998-02,2001-07
GG02,E38,BMW,750i,Sedan,M73B54TÜ,240,Rear-Wheel Drive,right,Europe,1998-08,2001-06
GG21,E38,BMW,750i,Sedan,M73B54,240,Rear-Wheel Drive,left,Europe,1993-11,1998-07
GG22,E38,BMW,750i,Sedan,M73B54,240,Rear-Wheel Drive,right,Europe,1994-12,1998-07
GH21,E38 (2),BMW,728IL,Sedan,M52,142,Rear-Wheel Drive,left,Europe,1995-10,1998-08
GH41,E38 (2),BMW,728IL,Sedan,M52/TU,142,Rear-Wheel Drive,left,Europe,1998-08,2001-07
GJ11,E38 (2),BMW,730IL,Sedan,M60/1,160,Rear-Wheel Drive,left,Europe,1994-05,1996-02
GJ21,E38 (2),BMW,730IL,Sedan,M60/1,160,Rear-Wheel Drive,left,Europe,1994-05,1996-02
GJ22,E38 (2),BMW,730IL,Sedan,M60/1,160,Rear-Wheel Drive,right,Europe,1994-10,1996-02
GH61,E38 (2),BMW,735IL,Sedan,M62/TU,175,Rear-Wheel Drive,left,Europe,1998-06,2001-07
GH62,E38 (2),BMW,735IL,Sedan,M62/TU,175,Rear-Wheel Drive,right,Europe,1998-07,2001-07
GJ41,E38 (2),BMW,735IL,Sedan,M62,170,Rear-Wheel Drive,left,Europe,1995-05,1998-07
GJ42,E38 (2),BMW,735IL,Sedan,M62,170,Rear-Wheel Drive,right,Europe,1995-09,1998-07
GH81,E38 (2),BMW,740IL,Sedan,M62/TU,210,Rear-Wheel Drive,left,Europe,1998-02,2001-07
GH82,E38 (2),BMW,740IL,Sedan,M62/TU,210,Rear-Wheel Drive,right,Europe,1998-05,2001-07
GH83,E38 (2),BMW,740IL,Sedan,M62/TU,210,Rear-Wheel Drive,left,USA,1998-04,2001-07
GJ61,E38 (2),BMW,740IL,Sedan,M60/2,210,Rear-Wheel Drive,left,Europe,1994-03,1996-03
GJ62,E38 (2),BMW,740IL,Sedan,M60/2,210,Rear-Wheel Drive,right,Europe,1994-10,1996-02
GJ63,E38 (2),BMW,740IL,Sedan,M60/2,210,Rear-Wheel Drive,left,USA,1994-10,1995-12
GJ81,E38 (2),BMW,740IL,Sedan,M62,210,Rear-Wheel Drive,left,Europe,1995-01,1998-08
GJ82,E38 (2),BMW,740IL,Sedan,M62,210,Rear-Wheel Drive,right,Europe,1995-10,1998-07
GJ83,E38 (2),BMW,740IL,Sedan,M62,210,Rear-Wheel Drive,left,USA,1995-05,1998-08
GJ01,E38 (2),BMW,750iL,Sedan,M73B54TÜ,240,Rear-Wheel Drive,left,Europe,1998-01,2001-07
GJ02,E38 (2),BMW,750iL,Sedan,M73B54TÜ,240,Rear-Wheel Drive,right,Europe,1998-02,2001-07
GJ03,E38 (2),BMW,750iL,Sedan,M73B54TÜ,240,Rear-Wheel Drive,left,USA,1998-05,2001-07
GK21,E38 (2),BMW,750iL,Sedan,M73B54,240,Rear-Wheel Drive,left,Europe,1994-01,1998-08
GK22,E38 (2),BMW,750iL,Sedan,M73B54,240,Rear-Wheel Drive,right,Europe,1994-09,1998-08
GK23,E38 (2),BMW,750iL,Sedan,M73B54,240,Rear-Wheel Drive,left,USA,1994-11,1998-08
GH01,E38 (2 PL),BMW,740IL,Sedan,M62/TU,210,Rear-Wheel Drive,left,Europe,1998-10,2001-07
GH03,E38 (2 PL),BMW,740IL,Sedan,M62/TU,210,Rear-Wheel Drive,left,USA,1998-10,2001-03
GK91,E38 (2 PL),BMW,750iL,Sedan,M73B54TÜ,240,Rear-Wheel Drive,left,Europe,1998-10,2001-07
GK93,E38 (2 PL),BMW,750iL,Sedan,M73B54TÜ,240,Rear-Wheel Drive,left,USA,1998-11,2001-04
GK42,E38 (3),BMW,750I,Sedan,M73B54,240,Rear-Wheel Drive,right,Europe,1996-07,1998-07
GK01,E38 (3),BMW,750iL,Sedan,M73B54TÜ,240,Rear-Wheel Drive,left,Europe,1998-04,2001-07
GK41,E38 (3),BMW,750iL,Sedan,M73B54,240,Rear-Wheel Drive,left,Europe,1995-03,1998-08
GK02,E38 (3),BMW,750iL facelift,Sedan,M73/TU,240,Rear-Wheel Drive,right,Europe,1998-04,2001-06
GK62,E38 (L7),BMW,750ixl,Sedan,M73,240,Rear-Wheel Drive,right,Europe,1997-10,1998-07
GK82,E38 (L7),BMW,750IXLFACELIFT,Sedan,M73B54TÜ,240,Rear-Wheel Drive,right,Europe,1998-05,2001-06
GK61,E38 (L7),BMW,L7,Sedan,M73B54,240,Rear-Wheel Drive,left,Europe,1996-07,1998-07
GK81,E38 (L7),BMW,L7,Sedan,M73B54TÜ,240,Rear-Wheel Drive,left,Europe,1998-02,2001-06
DM71,E39,BMW,520d,Sedan,M47D20O0,100,Rear-Wheel Drive,left,Europe,1999-06,2003-07
DD11,E39,BMW,520I,Sedan,M52,110,Rear-Wheel Drive,left,Europe,1995-03,1998-09
DD12,E39,BMW,520I,Sedan,M52,110,Rear-Wheel Drive,right,Europe,1996-03,1998-09
DD21,E39,BMW,520I,Sedan,M52,110,Rear-Wheel Drive,left,Europe,1995-06,1998-09
DD22,E39,BMW,520I,Sedan,M52,110,Rear-Wheel Drive,right,Europe,1996-03,1998-09
DM11,E39,BMW,520I,Sedan,M52/TU,110,Rear-Wheel Drive,left,Europe,1998-03,2003-06
DM12,E39,BMW,520I,Sedan,M52/TU,110,Rear-Wheel Drive,right,Europe,1998-08,2000-08
DM21,E39,BMW,520I,Sedan,M52/TU,110,Rear-Wheel Drive,left,Europe,1998-04,2003-06
DM22,E39,BMW,520I,Sedan,M52/TU,110,Rear-Wheel Drive,right,Europe,1998-08,2000-08
DM26,E39,BMW,520i,Sedan,M52/TU,100,Rear-Wheel Drive,left,Egypt,,
DT11,E39,BMW,520I,Sedan,M54,125,Rear-Wheel Drive,left,Europe,1999-11,2003-07
DT12,E39,BMW,520I,Sedan,M54,125,Rear-Wheel Drive,right,Europe,2000-06,2003-06
DT21,E39,BMW,520I,Sedan,M54,125,Rear-Wheel Drive,left,Europe,2000-03,2003-07
DT22,E39,BMW,520I,Sedan,M54,125,Rear-Wheel Drive,right,Europe,2000-05,2003-07
DT24,E39,BMW,520I,Sedan,M54,125,Rear-Wheel Drive,right,Malaysia,2001-04,2003-06
DT26,E39,BMW,520I,Sedan,M54,125,Rear-Wheel Drive,left,Egypt,2001-03,2003-04
DT27,E39,BMW,520I,Sedan,M54,125,Rear-Wheel Drive,right,Indonesia,2001-04,2003-04
DD31,E39,BMW,523I,Sedan,M52,125,Rear-Wheel Drive,left,Europe,1995-02,1998-09
DD32,E39,BMW,523I,Sedan,M52,125,Rear-Wheel Drive,right,Europe,1995-05,1998-09
DD37,E39,BMW,523i,Sedan,M52,125,Rear-Wheel Drive,right,Indonesia,,
DD41,E39,BMW,523i,Sedan,M52,125,Rear-Wheel Drive,left,Europe,1995-02,1998-08
DD42,E39,BMW,523I,Sedan,M52,125,Rear-Wheel Drive,right,Europe,1995-05,1998-09
DD45,E39,BMW,523I,Sedan,M52,140,Rear-Wheel Drive,right,Thailand,1997-05,1998-12
DD46,E39,BMW,523i,Sedan,M52,125,Rear-Wheel Drive,left,Egypt,,
DD49,E39,BMW,523i,Sedan,M52,125,Rear-Wheel Drive,left,Philippines,1997-09,1999-01
DL38,E39,BMW,523I,Sedan,M52/TU,125,Rear-Wheel Drive,left,Russia,1999-08,2000-04
DL48,E39,BMW,523I,Sedan,M52/TU,125,Rear-Wheel Drive,left,Russia,1999-10,2000-04
DM31,E39,BMW,523I,Sedan,M52/TU,125,Rear-Wheel Drive,left,Europe,1998-03,2000-08
DM32,E39,BMW,523I,Sedan,M52/TU,125,Rear-Wheel Drive,right,Europe,1998-08,2000-08
DM41,E39,BMW,523I,Sedan,M52/TU,125,Rear-Wheel Drive,left,Europe,1998-02,2000-08
DM42,E39,BMW,523I,Sedan,M52/TU,125,Rear-Wheel Drive,right,Europe,1998-02,2000-08
DM44,E39,BMW,523I,Sedan,M52/TU,125,Rear-Wheel Drive,right,Malaysia,1999-07,2000-06
DM45,E39,BMW,523I,Sedan,M52/TU,135,Rear-Wheel Drive,right,Thailand,1999-05,2002-10
DM46,E39,BMW,523i,Sedan,M52/TU,125,Rear-Wheel Drive,left,Egypt,,
DM49,E39,BMW,523i,Sedan,M52/TU,125,Rear-Wheel Drive,left,Philippines,1998-09,2000-07
DL01,E39,BMW,525d,Sedan,M57D25O0,120,Rear-Wheel Drive,left,Europe,1999-10,2003-07
DL02,E39,BMW,525d,Sedan,M57D25O0,120,Rear-Wheel Drive,right,Europe,2000-09,2003-07
DL91,E39,BMW,525d,Sedan,M57D25O0,120,Rear-Wheel Drive,left,Europe,1999-06,2003-07
DL92,E39,BMW,525d,Sedan,M57D25O0,120,Rear-Wheel Drive,right,Europe,1999-11,2003-07
DT31,E39,BMW,525I,Sedan,M54,141,Rear-Wheel Drive,left,Europe,1999-11,2003-07
DT32,E39,BMW,525I,Sedan,M54,141,Rear-Wheel Drive,right,Europe,2000-06,2003-06
DT33,E39,BMW,525I,Sedan,M54,141,Rear-Wheel Drive,left,USA,2000-05,2003-07
DT35,E39,BMW,525I,Sedan,M54,141,Rear-Wheel Drive,left,Russia,2000-09,2003-06
DT41,E39,BMW,525I,Sedan,M54,141,Rear-Wheel Drive,left,Europe,2000-03,2003-06
DT42,E39,BMW,525I,Sedan,M54,141,Rear-Wheel Drive,right,Europe,2000-08,2003-06
DT43,E39,BMW,525I,Sedan,M54,141,Rear-Wheel Drive,left,USA,2000-04,2003-06
DT44,E39,BMW,525I,Sedan,M54,141,Rear-Wheel Drive,right,Malaysia,2000-09,2003-04
DT45,E39,BMW,525I,Sedan,M54,141,Rear-Wheel Drive,left,Russia,2000-09,2003-01
DT46,E39,BMW,525I,Sedan,M54,141,Rear-Wheel Drive,left,Egypt,2000-08,2003-04
DT47,E39,BMW,525I,Sedan,M54,141,Rear-Wheel Drive,right,Indonesia,2000-10,2001-05
DT48,E39,BMW,525I,Sedan,M54,141,Rear-Wheel Drive,left,Vietnam,2001-06,2003-06
DF51,E39,BMW,525td,Sedan,M51D25 UL,85,Rear-Wheel Drive,left,Europe,1996-10,2000-02
DF71,E39,BMW,525tds,Sedan,M51D25TÜ,105,Rear-Wheel Drive,left,Europe,1995-04,2000-03
DF72,E39,BMW,525tds,Sedan,M51D25TÜ,105,Rear-Wheel Drive,right,Europe,1995-10,1998-08
DF81,E39,BMW,525tds,Sedan,M51D25TÜ,105,Rear-Wheel Drive,left,Europe,1995-04,2000-02
DF82,E39,BMW,525tds,Sedan,M51D25TÜ,105,Rear-Wheel Drive,right,Europe,1995-06,1998-08
DM58,E39,BMW,528,Sedan,M52/TU,142,Rear-Wheel Drive,left,Russia,1999-10,1999-10
DD51,E39,BMW,528I,Sedan,M52,142,Rear-Wheel Drive,left,Europe,1995-02,1998-09
DD52,E39,BMW,528I,Sedan,M52,142,Rear-Wheel Drive,right,Europe,1995-07,1998-09
DD53,E39,BMW,528I,Sedan,M52,142,Rear-Wheel Drive,left,USA,1995-10,1998-08
DD59,E39,BMW,528I,Sedan,M52,142,Rear-Wheel Drive,left,Vietnam,1996-04,1997-12
DD61,E39,BMW,528I,Sedan,M52,142,Rear-Wheel Drive,left,Europe,1995-03,1998-09
DD62,E39,BMW,528I,Sedan,M52,142,Rear-Wheel Drive,right,Europe,1995-05,1998-09
DD63,E39,BMW,528I,Sedan,M52,142,Rear-Wheel Drive,left,USA,1995-07,1998-09
DD66,E39,BMW,528I,Sedan,M52,142,Rear-Wheel Drive,right,Indonesia,1996-09,2000-03
DD67,E39,BMW,528I,Sedan,M52,142,Rear-Wheel Drive,left,Mexico,1996-05,1999-10
DM51,E39,BMW,528I,Sedan,M52/TU,142,Rear-Wheel Drive,left,Europe,1998-02,2000-08
DM52,E39,BMW,528I,Sedan,M52/TU,142,Rear-Wheel Drive,right,Europe,1998-05,2000-08
DM53,E39,BMW,528I,Sedan,M52/TU,142,Rear-Wheel Drive,left,USA,1997-12,2000-08
DM61,E39,BMW,528I,Sedan,M52/TU,142,Rear-Wheel Drive,left,Europe,1998-02,2000-08
DM62,E39,BMW,528I,Sedan,M52/TU,142,Rear-Wheel Drive,right,Europe,1998-06,2000-08
DM63,E39,BMW,528I,Sedan,M52/TU,142,Rear-Wheel Drive,left,USA,1998-02,2000-08
DM64,E39,BMW,528i,Sedan,M52/TU,142,Rear-Wheel Drive,right,Malaysia,1999-01,2000-05
DM66,E39,BMW,528i,Sedan,M52/TU,142,Rear-Wheel Drive,right,Indonesia,2000-03,2000-07
DM68,E39,BMW,528I,Sedan,M52/TU,142,Rear-Wheel Drive,left,Russia,1999-08,2000-04
DL71,E39,BMW,530d,Sedan,M57D30O0,142,Rear-Wheel Drive,left,Europe,1997-12,2003-07
DL72,E39,BMW,530d,Sedan,M57D30O0,142,Rear-Wheel Drive,right,Europe,1998-03,2003-07
DL81,E39,BMW,530d,Sedan,M57D30O0,142,Rear-Wheel Drive,left,Europe,1998-04,2003-07
DL82,E39,BMW,530d,Sedan,M57D30O0,142,Rear-Wheel Drive,right,Europe,1998-06,2003-06
DT51,E39,BMW,530I,Sedan,M54,170,Rear-Wheel Drive,left,Europe,2000-04,2003-06
DT52,E39,BMW,530I,Sedan,M54,170,Rear-Wheel Drive,right,Europe,2000-06,2003-06
DT53,E39,BMW,530I,Sedan,M54,170,Rear-Wheel Drive,left,USA,2000-04,2003-06
DT61,E39,BMW,530I,Sedan,M54,170,Rear-Wheel Drive,left,Europe,2000-03,2003-07
DT62,E39,BMW,530I,Sedan,M54,170,Rear-Wheel Drive,right,Europe,2000-06,2003-06
DT63,E39,BMW,530I,Sedan,M54,170,Rear-Wheel Drive,left,USA,2000-04,2003-06
DT65,E39,BMW,530I,Sedan,M54,170,Rear-Wheel Drive,left,Russia,2000-09,2002-09
DT66,E39,BMW,530I,Sedan,M54,161,Rear-Wheel Drive,right,Indonesia,2000-09,2003-02
DT68,E39,BMW,530I,Sedan,M54,170,Rear-Wheel Drive,right,Malaysia,2001-05,2003-02
DE11,E39,BMW,535I,Sedan,M62,170,Rear-Wheel Drive,left,Europe,1996-01,1998-08
DE12,E39,BMW,535I,Sedan,M62,170,Rear-Wheel Drive,right,Europe,1996-07,1998-08
DE21,E39,BMW,535I,Sedan,M62,170,Rear-Wheel Drive,left,Europe,1995-10,1998-08
DE22,E39,BMW,535I,Sedan,M62,170,Rear-Wheel Drive,right,Europe,1996-03,1998-08
DN11,E39,BMW,535I,Sedan,M62/TU,180,Rear-Wheel Drive,left,Europe,1998-02,2003-06
DN12,E39,BMW,535I,Sedan,M62/TU,180,Rear-Wheel Drive,right,Europe,1998-09,2002-11
DN21,E39,BMW,535I,Sedan,M62/TU,180,Rear-Wheel Drive,left,Europe,1998-05,2003-06
DN22,E39,BMW,535I,Sedan,M62/TU,180,Rear-Wheel Drive,right,Europe,1998-08,2003-06
DE51,E39,BMW,540I,Sedan,M62,210,Rear-Wheel Drive,left,Europe,1995-04,1998-08
DE52,E39,BMW,540I,Sedan,M62,210,Rear-Wheel Drive,right,Europe,1996-02,1998-08
DE53,E39,BMW,540I,Sedan,M62,210,Rear-Wheel Drive,left,USA,1995-07,1998-08
DE61,E39,BMW,540I,Sedan,M62,210,Rear-Wheel Drive,left,Europe,1995-05,1998-08
DE62,E39,BMW,540I,Sedan,M62,210,Rear-Wheel Drive,right,Europe,1996-01,1998-09
DE63,E39,BMW,540I,Sedan,M62,210,Rear-Wheel Drive,left,USA,1995-07,1998-09
DN51,E39,BMW,540I,Sedan,M62/TU,210,Rear-Wheel Drive,left,Europe,1998-03,2003-06
DN52,E39,BMW,540I,Sedan,M62/TU,210,Rear-Wheel Drive,right,Europe,1998-03,2003-03
DN53,E39,BMW,540I,Sedan,M62/TU,210,Rear-Wheel Drive,left,USA,1998-05,2003-07
DN61,E39,BMW,540I,Sedan,M62/TU,210,Rear-Wheel Drive,left,Europe,1997-12,2003-06
DN62,E39,BMW,540I,Sedan,M62/TU,210,Rear-Wheel Drive,right,Europe,1998-02,2003-06
DN63,E39,BMW,540I,Sedan,M62/TU,210,Rear-Wheel Drive,left,USA,1998-06,2003-06
DE91,E39,BMW,M5,Sedan,S62,294,Rear-Wheel Drive,left,Europe,1997-10,2003-06
DE92,E39,BMW,M5,Sedan,S62,294,Rear-Wheel Drive,right,Europe,1998-10,2003-05
DE93,E39,BMW,M5,Sedan,S62,294,Rear-Wheel Drive,left,USA,1999-03,2003-06
DR71,E39 (2),BMW,520d,Touring,M47D20O0,100,Rear-Wheel Drive,left,Europe,1999-06,2003-09
DH11,E39 (2),BMW,520I,Touring,M52,110,Rear-Wheel Drive,left,Europe,1996-09,1998-08
DH12,E39 (2),BMW,520i,Touring,M52,110,Rear-Wheel Drive,right,Europe,1997-03,1998-08
DH21,E39 (2),BMW,520I,Touring,M52,110,Rear-Wheel Drive,left,Europe,1996-09,1998-08
DH22,E39 (2),BMW,520i,Touring,M52,110,Rear-Wheel Drive,right,Europe,1997-03,1998-08
DR11,E39 (2),BMW,520I,Touring,M52/TU,110,Rear-Wheel Drive,left,Europe,1998-03,2001-07
DR12,E39 (2),BMW,520I,Touring,M52/TU,110,Rear-Wheel Drive,right,Europe,1998-05,2000-07
DR21,E39 (2),BMW,520I,Touring,M52/TU,110,Rear-Wheel Drive,left,Europe,1998-04,2001-07
DR22,E39 (2),BMW,520i,Touring,M52/TU,110,Rear-Wheel Drive,right,Europe,1998-09,2000-07
DS11,E39 (2),BMW,520I,Touring,M54,125,Rear-Wheel Drive,left,Europe,2000-04,2003-12
DS12,E39 (2),BMW,520I,Touring,M54,125,Rear-Wheel Drive,right,Europe,2000-08,2003-12
DS21,E39 (2),BMW,520I,Touring,M54,125,Rear-Wheel Drive,left,Europe,2000-04,2003-12
DS22,E39 (2),BMW,520I,Touring,M54,125,Rear-Wheel Drive,right,Europe,2000-08,2003-12
DH31,E39 (2),BMW,523I,Touring,M52,125,Rear-Wheel Drive,left,Europe,1996-09,1998-09
DH41,E39 (2),BMW,523I,Touring,M52,125,Rear-Wheel Drive,left,Europe,1996-09,1998-09
DH42,E39 (2),BMW,523I,Touring,M52,125,Rear-Wheel Drive,right,Europe,1997-03,1998-08
DR31,E39 (2),BMW,523I,Touring,M52/TU,125,Rear-Wheel Drive,left,Europe,1998-03,2000-08
DR32,E39 (2),BMW,523I,Touring,M52/TU,125,Rear-Wheel Drive,right,Europe,1998-05,2000-07
DR41,E39 (2),BMW,523I,Touring,M52/TU,125,Rear-Wheel Drive,left,Europe,1998-04,2000-08
DR42,E39 (2),BMW,523I,Touring,M52/TU,125,Rear-Wheel Drive,right,Europe,1998-05,2000-07
DH32,E39 (2),BMW,523ITOURIN,Touring,M52,125,Rear-Wheel Drive,right,Europe,1996-11,1998-08
DP01,E39 (2),BMW,525d,Touring,M57D25O0,120,Rear-Wheel Drive,left,Europe,1999-06,2003-12
DP02,E39 (2),BMW,525d,Touring,M57D25O0,120,Rear-Wheel Drive,right,Europe,1999-11,2003-12
DP91,E39 (2),BMW,525d,Touring,M57D25O0,120,Rear-Wheel Drive,left,Europe,1999-09,2003-12
DP92,E39 (2),BMW,525d,Touring,M57D25O0,120,Rear-Wheel Drive,right,Europe,2000-12,2003-12
DS31,E39 (2),BMW,525I,Touring,M54,141,Rear-Wheel Drive,left,Europe,2000-04,2003-12
DS32,E39 (2),BMW,525I,Touring,M54,141,Rear-Wheel Drive,right,Europe,2000-08,2003-12
DS33,E39 (2),BMW,525I,Touring,M54,141,Rear-Wheel Drive,left,USA,2000-05,2003-06
DS41,E39 (2),BMW,525I,Touring,M54,141,Rear-Wheel Drive,left,Europe,2000-04,2003-12
DS42,E39 (2),BMW,525I,Touring,M54,141,Rear-Wheel Drive,right,Europe,1999-11,2003-12
DS43,E39 (2),BMW,525I,Touring,M54,141,Rear-Wheel Drive,left,USA,2000-04,2003-06
DG71,E39 (2),BMW,525tds,Touring,M51D25TÜ,105,Rear-Wheel Drive,left,Europe,1996-05,2000-02
DG72,E39 (2),BMW,525tds,Touring,M51,105,Rear-Wheel Drive,right,Europe,1996-10,1998-07
DG81,E39 (2),BMW,525tds,Touring,M51D25TÜ,105,Rear-Wheel Drive,left,Europe,1996-05,2000-02
DG82,E39 (2),BMW,525tds,Touring,M51,105,Rear-Wheel Drive,right,Europe,1996-10,1998-08
DH51,E39 (2),BMW,528I,Touring,M52,142,Rear-Wheel Drive,left,Europe,1996-05,1998-08
DH52,E39 (2),BMW,528I,Touring,M52,142,Rear-Wheel Drive,right,Europe,1997-02,1998-08
DH61,E39 (2),BMW,528I,Touring,M52,142,Rear-Wheel Drive,left,Europe,1996-05,1998-08
DH62,E39 (2),BMW,528I,Touring,M52,142,Rear-Wheel Drive,right,Europe,1996-08,1998-08
DP51,E39 (2),BMW,528I,Touring,M52/TU,142,Rear-Wheel Drive,left,Europe,1998-06,2000-07
DP53,E39 (2),BMW,528I,Touring,M52/TU,142,Rear-Wheel Drive,left,USA,1998-02,2000-08
DP61,E39 (2),BMW,528I,Touring,M52/TU,142,Rear-Wheel Drive,left,Europe,1998-04,2000-08
DP62,E39 (2),BMW,528I,Touring,M52/TU,142,Rear-Wheel Drive,right,Europe,1998-02,2000-07
DP63,E39 (2),BMW,528I,Touring,M52/TU,142,Rear-Wheel Drive,left,USA,1998-02,2000-08
DP52,E39 (2),BMW,528ITOURIN,Touring,M52/TU,142,Rear-Wheel Drive,right,Europe,1998-05,2000-07
DP71,E39 (2),BMW,530d,Touring,M57D30O0,142,Rear-Wheel Drive,left,Europe,1998-02,2003-12
DP72,E39 (2),BMW,530d,Touring,M57D30O0,142,Rear-Wheel Drive,right,Europe,1998-06,2003-12
DP81,E39 (2),BMW,530d,Touring,M57D30O0,142,Rear-Wheel Drive,left,Europe,1998-02,2003-12
DP82,E39 (2),BMW,530d,Touring,M57D30O0,142,Rear-Wheel Drive,right,Europe,1998-10,2003-12
DS51,E39 (2),BMW,530I,Touring,M54,170,Rear-Wheel Drive,left,Europe,1999-11,2003-12
DS52,E39 (2),BMW,530I,Touring,M54,170,Rear-Wheel Drive,right,Europe,2000-09,2003-12
DS61,E39 (2),BMW,530I,Touring,M54,170,Rear-Wheel Drive,left,Europe,2000-04,2003-12
DS62,E39 (2),BMW,530I,Touring,M54,170,Rear-Wheel Drive,right,Europe,1999-11,2003-12
DJ51,E39 (2),BMW,540I,Touring,M62,210,Rear-Wheel Drive,left,Europe,1996-09,1998-08
DJ52,E39 (2),BMW,540i,Touring,M62,210,Rear-Wheel Drive,right,Europe,1997-04,1998-07
DJ61,E39 (2),BMW,540I,Touring,M62,210,Rear-Wheel Drive,left,Europe,1996-09,1998-08
DJ62,E39 (2),BMW,540I,Touring,M62,210,Rear-Wheel Drive,right,Europe,1997-05,1998-07
DR51,E39 (2),BMW,540I,Touring,M62/TU,210,Rear-Wheel Drive,left,Europe,1998-03,2003-12
DR52,E39 (2),BMW,540I,Touring,M62/TU,210,Rear-Wheel Drive,right,Europe,1998-09,2003-08
DR61,E39 (2),BMW,540I,Touring,M62/TU,210,Rear-Wheel Drive,left,Europe,1998-03,2003-12
DR62,E39 (2),BMW,540I,Touring,M62/TU,210,Rear-Wheel Drive,right,Europe,1998-09,2003-12
DR63,E39 (2),BMW,540I,Touring,M62/TU,210,Rear-Wheel Drive,left,USA,1998-02,2003-07
BL51,E46 (2),BMW,316CI,Coupe,M43/TU,77,Rear-Wheel Drive,left,Europe,1999-04,2002-02
BM71,E46 (2),BMW,316Ci,Coupe,N40B16,85,Rear-Wheel Drive,left,Europe,2001-07,2003-02
BL31,E46 (2),BMW,318CI,Coupe,M43/TU,87,Rear-Wheel Drive,left,Europe,1999-03,2001-08
BL32,E46 (2),BMW,318CI,Coupe,M43/TU,87,Rear-Wheel Drive,right,Europe,1999-03,2001-08
BV71,E46 (2),BMW,318Ci,Coupe,N42B20,105,Rear-Wheel Drive,left,Europe,2000-12,2003-03
BV72,E46 (2),BMW,318Ci,Coupe,N42B20,105,Rear-Wheel Drive,right,Europe,2001-03,2003-03
BM11,E46 (2),BMW,320CI,Coupe,M52/TU,110,Rear-Wheel Drive,left,Europe,1998-11,2001-08
BN11,E46 (2),BMW,320CI,Coupe,M54,125,Rear-Wheel Drive,left,Europe,2000-01,2003-03
BN12,E46 (2),BMW,320CI,Coupe,M54,125,Rear-Wheel Drive,right,Europe,2000-02,2003-03
BM31,E46 (2),BMW,323CI,Coupe,M52/TU,125,Rear-Wheel Drive,left,Europe,1998-03,2000-08
BM32,E46 (2),BMW,323CI,Coupe,M52/TU,125,Rear-Wheel Drive,right,Europe,1998-07,2000-08
BM33,E46 (2),BMW,323CI,Coupe,M52/TU,125,Rear-Wheel Drive,left,USA,1998-11,2000-08
BN31,E46 (2),BMW,325CI,Coupe,M54,141,Rear-Wheel Drive,left,Europe,2000-01,2003-03
BN32,E46 (2),BMW,325CI,Coupe,M54,141,Rear-Wheel Drive,right,Europe,2000-01,2003-03
BN33,E46 (2),BMW,325CI,Coupe,M54,141,Rear-Wheel Drive,left,USA,2000-01,2003-03
BN73,E46 (2),BMW,325CI,Coupe,M56,132,Rear-Wheel Drive,left,USA,2001-12,2003-03
BM51,E46 (2),BMW,328CI,Coupe,M52/TU,142,Rear-Wheel Drive,left,Europe,1998-03,2000-06
BM52,E46 (2),BMW,328CI,Coupe,M52/TU,142,Rear-Wheel Drive,right,Europe,1998-07,2000-06
BM53,E46 (2),BMW,328CI,Coupe,M52/TU,142,Rear-Wheel Drive,left,USA,1998-11,2000-05
BN51,E46 (2),BMW,330CI,Coupe,M54,170,Rear-Wheel Drive,left,Europe,1999-09,2003-03
BN52,E46 (2),BMW,330CI,Coupe,M54,170,Rear-Wheel Drive,right,Europe,1999-09,2003-03
BN53,E46 (2),BMW,330CI,Coupe,M54,170,Rear-Wheel Drive,left,USA,1999-09,2003-03
BL91,E46 (2),BMW,M3,Coupe,S54,252,Rear-Wheel Drive,left,Europe,1999-07,2006-05
BL92,E46 (2),BMW,M3,Coupe,S54,252,Rear-Wheel Drive,right,Europe,2000-03,2006-05
BL93,E46 (2),BMW,M3,Coupe,S54,252,Rear-Wheel Drive,left,USA,2000-01,2006-05
BL95,E46 (2),BMW,M3 CSL,Coupe,S54,261,Rear-Wheel Drive,left,Europe,,
BL96,E46 (2),BMW,M3 CSL,Coupe,S54,261,Rear-Wheel Drive,right,Europe,,
BD71,E46 (2FL),BMW,316Ci,Coupe,N40B16,85,Rear-Wheel Drive,left,Europe,2002-09,2004-02
BX71,E46 (2FL),BMW,316Ci,Coupe,N45B16O1,85,Rear-Wheel Drive,left,Europe,2003-09,2006-05
BD91,E46 (2FL),BMW,318Ci,Coupe,N42B20,105,Rear-Wheel Drive,left,Europe,2002-11,2004-02
BD92,E46 (2FL),BMW,318Ci,Coupe,N42B20,105,Rear-Wheel Drive,right,Europe,2002-10,2004-02
BX91,E46 (2FL),BMW,318Ci,Coupe,N46B20O1,110,Rear-Wheel Drive,left,Europe,2003-10,2006-05
BX92,E46 (2FL),BMW,318Ci,Coupe,N46B20O1,110,Rear-Wheel Drive,right,Europe,2003-12,2006-05
BV51,E46 (2FL),BMW,320Cd,Coupe,M47D20O1,110,Rear-Wheel Drive,left,Europe,2003-03,2006-05
BV52,E46 (2FL),BMW,320Cd,Coupe,M47D20O1,110,Rear-Wheel Drive,right,Europe,2003-03,2006-05
BD11,E46 (2FL),BMW,320CI,Coupe,M54,125,Rear-Wheel Drive,left,Europe,2002-10,2006-05
BD12,E46 (2FL),BMW,320CI,Coupe,M54,125,Rear-Wheel Drive,right,Europe,2002-11,2006-05
BD31,E46 (2FL),BMW,325CI,Coupe,M54,141,Rear-Wheel Drive,left,Europe,2002-08,2006-05
BD32,E46 (2FL),BMW,325CI,Coupe,M54,141,Rear-Wheel Drive,right,Europe,2002-10,2006-05
BD33,E46 (2FL),BMW,325CI,Coupe,M54,141,Rear-Wheel Drive,left,USA,2002-10,2006-05
BV13,E46 (2FL),BMW,325CI,Coupe,M56,132,Rear-Wheel Drive,left,USA,2002-11,2006-05
BV91,E46 (2FL),BMW,330Cd,Coupe,M57D30O1,150,Rear-Wheel Drive,left,Europe,2002-08,2006-05
BV92,E46 (2FL),BMW,330Cd,Coupe,M57D30O1,150,Rear-Wheel Drive,right,Europe,2003-09,2006-05
BD51,E46 (2FL),BMW,330CI,Coupe,M54,170,Rear-Wheel Drive,left,Europe,2002-09,2006-05
BD52,E46 (2FL),BMW,330CI,Coupe,M54,170,Rear-Wheel Drive,right,Europe,2002-09,2006-05
BD53,E46 (2FL),BMW,330CI,Coupe,M54,170,Rear-Wheel Drive,left,USA,2002-09,2006-05
BP71,E46 (C),BMW,318Ci,Convertible,N42B20,105,Rear-Wheel Drive,left,Europe,2000-12,2003-03
BP72,E46 (C),BMW,318Ci,Convertible,N42B20,105,Rear-Wheel Drive,right,Europe,2001-03,2003-03
BS11,E46 (C),BMW,320CI,Convertible,M54,125,Rear-Wheel Drive,left,Europe,2000-02,2003-03
BS12,E46 (C),BMW,320CI,Convertible,M54,125,Rear-Wheel Drive,right,Europe,2000-02,2003-03
BR31,E46 (C),BMW,323CI,Convertible,M52/TU,125,Rear-Wheel Drive,left,Europe,1998-11,2000-09
BR32,E46 (C),BMW,323CI,Convertible,M52/TU,125,Rear-Wheel Drive,right,Europe,1999-07,2000-08
BR33,E46 (C),BMW,323CI,Convertible,M52/TU,125,Rear-Wheel Drive,left,USA,1999-04,2000-08
BS31,E46 (C),BMW,325CI,Convertible,M54,141,Rear-Wheel Drive,left,Europe,2000-02,2003-03
BS32,E46 (C),BMW,325CI,Convertible,M54,141,Rear-Wheel Drive,right,Europe,2000-02,2003-03
BS33,E46 (C),BMW,325CI,Convertible,M54,141,Rear-Wheel Drive,left,USA,2000-02,2003-03
BS51,E46 (C),BMW,330CI,Convertible,M54,170,Rear-Wheel Drive,left,Europe,1999-12,2003-03
BS52,E46 (C),BMW,330CI,Convertible,M54,170,Rear-Wheel Drive,right,Europe,1999-12,2003-03
BS53,E46 (C),BMW,330CI,Convertible,M54,170,Rear-Wheel Drive,left,USA,1999-12,2003-03
BR91,E46 (C),BMW,M3,Convertible,S54,252,Rear-Wheel Drive,left,Europe,2000-04,2006-08
BR92,E46 (C),BMW,M3,Convertible,S54,252,Rear-Wheel Drive,right,Europe,2000-10,2006-08
BR93,E46 (C),BMW,M3,Convertible,S54,252,Rear-Wheel Drive,left,USA,2000-05,2006-08
BW71,E46 (CFL),BMW,318Ci,Convertible,N42B20,105,Rear-Wheel Drive,left,Europe,2002-10,2004-02
BW72,E46 (CFL),BMW,318Ci,Convertible,N42B20,105,Rear-Wheel Drive,right,Europe,2002-10,2004-02
BY71,E46 (CFL),BMW,318Ci,Convertible,N46B20O1,110,Rear-Wheel Drive,left,Europe,2003-09,2006-08
BY72,E46 (CFL),BMW,318Ci,Convertible,N46B20O1,110,Rear-Wheel Drive,right,Europe,2003-10,2006-08
BS71,E46 (CFL),BMW,320Cd,Convertible,M47D20O1,110,Rear-Wheel Drive,left,Europe,2004-06,2006-08
BS72,E46 (CFL),BMW,320Cd,Convertible,M47D20O1,110,Rear-Wheel Drive,right,Europe,2004-06,2006-08
BW11,E46 (CFL),BMW,320CI,Convertible,M54,125,Rear-Wheel Drive,left,Europe,2002-11,2006-08
BW12,E46 (CFL),BMW,320CI,Convertible,M54,125,Rear-Wheel Drive,right,Europe,2002-10,2006-08
BW31,E46 (CFL),BMW,325CI,Convertible,M54,141,Rear-Wheel Drive,left,Europe,2002-09,2006-08
BW32,E46 (CFL),BMW,325CI,Convertible,M54,141,Rear-Wheel Drive,right,Europe,2002-10,2006-08
BW33,E46 (CFL),BMW,325CI,Convertible,M54,141,Rear-Wheel Drive,left,USA,2002-09,2006-08
BW91,E46 (CFL),BMW,330Cd,Convertible,M57D30O1,150,Rear-Wheel Drive,left,Europe,2004-11,2006-07
BW92,E46 (CFL),BMW,330Cd,Convertible,M57D30O1,150,Rear-Wheel Drive,right,Europe,2004-11,2006-08
BW51,E46 (CFL),BMW,330CI,Convertible,M54,170,Rear-Wheel Drive,left,Europe,2002-08,2006-08
BW52,E46 (CFL),BMW,330CI,Convertible,M54,170,Rear-Wheel Drive,right,Europe,2002-09,2006-08
BW53,E46 (CFL),BMW,330CI,Convertible,M54,170,Rear-Wheel Drive,left,USA,2002-09,2006-08
AP31,E46 (3),BMW,318I,Touring,M43/TU,87,Rear-Wheel Drive,left,Europe,1998-05,2001-08
AP32,E46 (3),BMW,318I,Touring,M43/TU,87,Rear-Wheel Drive,right,Europe,1998-11,2001-08
AX71,E46 (3),BMW,320d,Touring,M47D20O0,100,Rear-Wheel Drive,left,Europe,1999-02,2001-08
AX72,E46 (3),BMW,320d,Touring,M47D20O0,100,Rear-Wheel Drive,right,Europe,1999-05,2001-08
AR11,E46 (3),BMW,320I,Touring,M52/TU,110,Rear-Wheel Drive,left,Europe,1998-05,2001-08
AW11,E46 (3),BMW,320I,Touring,M54,125,Rear-Wheel Drive,left,Europe,2000-01,2001-08
AW12,E46 (3),BMW,320I,Touring,M54,125,Rear-Wheel Drive,right,Europe,2000-02,2001-08
AR33,E46 (3),BMW,323I,Touring,M52/TU,125,Rear-Wheel Drive,left,USA,1998-06,2000-09
AW31,E46 (3),BMW,325I,Touring,M54,141,Rear-Wheel Drive,left,Europe,2000-02,2001-08
AW32,E46 (3),BMW,325I,Touring,M54,141,Rear-Wheel Drive,right,Europe,2000-01,2001-08
AW33,E46 (3),BMW,325I,Touring,M54,141,Rear-Wheel Drive,left,USA,2000-01,2001-08
AR51,E46 (3),BMW,328I,Touring,M52/TU,142,Rear-Wheel Drive,left,Europe,1998-05,2000-06
AR52,E46 (3),BMW,328I,Touring,M52/TU,142,Rear-Wheel Drive,right,Europe,1998-06,2000-05
AP91,E46 (3),BMW,330d,Touring,M57D30O0,135,Rear-Wheel Drive,left,Europe,1998-06,2001-08
AP92,E46 (3),BMW,330d,Touring,M57D30O0,135,Rear-Wheel Drive,right,Europe,1999-07,2001-08
AW51,E46 (3),BMW,330I,Touring,M54,170,Rear-Wheel Drive,left,Europe,1999-09,2001-08
AW52,E46 (3),BMW,330I,Touring,M54,170,Rear-Wheel Drive,right,Europe,1999-09,2001-08
AX31,E46 (3FL),BMW,316i,Touring,N42B18,85,Rear-Wheel Drive,left,Europe,2001-10,2004-02
AX32,E46 (3FL),BMW,316i,Touring,N42B18,85,Rear-Wheel Drive,right,Europe,2001-11,2004-02
EX31,E46 (3FL),BMW,316i,Touring,N46B18O0,85,Rear-Wheel Drive,left,Europe,2003-10,2005-07
EX32,E46 (3FL),BMW,316i,Touring,N46B18O0,85,Rear-Wheel Drive,right,Europe,2003-10,2005-05
EL51,E46 (3FL),BMW,318d,Touring,M74D20U0,85,Rear-Wheel Drive,left,Europe,2001-10,2003-03
EL71,E46 (3FL),BMW,318d,Touring,M47D20U1,85,Rear-Wheel Drive,left,Europe,2002-08,2005-07
EL72,E46 (3FL),BMW,318d,Touring,M47D20U1,85,Rear-Wheel Drive,right,Europe,2003-09,2005-04
AX51,E46 (3FL),BMW,318i,Touring,N42B20,105,Rear-Wheel Drive,left,Europe,2000-12,2004-02
AX52,E46 (3FL),BMW,318i,Touring,N42B20,105,Rear-Wheel Drive,right,Europe,2001-03,2004-02
EX51,E46 (3FL),BMW,318i,Touring,N46,105,Rear-Wheel Drive,left,Europe,2003-10,2005-07
EX52,E46 (3FL),BMW,318i,Touring,N46,105,Rear-Wheel Drive,right,Europe,2004-02,2005-06
AP71,E46 (3FL),BMW,320d,Touring,M47D20O1,110,Rear-Wheel Drive,left,Europe,1998-06,2005-07
AP72,E46 (3FL),BMW,320d,Touring,M47D20O1,110,Rear-Wheel Drive,right,Europe,2001-04,2005-06
EN11,E46 (3FL),BMW,320I,Touring,M54,125,Rear-Wheel Drive,left,Europe,2001-05,2005-07
EN12,E46 (3FL),BMW,320I,Touring,M54,125,Rear-Wheel Drive,right,Europe,2001-05,2005-06
AX13,E46 (3FL),BMW,325I,Touring,M56,132,Rear-Wheel Drive,left,USA,2001-12,2005-01
EN31,E46 (3FL),BMW,325I,Touring,M54,141,Rear-Wheel Drive,left,Europe,2001-04,2005-07
EN32,E46 (3FL),BMW,325I,Touring,M54,141,Rear-Wheel Drive,right,Europe,2001-05,2005-06
EN33,E46 (3FL),BMW,325I,Touring,M54,141,Rear-Wheel Drive,left,USA,2001-03,2005-05
EP31,E46 (3FL),BMW,325XI,Touring,M54,141,All Wheel-Drive,left,Europe,2001-04,2005-05
EP33,E46 (3FL),BMW,325XI,Touring,M54,141,All Wheel-Drive,left,USA,2001-05,2005-05
EL91,E46 (3FL),BMW,330d,Touring,M57D30O0,135,Rear-Wheel Drive,left,Europe,2001-03,2003-03
EL92,E46 (3FL),BMW,330d,Touring,M57D30O0,135,Rear-Wheel Drive,right,Europe,2001-08,2003-02
EX91,E46 (3FL),BMW,330d,Touring,M57D30O1,150,Rear-Wheel Drive,left,Europe,2002-09,2005-07
EX92,E46 (3FL),BMW,330d,Touring,M57D30O1,150,Rear-Wheel Drive,right,Europe,2002-11,2005-06
EN51,E46 (3FL),BMW,330I,Touring,M54,170,Rear-Wheel Drive,left,Europe,2001-03,2005-07
EN52,E46 (3FL),BMW,330I,Touring,M54,170,Rear-Wheel Drive,right,Europe,2001-05,2005-06
EP71,E46 (3FL),BMW,330xd,Touring,M57D30O0,135,All Wheel-Drive,left,Europe,2001-03,2003-03
EX71,E46 (3FL),BMW,330xd,Touring,M57D30O1,150,All Wheel-Drive,left,Europe,2002-08,2005-05
EP51,E46 (3FL),BMW,330XI,Touring,M54,170,All Wheel-Drive,left,Europe,2001-03,2005-05
AL11,E46 (4),BMW,316i,Sedan,M43/TU,77,Rear-Wheel Drive,left,Europe,1998-06,2001-08
AL12,E46 (4),BMW,316I,Sedan,M43/TU,77,Rear-Wheel Drive,right,Europe,1998-10,2001-08
AL51,E46 (4),BMW,316I,Sedan,M43/TU,75,Rear-Wheel Drive,left,Europe,1998-06,2001-07
AL55,E46 (4),BMW,316I,Sedan,M43/TU,77,Rear-Wheel Drive,left,Philippines,1999-09,2001-06
AN72,E46 (4),BMW,316I,Sedan,M43/TU,77,Rear-Wheel Drive,right,Europe,1998-12,2000-10
AL18,E46 (4),BMW,318i,Sedan,M43/TU,87,Rear-Wheel Drive,left,Vietnam,2000-07,2001-05
AL31,E46 (4),BMW,318I,Sedan,M43/TU,87,Rear-Wheel Drive,left,Europe,1997-04,2001-08
AL32,E46 (4),BMW,318I,Sedan,M43/TU,87,Rear-Wheel Drive,right,Europe,1997-08,2001-08
AL34,E46 (4),BMW,318I,Sedan,M43/TU,87,Rear-Wheel Drive,right,Malaysia,1999-06,2001-05
AL35,E46 (4),BMW,318I,Sedan,M43/TU,87,Rear-Wheel Drive,right,Thailand,1999-12,2001-07
AL36,E46 (4),BMW,318I,Sedan,M43/TU,87,Rear-Wheel Drive,left,Egypt,1999-03,2001-06
AL37,E46 (4),BMW,318I,Sedan,M43/TU,87,Rear-Wheel Drive,right,Indonesia,1999-02,2001-08
AL39,E46 (4),BMW,318I,Sedan,M43/TU,87,Rear-Wheel Drive,left,Philippines,1998-12,2001-06
AL58,E46 (4),BMW,318I,Sedan,M43/TU,85,Rear-Wheel Drive,left,Russia,2000-12,2001-08
AN91,E46 (4),BMW,318I,Sedan,M43/TU,87,Rear-Wheel Drive,left,Europe,1999-03,2001-09
AN92,E46 (4),BMW,318I,Sedan,M43/TU,87,Rear-Wheel Drive,right,Europe,1998-05,2001-09
AL71,E46 (4),BMW,320d,Sedan,M47D20O0,100,Rear-Wheel Drive,left,Europe,1997-07,2001-08
AL72,E46 (4),BMW,320d,Sedan,M47D20O0,100,Rear-Wheel Drive,right,Europe,1999-01,2001-08
AV72,E46 (4),BMW,320d,Sedan,M47D20O0,100,Rear-Wheel Drive,right,Europe,1999-11,2001-09
AM11,E46 (4),BMW,320I,Sedan,M52/TU,110,Rear-Wheel Drive,left,Europe,1997-07,2001-07
AM12,E46 (4),BMW,320I,Sedan,M52/TU,110,Rear-Wheel Drive,right,Europe,1998-06,2000-08
AN11,E46 (4),BMW,320I,Sedan,M52/TU,110,Rear-Wheel Drive,left,Europe,1999-03,2001-04
AN12,E46 (4),BMW,320I,Sedan,M52/TU,110,Rear-Wheel Drive,right,Europe,1998-11,2000-09
AN15,E46 (4),BMW,320I,Sedan,M54,125,Rear-Wheel Drive,left,Europe,2000-06,2001-07
AN16,E46 (4),BMW,320I,Sedan,M54,125,Rear-Wheel Drive,right,Europe,2000-06,2001-09
AV11,E46 (4),BMW,320I,Sedan,M54,125,Rear-Wheel Drive,left,Europe,1999-12,2001-08
AV12,E46 (4),BMW,320I,Sedan,M54,125,Rear-Wheel Drive,right,Europe,2000-01,2001-08
AV13,E46 (4),BMW,320I,Sedan,M54,125,Rear-Wheel Drive,left,USA,2000-01,2001-08
AV18,E46 (4),BMW,320I,Sedan,M54,125,Rear-Wheel Drive,left,Russia,2001-01,2001-08
AM31,E46 (4),BMW,323I,Sedan,M52/TU,125,Rear-Wheel Drive,left,Europe,1997-07,2000-08
AM32,E46 (4),BMW,323I,Sedan,M52/TU,125,Rear-Wheel Drive,right,Europe,1998-03,2000-08
AM33,E46 (4),BMW,323I,Sedan,M52/TU,125,Rear-Wheel Drive,left,USA,1997-10,2000-09
AM35,E46 (4),BMW,323I,Sedan,M52/TU,135,Rear-Wheel Drive,right,Thailand,1999-11,2001-06
AM36,E46 (4),BMW,323I,Sedan,M52/TU,125,Rear-Wheel Drive,left,Vietnam,1998-06,1999-10
AM37,E46 (4),BMW,323I,Sedan,M52/TU,125,Rear-Wheel Drive,right,Indonesia,2000-01,2000-07
AM38,E46 (4),BMW,323I,Sedan,M52/TU,125,Rear-Wheel Drive,left,Mexico,1998-06,2000-07
AM39,E46 (4),BMW,323i,Sedan,M52/TU,125,Rear-Wheel Drive,left,Philippines,1998-12,2000-06
AN31,E46 (4),BMW,323I,Sedan,M52/TU,125,Rear-Wheel Drive,left,Europe,1999-01,2000-10
AN32,E46 (4),BMW,323I,Sedan,M52/TU,125,Rear-Wheel Drive,right,Europe,1998-11,2000-09
AN33,E46 (4),BMW,323I,Sedan,M52/TU,125,Rear-Wheel Drive,left,USA,1999-08,2000-10
AN35,E46 (4),BMW,325i,Sedan,M54,141,Rear-Wheel Drive,left,Europe,2000-06,2001-09
AN36,E46 (4),BMW,325I,Sedan,M54,141,Rear-Wheel Drive,right,Europe,2000-06,2001-09
AN37,E46 (4),BMW,325I,Sedan,M54,141,Rear-Wheel Drive,left,USA,2000-06,2001-09
AV31,E46 (4),BMW,325I,Sedan,M54,141,Rear-Wheel Drive,left,Europe,2000-01,2001-08
AV32,E46 (4),BMW,325I,Sedan,M54,141,Rear-Wheel Drive,right,Europe,2000-01,2001-08
AV33,E46 (4),BMW,325I,Sedan,M54,141,Rear-Wheel Drive,left,USA,2000-01,2001-08
AV35,E46 (4),BMW,325I,Sedan,M54,141,Rear-Wheel Drive,right,Malaysia,2000-09,2001-07
AV36,E46 (4),BMW,325I,Sedan,M54,141,Rear-Wheel Drive,right,Indonesia,2000-09,2001-07
AV37,E46 (4),BMW,325I,Sedan,M54,141,Rear-Wheel Drive,left,Philippines,2000-11,2001-04
AV39,E46 (4),BMW,325I,Sedan,M54,141,Rear-Wheel Drive,left,Mexico,2000-09,2001-08
AM51,E46 (4),BMW,328I,Sedan,M52/TU,142,Rear-Wheel Drive,left,Europe,1997-04,2000-05
AM52,E46 (4),BMW,328I,Sedan,M52/TU,142,Rear-Wheel Drive,right,Europe,1997-08,2000-05
AM53,E46 (4),BMW,328I,Sedan,M52/TU,142,Rear-Wheel Drive,left,USA,1997-09,2000-05
AM54,E46 (4),BMW,328I,Sedan,M52/TU,142,Rear-Wheel Drive,right,Malaysia,1999-07,2000-05
AM57,E46 (4),BMW,328i,Sedan,M52/TU,142,Rear-Wheel Drive,left,Mexico,1998-06,2000-06
AN51,E46 (4),BMW,328I,Sedan,M52/TU,142,Rear-Wheel Drive,left,Europe,1999-04,2000-05
AN52,E46 (4),BMW,328I,Sedan,M52/TU,142,Rear-Wheel Drive,right,Europe,1998-05,2000-06
AL91,E46 (4),BMW,330d,Sedan,M57D30O0,135,Rear-Wheel Drive,left,Europe,1998-12,2001-08
AL92,E46 (4),BMW,330d,Sedan,M57D30O0,135,Rear-Wheel Drive,right,Europe,1999-05,2001-08
AN55,E46 (4),BMW,330I,Sedan,M54,170,Rear-Wheel Drive,left,Europe,2000-03,2001-09
AN56,E46 (4),BMW,330I,Sedan,M54,170,Rear-Wheel Drive,right,Europe,2000-03,2001-09
AV51,E46 (4),BMW,330I,Sedan,M54,170,Rear-Wheel Drive,left,Europe,1999-09,2001-08
AV52,E46 (4),BMW,330I,Sedan,M54,170,Rear-Wheel Drive,right,Europe,1999-09,2001-08
AV53,E46 (4),BMW,330I,Sedan,M54,170,Rear-Wheel Drive,left,USA,1999-09,2001-08
AY11,E46 (4FL),BMW,316i,Sedan,N40B16,85,Rear-Wheel Drive,left,Europe,2001-06,2004-02
AY15,E46 (4FL),BMW,316i,Sedan,N40B16,85,Rear-Wheel Drive,left,Philippines,2002-03,2004-01
AY31,E46 (4FL),BMW,316i,Sedan,N42B18,85,Rear-Wheel Drive,left,Europe,2001-05,2004-02
AY32,E46 (4FL),BMW,316i,Sedan,N42B18,85,Rear-Wheel Drive,right,Europe,2001-10,2004-02
ER11,E46 (4FL),BMW,316I,Sedan,M43/TU,77,Rear-Wheel Drive,left,Europe,2001-04,2002-02
ER12,E46 (4FL),BMW,316I,Sedan,M43/TU,77,Rear-Wheel Drive,right,Europe,2001-04,2002-03
ER51,E46 (4FL),BMW,316I,Sedan,M43/TU,77,Rear-Wheel Drive,left,Europe,2001-08,2002-02
ER55,E46 (4FL),BMW,316i,Sedan,M43/TU,77,Rear-Wheel Drive,left,Philippines,2001-10,2002-02
EY11,E46 (4FL),BMW,316i,Sedan,N45B16O1,85,Rear-Wheel Drive,left,Europe,2003-09,2005-01
EY31,E46 (4FL),BMW,316i,Sedan,N46B18O0,85,Rear-Wheel Drive,left,Europe,2003-09,2005-01
EY32,E46 (4FL),BMW,316i,Sedan,N46B18O0,85,Rear-Wheel Drive,right,Europe,2003-09,2004-12
EU51,E46 (4FL),BMW,318d,Sedan,M74D20U0,85,Rear-Wheel Drive,left,Europe,2001-03,2003-02
EU71,E46 (4FL),BMW,318d,Sedan,M47D20U1,85,Rear-Wheel Drive,left,Europe,2002-08,2005-01
EU72,E46 (4FL),BMW,318d,Sedan,M47D20U1,85,Rear-Wheel Drive,right,Europe,2003-09,2005-01
AY71,E46 (4FL),BMW,318i,Sedan,N42B20,105,Rear-Wheel Drive,left,Europe,2000-12,2004-02
AY72,E46 (4FL),BMW,318i,Sedan,N42B20,105,Rear-Wheel Drive,right,Europe,2000-12,2004-02
AY74,E46 (4FL),BMW,318i,Sedan,N42B20,105,Rear-Wheel Drive,right,Malaysia,2001-09,2003-12
AY75,E46 (4FL),BMW,318i,Sedan,N42B20,105,Rear-Wheel Drive,right,Thailand,2001-09,2003-11
AY76,E46 (4FL),BMW,318i,Sedan,N42B20,105,Rear-Wheel Drive,left,Egypt,2001-09,2002-08
AY77,E46 (4FL),BMW,318i,Sedan,N42B20,105,Rear-Wheel Drive,right,Indonesia,2001-09,2003-10
AY78,E46 (4FL),BMW,318i,Sedan,N42B20,105,Rear-Wheel Drive,left,Vietnam,2001-10,2003-09
AY79,E46 (4FL),BMW,318i,Sedan,N42B20,105,Rear-Wheel Drive,left,Philippines,2001-09,2004-01
AY97,E46 (4FL),BMW,318i,Sedan,N42B20,105,Rear-Wheel Drive,left,China,2003-12,2004-02
AY98,E46 (4FL),BMW,318i,Sedan,N42B20,105,Rear-Wheel Drive,left,Russia,2001-09,2003-11
AZ71,E46 (4FL),BMW,318i,Sedan,N42B20,105,Rear-Wheel Drive,left,Europe,2001-05,2004-03
AZ72,E46 (4FL),BMW,318i,Sedan,N42B20,105,Rear-Wheel Drive,right,Europe,2001-04,2004-03
ET75,E46 (4FL),BMW,318i,Sedan,N46,105,Rear-Wheel Drive,left,Europe,2003-10,2005-02
ET76,E46 (4FL),BMW,318i,Sedan,N46,105,Rear-Wheel Drive,right,Europe,2003-10,2005-02
EY71,E46 (4FL),BMW,318i,Sedan,N46,105,Rear-Wheel Drive,left,Europe,2003-09,2005-01
EY72,E46 (4FL),BMW,318i,Sedan,N46,105,Rear-Wheel Drive,right,Europe,2003-09,2005-01
EY74,E46 (4FL),BMW,318i,Sedan,N46,105,Rear-Wheel Drive,right,Malaysia,2004-03,2004-10
EY75,E46 (4FL),BMW,318i,Sedan,N46,105,Rear-Wheel Drive,right,Thailand,2004-04,2004-10
EY76,E46 (4FL),BMW,318i,Sedan,N46,105,Rear-Wheel Drive,left,Egypt,2004-04,2004-11
EY77,E46 (4FL),BMW,318i,Sedan,N46,105,Rear-Wheel Drive,right,Indonesia,2004-03,2004-08
EY78,E46 (4FL),BMW,318i,Sedan,N46,105,Rear-Wheel Drive,left,Vietnam,2004-04,2005-01
EY97,E46 (4FL),BMW,318i,Sedan,N46,105,Rear-Wheel Drive,left,China,2004-03,2005-05
EY98,E46 (4FL),BMW,318i,Sedan,N46,105,Rear-Wheel Drive,left,Russia,2004-03,2004-07
AS71,E46 (4FL),BMW,320d,Sedan,M47D20O1,110,Rear-Wheel Drive,left,Europe,2000-10,2005-01
AS72,E46 (4FL),BMW,320d,Sedan,M47D20O1,110,Rear-Wheel Drive,right,Europe,2000-11,2005-01
AZ12,E46 (4FL),BMW,320d,Sedan,M47D20O1,110,Rear-Wheel Drive,right,Europe,2001-04,2005-02
ET15,E46 (4FL),BMW,320I,Sedan,M54,125,Rear-Wheel Drive,left,Europe,2001-05,2005-01
ET16,E46 (4FL),BMW,320I,Sedan,M54,125,Rear-Wheel Drive,right,Europe,2001-04,2005-02
EV11,E46 (4FL),BMW,320I,Sedan,M54,125,Rear-Wheel Drive,left,Europe,2001-03,2005-01
EV12,E46 (4FL),BMW,320I,Sedan,M54,125,Rear-Wheel Drive,right,Europe,2001-04,2005-01
EV13,E46 (4FL),BMW,320I,Sedan,M54,125,Rear-Wheel Drive,left,USA,2001-04,2004-12
EV18,E46 (4FL),BMW,320I,Sedan,M54,125,Rear-Wheel Drive,left,Russia,2001-09,2004-08
ES35,E46 (4FL),BMW,323I,Sedan,M52/TU,135,Rear-Wheel Drive,right,Thailand,2001-09,2003-04
AZ33,E46 (4FL),BMW,325I,Sedan,M56,132,Rear-Wheel Drive,left,USA,2001-12,2004-12
AZ96,E46 (4FL),BMW,325I,Sedan,M54,141,Rear-Wheel Drive,left,Egypt,2004-03,2004-06
ET35,E46 (4FL),BMW,325I,Sedan,M54,141,Rear-Wheel Drive,left,Europe,2001-05,2004-12
ET36,E46 (4FL),BMW,325I,Sedan,M54,141,Rear-Wheel Drive,right,Europe,2001-05,2005-02
ET37,E46 (4FL),BMW,325I,Sedan,M54,141,Rear-Wheel Drive,left,USA,2001-04,2005-02
EV19,E46 (4FL),BMW,325I,Sedan,M54,141,Rear-Wheel Drive,left,China,2003-03,2004-04
EV31,E46 (4FL),BMW,325I,Sedan,M54,141,Rear-Wheel Drive,left,Europe,2001-03,2005-01
EV32,E46 (4FL),BMW,325I,Sedan,M54,141,Rear-Wheel Drive,right,Europe,2001-03,2005-01
EV33,E46 (4FL),BMW,325I,Sedan,M54,141,Rear-Wheel Drive,left,USA,2001-03,2005-01
EV34,E46 (4FL),BMW,325I,Sedan,M54,140,Rear-Wheel Drive,right,Thailand,2003-11,2004-10
EV35,E46 (4FL),BMW,325I,Sedan,M54,141,Rear-Wheel Drive,right,Malaysia,2001-09,2004-10
EV36,E46 (4FL),BMW,325I,Sedan,M54,141,Rear-Wheel Drive,right,Indonesia,2001-09,2004-05
EV37,E46 (4FL),BMW,325I,Sedan,M54,141,Rear-Wheel Drive,left,Philippines,2001-10,2004-01
EV38,E46 (4FL),BMW,325I,Sedan,M54,141,Rear-Wheel Drive,left,Vietnam,2002-06,2005-01
EV39,E46 (4FL),BMW,325I,Sedan,M54,141,Rear-Wheel Drive,left,Mexico,2001-09,2003-01
EU31,E46 (4FL),BMW,325XI,Sedan,M54,141,All Wheel-Drive,left,Europe,2001-03,2004-12
EU33,E46 (4FL),BMW,325XI,Sedan,M54,141,All Wheel-Drive,left,USA,2001-05,2004-12
ED91,E46 (4FL),BMW,330d,Sedan,M57D30O1,150,Rear-Wheel Drive,left,Europe,2002-08,2005-01
ED92,E46 (4FL),BMW,330d,Sedan,M57D30O1,150,Rear-Wheel Drive,right,Europe,2002-10,2004-12
EJ92,E46 (4FL),BMW,330d,Sedan,M57D30O1,150,Rear-Wheel Drive,right,Europe,2002-10,2005-02
ER91,E46 (4FL),BMW,330d,Sedan,M57D30O0,135,Rear-Wheel Drive,left,Europe,2001-03,2003-02
ER92,E46 (4FL),BMW,330d,Sedan,M57D30O0,135,Rear-Wheel Drive,right,Europe,2001-08,2003-02
ES92,E46 (4FL),BMW,330d,Sedan,M57D30O0,135,Rear-Wheel Drive,right,Europe,2001-04,2003-04
ET55,E46 (4FL),BMW,330I,Sedan,M54,170,Rear-Wheel Drive,left,Europe,2001-05,2005-01
ET56,E46 (4FL),BMW,330I,Sedan,M54,170,Rear-Wheel Drive,right,Europe,2001-04,2005-02
EV51,E46 (4FL),BMW,330I,Sedan,M54,170,Rear-Wheel Drive,left,Europe,2001-03,2005-01
EV52,E46 (4FL),BMW,330I,Sedan,M54,170,Rear-Wheel Drive,right,Europe,2001-04,2004-12
EV53,E46 (4FL),BMW,330I,Sedan,M54,170,Rear-Wheel Drive,left,USA,2001-03,2005-01
EV55,E46 (4FL),BMW,330I,Sedan,M54,161,Rear-Wheel Drive,right,Thailand,2001-09,2003-09
ED71,E46 (4FL),BMW,330xd,Sedan,M57D30O1,150,All Wheel-Drive,left,Europe,2002-09,2004-12
EV91,E46 (4FL),BMW,330xd,Sedan,M57D30O0,135,All Wheel-Drive,left,Europe,2001-04,2003-02
EW51,E46 (4FL),BMW,330XI,Sedan,M54,170,All Wheel-Drive,left,Europe,2001-03,2004-12
EW53,E46 (4FL),BMW,330XI,Sedan,M54,170,All Wheel-Drive,left,USA,2001-05,2004-12
AT11,E46 (5),BMW,316ti,Compact,N40B16,85,Rear-Wheel Drive,left,Europe,2001-06,2004-02
AT51,E46 (5),BMW,316ti,Compact,N42B18,85,Rear-Wheel Drive,left,Europe,2000-03,2004-02
AT52,E46 (5),BMW,316ti,Compact,N42B18,85,Rear-Wheel Drive,right,Europe,2000-03,2004-02
EZ31,E46 (5),BMW,316ti,Compact,N45B16O1,85,Rear-Wheel Drive,left,Europe,2003-10,2004-12
EZ51,E46 (5),BMW,316ti,Compact,N46B18O0,85,Rear-Wheel Drive,left,Europe,2003-09,2004-12
EZ52,E46 (5),BMW,316ti,Compact,N46B18O0,85,Rear-Wheel Drive,right,Europe,2003-10,2004-12
AT91,E46 (5),BMW,318td,Compact,M47D20U1,85,Rear-Wheel Drive,left,Europe,2002-08,2004-12
AU51,E46 (5),BMW,318ti,Compact,N42B20,105,Rear-Wheel Drive,left,Europe,2001-03,2004-02
AU52,E46 (5),BMW,318ti,Compact,N42B20,105,Rear-Wheel Drive,right,Europe,2001-04,2004-02
EZ71,E46 (5),BMW,318ti,Compact,N46,105,Rear-Wheel Drive,left,Europe,2003-09,2004-12
EZ72,E46 (5),BMW,318ti,Compact,N46,105,Rear-Wheel Drive,right,Europe,2003-10,2004-12
AT71,E46 (5),BMW,320td,Compact,M47D20O1,110,Rear-Wheel Drive,left,Europe,2000-05,2004-12
AT72,E46 (5),BMW,320td,Compact,M47D20O1,110,Rear-Wheel Drive,right,Europe,2001-03,2004-12
AT31,E46 (5),BMW,325ti,Compact,M54,141,Rear-Wheel Drive,left,Europe,2000-03,2004-12
AT32,E46 (5),BMW,325ti,Compact,M54,141,Rear-Wheel Drive,right,Europe,2000-10,2004-12
EJ11,E52,BMW,Z8,Roadster,S62,294,Rear-Wheel Drive,left,Europe,1998-12,2003-07
EJ13,E52,BMW,Z8,Roadster,S62,294,Rear-Wheel Drive,left,USA,1999-01,2003-06
FA71,E53,BMW,X5 3.0d,Sports Activity Vehicle,M57D30O0,135,All Wheel-Drive,left,Europe,2000-01,2003-09
FA72,E53,BMW,X5 3.0d,Sports Activity Vehicle,M57D30O0,135,All Wheel-Drive,right,Europe,2000-07,2003-09
FB71,E53,BMW,X5 3.0d,Sports Activity Vehicle,M57D30O1,160,All Wheel-Drive,left,Europe,2003-01,2006-09
FB72,E53,BMW,X5 3.0d,Sports Activity Vehicle,M57D30O1,160,All Wheel-Drive,right,Europe,2003-03,2006-09
FA11,E53,BMW,X5 3.0I,Sports Activity Vehicle,M54,170,All Wheel-Drive,left,Europe,2003-01,2006-09
FA12,E53,BMW,X5 3.0I,Sports Activity Vehicle,M54,170,All Wheel-Drive,right,Europe,2003-04,2006-09
FA13,E53,BMW,X5 3.0I,Sports Activity Vehicle,M54,170,All Wheel-Drive,left,USA,2003-01,2006-09
FA51,E53,BMW,X5 3.0I,Sports Activity Vehicle,M54,170,All Wheel-Drive,left,Europe,1999-08,2003-09
FA52,E53,BMW,X5 3.0I,Sports Activity Vehicle,M54,170,All Wheel-Drive,right,Europe,2000-05,2003-09
FA53,E53,BMW,X5 3.0I,Sports Activity Vehicle,M54,170,All Wheel-Drive,left,USA,1999-08,2003-09
FB31,E53,BMW,X5 4.4I,Sports Activity Vehicle,M62/TU,210,All Wheel-Drive,left,Europe,1999-07,2003-09
FB32,E53,BMW,X5 4.4I,Sports Activity Vehicle,M62/TU,210,All Wheel-Drive,right,Europe,1999-11,2003-09
FB33,E53,BMW,X5 4.4I,Sports Activity Vehicle,M62/TU,210,All Wheel-Drive,left,USA,1998-10,2003-09
FB51,E53,BMW,X5 4.4i,Sports Activity Vehicle,N62B44O0,235,All Wheel-Drive,left,Europe,2003-01,2006-09
FB52,E53,BMW,X5 4.4i,Sports Activity Vehicle,N62B44O0,235,All Wheel-Drive,right,Europe,2003-03,2006-09
FB53,E53,BMW,X5 4.4i,Sports Activity Vehicle,N62B44O0,235,All Wheel-Drive,left,USA,2003-02,2006-09
FB91,E53,BMW,X5 4.6IS,Sports Activity Vehicle,M62/TU,255,All Wheel-Drive,left,Europe,2001-01,2003-09
FB92,E53,BMW,X5 4.6IS,Sports Activity Vehicle,M62/TU,255,All Wheel-Drive,right,Europe,2001-01,2003-09
FB93,E53,BMW,X5 4.6IS,Sports Activity Vehicle,M62/TU,255,All Wheel-Drive,left,USA,2001-01,2003-09
FA91,E53,BMW,X5 4.8is,Sports Activity Vehicle,N62B48O0,265,All Wheel-Drive,left,Europe,2003-11,2006-09
FA92,E53,BMW,X5 4.8is,Sports Activity Vehicle,N62B48O0,265,All Wheel-Drive,right,Europe,2003-11,2006-09
FA93,E53,BMW,X5 4.8is,Sports Activity Vehicle,N62B48O0,265,All Wheel-Drive,left,USA,2003-11,2006-08
NC31,E60,BMW,520d,Sedan,M47D20O2,120,Rear-Wheel Drive,left,Europe,2005-02,2007-02
NC32,E60,BMW,520d,Sedan,M47D20O2,120,Rear-Wheel Drive,right,Europe,2005-02,2007-02
NC37,E60,BMW,520d,Sedan,M47D20O2,120,Rear-Wheel Drive,right,Thailand,2006-05,2007-01
NA31,E60,BMW,520I,Sedan,M54,125,Rear-Wheel Drive,left,Europe,2002-02,2005-02
NA32,E60,BMW,520I,Sedan,M54,125,Rear-Wheel Drive,right,Europe,2002-12,2005-02
NA34,E60,BMW,520I,Sedan,M54,125,Rear-Wheel Drive,right,Malaysia,2004-03,2004-12
NA36,E60,BMW,520I,Sedan,M54,125,Rear-Wheel Drive,left,Egypt,2004-05,2005-02
NA37,E60,BMW,520i,Sedan,M54,125,Rear-Wheel Drive,right,Indonesia,2004-03,2005-01
NA39,E60,BMW,520I,Sedan,M54,125,Rear-Wheel Drive,left,China,2004-02,2005-02
NA99,E60,BMW,520I,Sedan,M54,125,Rear-Wheel Drive,right,Thailand,2004-08,2004-11
NE31,E60,BMW,523i,Sedan,N52B25U0,130,Rear-Wheel Drive,left,Europe,2004-07,2007-02
NE32,E60,BMW,523i,Sedan,N52B25U0,130,Rear-Wheel Drive,right,Europe,2004-11,2007-02
NE34,E60,BMW,523i,Sedan,N52B25U0,130,Rear-Wheel Drive,right,Malaysia,2005-04,2007-02
NE36,E60,BMW,523i,Sedan,N52B25U0,130,Rear-Wheel Drive,left,Egypt,2005-05,2007-02
NE37,E60,BMW,523i,Sedan,N52B25U0,130,Rear-Wheel Drive,right,Indonesia,2005-03,2005-11
NE38,E60,BMW,523i,Sedan,N52B25U0,125,Rear-Wheel Drive,right,Thailand,2006-07,2007-02
NE39,E60,BMW,523i,Sedan,N52B25U0,130,Rear-Wheel Drive,left,China,2004-10,2006-06
NU15,E60,BMW,523Li,Sedan,N52B25U0,130,Rear-Wheel Drive,left,China,2006-02,2007-06
NC51,E60,BMW,525d,Sedan,M57D25O1,130,Rear-Wheel Drive,left,Europe,2002-02,2007-02
NC52,E60,BMW,525d,Sedan,M57D25O1,130,Rear-Wheel Drive,right,Europe,2003-10,2007-02
NA38,E60,BMW,525I,Sedan,M54,140,Rear-Wheel Drive,right,Thailand,2003-09,2005-01
NA51,E60,BMW,525I,Sedan,M54,141,Rear-Wheel Drive,left,Europe,2002-01,2005-02
NA52,E60,BMW,525I,Sedan,M54,141,Rear-Wheel Drive,right,Europe,2003-04,2005-02
NA53,E60,BMW,525I,Sedan,M54,141,Rear-Wheel Drive,left,USA,2002-03,2005-02
NA54,E60,BMW,525I,Sedan,M54,141,Rear-Wheel Drive,right,Malaysia,2004-06,2004-12
NA56,E60,BMW,525i,Sedan,M54,141,Rear-Wheel Drive,left,Egypt,2004-07,2005-02
NA58,E60,BMW,525I,Sedan,M54,141,Rear-Wheel Drive,left,Russia,2003-10,2005-02
NA98,E60,BMW,525I,Sedan,M54,141,Rear-Wheel Drive,left,China,2004-02,2004-08
NE51,E60,BMW,525i,Sedan,N52B25O0,160,Rear-Wheel Drive,left,Europe,2004-07,2007-02
NE52,E60,BMW,525i,Sedan,N52B25O0,160,Rear-Wheel Drive,right,Europe,2004-07,2007-02
NE53,E60,BMW,525i,Sedan,N52B30U0,160,Rear-Wheel Drive,left,USA,2004-07,2007-02
NE54,E60,BMW,525i,Sedan,N52B25O0,160,Rear-Wheel Drive,right,Malaysia,2005-04,2007-02
NE56,E60,BMW,525i,Sedan,N52B25O0,160,Rear-Wheel Drive,left,Egypt,2005-06,2007-02
NE58,E60,BMW,525i,Sedan,N52B25O0,160,Rear-Wheel Drive,right,Thailand,2006-08,2007-01
NE59,E60,BMW,525i,Sedan,N52B25O0,160,Rear-Wheel Drive,left,Russia,2005-04,2007-01
NE98,E60,BMW,525i,Sedan,N52B25O0,160,Rear-Wheel Drive,left,China,2004-10,2006-05
NU57,E60,BMW,525Li,Sedan,N52B25O0,160,Rear-Wheel Drive,left,China,2006-02,2007-06
NF31,E60,BMW,525xi,Sedan,N52B25O0,160,All Wheel-Drive,left,Europe,2004-10,2007-02
NF33,E60,BMW,525xi,Sedan,N52B30U0,160,All Wheel-Drive,left,USA,2004-10,2007-02
NC71,E60,BMW,530d,Sedan,M57D30O1,160,Rear-Wheel Drive,left,Europe,2002-02,2005-09
NC72,E60,BMW,530d,Sedan,M57D30O1,150,Rear-Wheel Drive,right,Europe,2002-12,2005-08
NR71,E60,BMW,530d,Sedan,M57D30O2,170,Rear-Wheel Drive,left,Europe,2005-02,2007-02
NR72,E60,BMW,530d,Sedan,M57D30O2,170,Rear-Wheel Drive,right,Europe,2005-04,2007-02
NA71,E60,BMW,530I,Sedan,M54,170,Rear-Wheel Drive,left,Europe,2001-12,2005-02
NA72,E60,BMW,530I,Sedan,M54,170,Rear-Wheel Drive,right,Europe,2002-06,2005-02
NA73,E60,BMW,530I,Sedan,M54,170,Rear-Wheel Drive,left,USA,2002-01,2005-02
NA74,E60,BMW,530I,Sedan,M54,170,Rear-Wheel Drive,right,Malaysia,2004-03,2004-11
NA76,E60,BMW,530i,Sedan,M54,170,Rear-Wheel Drive,left,Egypt,2004-05,2004-11
NA77,E60,BMW,530i,Sedan,M54,170,Rear-Wheel Drive,right,Indonesia,2004-03,2005-02
NA78,E60,BMW,530I,Sedan,M54,170,Rear-Wheel Drive,left,Russia,2004-01,2005-02
NA79,E60,BMW,530I,Sedan,M54,170,Rear-Wheel Drive,left,China,2003-07,2005-02
NE71,E60,BMW,530i,Sedan,N52B30O0,190,Rear-Wheel Drive,left,Europe,2004-07,2007-02
NE72,E60,BMW,530i,Sedan,N52B30O0,190,Rear-Wheel Drive,right,Europe,2004-07,2007-02
NE73,E60,BMW,530i,Sedan,N52B30O0,190,Rear-Wheel Drive,left,USA,2004-07,2007-02
NE74,E60,BMW,530i,Sedan,N52B30O0,190,Rear-Wheel Drive,right,Malaysia,2005-04,2007-02
NE76,E60,BMW,530i,Sedan,N52B30O0,190,Rear-Wheel Drive,left,Egypt,2005-05,2006-12
NE77,E60,BMW,530i,Sedan,N52B30O0,190,Rear-Wheel Drive,right,Indonesia,2005-03,2006-04
NE78,E60,BMW,530i,Sedan,N52B30O0,190,Rear-Wheel Drive,left,Russia,2005-05,2007-01
NE79,E60,BMW,530i,Sedan,N52B30O0,190,Rear-Wheel Drive,left,China,2004-10,2006-06
NU98,E60,BMW,530i,Sedan,N52B30O0,190,Rear-Wheel Drive,left,China,2006-02,2007-06
NF78,E60,BMW,530ix,Sedan,N52B30O0,190,All Wheel-Drive,left,Russia,2006-05,2007-02
NM71,E60,BMW,530xd,Sedan,M57D30O2,170,All Wheel-Drive,left,Europe,2005-02,2007-02
NF71,E60,BMW,530xi,Sedan,N52B30O0,190,All Wheel-Drive,left,Europe,2004-09,2007-02
NF73,E60,BMW,530xi,Sedan,N52B30O0,190,All Wheel-Drive,left,USA,2004-07,2007-02
NC91,E60,BMW,535d,Sedan,M57D30T1,200,Rear-Wheel Drive,left,Europe,2004-01,2007-02
NC92,E60,BMW,535d,Sedan,M57D30T1,200,Rear-Wheel Drive,right,Europe,2004-04,2007-02
NB11,E60,BMW,540i,Sedan,N62B40O1,220,Rear-Wheel Drive,left,Europe,2005-02,2007-02
NB12,E60,BMW,540i,Sedan,N62B40O1,220,Rear-Wheel Drive,right,Europe,2005-02,2007-02
NB31,E60,BMW,545i,Sedan,N62B44O0,245,Rear-Wheel Drive,left,Europe,2002-02,2005-08
NB32,E60,BMW,545i,Sedan,N62B44O0,245,Rear-Wheel Drive,right,Europe,2002-12,2005-08
NB33,E60,BMW,545i,Sedan,N62B44O0,245,Rear-Wheel Drive,left,USA,2002-02,2005-08
NB51,E60,BMW,550i,Sedan,N62B48O1,270,Rear-Wheel Drive,left,Europe,2005-02,2007-02
NB52,E60,BMW,550i,Sedan,N62B48O1,270,Rear-Wheel Drive,right,Europe,2005-04,2007-02
NB53,E60,BMW,550i,Sedan,N62B48O1,270,Rear-Wheel Drive,left,USA,2005-02,2007-02
NB91,E60 (M5),BMW,M5,Sedan,S85B50,373,Rear-Wheel Drive,left,Europe,2003-05,2009-12
NB92,E60 (M5),BMW,M5,Sedan,S85B50,373,Rear-Wheel Drive,right,Europe,2003-11,2009-12
NB93,E60 (M5),BMW,M5,Sedan,S85B50,373,Rear-Wheel Drive,left,USA,2003-05,2009-12
NX11,E60 (MUE),BMW,520d,Sedan,M47D20O2,120,Rear-Wheel Drive,left,Europe,2006-11,2008-02
NX12,E60 (MUE),BMW,520d,Sedan,M47D20O2,120,Rear-Wheel Drive,right,Europe,2006-11,2008-02
NX17,E60 (MUE),BMW,520d,Sedan,M47D20O2,120,Rear-Wheel Drive,right,Thailand,2007-03,2007-11
NX31,E60 (MUE),BMW,520d,Sedan,N47D20O0,130,Rear-Wheel Drive,left,Europe,2006-04,2009-12
NX32,E60 (MUE),BMW,520d,Sedan,N47D20O0,130,Rear-Wheel Drive,right,Europe,2006-05,2009-12
NX35,E60 (MUE),BMW,520d,Sedan,N47D20O0,130,Rear-Wheel Drive,right,Indien,2008-03,2009-12
NX37,E60 (MUE),BMW,520d,Sedan,N47D20O0,130,Rear-Wheel Drive,right,Thailand,2008-03,2009-12
NT11,E60 (MUE),BMW,520i,Sedan,N46B20O2,115,Rear-Wheel Drive,left,Europe,2006-04,2009-12
NT12,E60 (MUE),BMW,520i,Sedan,N46B20O2,115,Rear-Wheel Drive,right,Europe,2006-04,2009-12
NT15,E60 (MUE),BMW,520i,Sedan,N46B20O2,115,Rear-Wheel Drive,left,Russia,2008-02,2009-07
NT31,E60 (MUE),BMW,520i,Sedan,N43B20O0,125,Rear-Wheel Drive,left,Europe,2006-04,2009-12
NT32,E60 (MUE),BMW,520i,Sedan,N43B20O0,125,Rear-Wheel Drive,right,Europe,2007-09,2009-10
NT17,E60 (MUE),BMW,520Li,Sedan,N46B20O2,115,Rear-Wheel Drive,left,China,2008-03,2009-10
PZ11,E60 (MUE),BMW,520Li,Sedan,N46B20O2,115,Rear-Wheel Drive,left,China,2010-01,2010-02
NU11,E60 (MUE),BMW,523i,Sedan,N52B25U1,140,Rear-Wheel Drive,left,Europe,2005-11,2009-12
NU18,E60 (MUE),BMW,523i,Sedan,N52B25U1,140,Rear-Wheel Drive,right,Thailand,2007-03,2008-11
NU31,E60 (MUE),BMW,523i,Sedan,N53B25U0,140,Rear-Wheel Drive,left,Europe,2005-11,2009-12
NU32,E60 (MUE),BMW,523i,Sedan,N53B25U0,140,Rear-Wheel Drive,right,Europe,2007-02,2009-12
NU35,E60 (MUE),BMW,523i,Sedan,N52B25U1,140,Rear-Wheel Drive,right,Indien,2007-03,2008-02
NU17,E60 (MUE),BMW,523I U,Sedan,N52B25U1,140,Rear-Wheel Drive,right,Indonesia,2007-09,2009-12
NU12,E60 (MUE),BMW,523I UL,Sedan,N52B25U1,140,Rear-Wheel Drive,right,Europe,2006-05,2009-12
NU14,E60 (MUE),BMW,523I UL,Sedan,N52B25U1,140,Rear-Wheel Drive,right,Malaysia,2007-03,2009-12
NU16,E60 (MUE),BMW,523I UL,Sedan,N52B25U1,140,Rear-Wheel Drive,left,Egypt,2007-03,2008-12
NU39,E60 (MUE),BMW,523Li,Sedan,N52B25U1,130,Rear-Wheel Drive,left,China,2006-09,2009-10
PZ31,E60 (MUE),BMW,523Li,Sedan,N52B25U1,130,Rear-Wheel Drive,left,China,2010-01,2010-02
NX51,E60 (MUE),BMW,525d,Sedan,M57D30U2,145,Rear-Wheel Drive,left,Europe,2005-11,2009-12
NX52,E60 (MUE),BMW,525d,Sedan,M57D30U2,145,Rear-Wheel Drive,right,Europe,2006-05,2009-12
NX55,E60 (MUE),BMW,525d,Sedan,M57D30U2,145,Rear-Wheel Drive,right,Indien,2007-03,2008-02
NU51,E60 (MUE),BMW,525i,Sedan,N52B25O1,160,Rear-Wheel Drive,left,Europe,2006-09,2009-12
NU52,E60 (MUE),BMW,525i,Sedan,N52B25O1,160,Rear-Wheel Drive,right,Europe,2006-09,2009-12
NU54,E60 (MUE),BMW,525i,Sedan,N52B25O1,160,Rear-Wheel Drive,right,Malaysia,2007-04,2009-12
NU55,E60 (MUE),BMW,525i,Sedan,N52B25O1,160,Rear-Wheel Drive,left,Russia,2007-03,2009-07
NU56,E60 (MUE),BMW,525i,Sedan,N52B25O1,160,Rear-Wheel Drive,left,Egypt,2007-03,2008-12
NU58,E60 (MUE),BMW,525i,Sedan,N52B25O1,160,Rear-Wheel Drive,right,Thailand,2007-03,2009-12
NU71,E60 (MUE),BMW,525i,Sedan,N53B30U0,160,Rear-Wheel Drive,left,Europe,2005-11,2009-12
NU72,E60 (MUE),BMW,525i,Sedan,N53B30U0,160,Rear-Wheel Drive,right,Europe,2007-03,2009-12
NU75,E60 (MUE),BMW,525i,Sedan,N52B25O1,160,Rear-Wheel Drive,right,Indien,2007-04,2009-05
NU79,E60 (MUE),BMW,525Li,Sedan,N52B25O1,160,Rear-Wheel Drive,left,China,2006-09,2009-10
PZ51,E60 (MUE),BMW,525Li,Sedan,N52B25O1,160,Rear-Wheel Drive,left,China,2010-01,2010-02
NY51,E60 (MUE),BMW,525xd,Sedan,M57D30U2,145,All Wheel-Drive,left,Europe,2006-04,2009-12
NV31,E60 (MUE),BMW,525xi,Sedan,N53B30U0,160,All Wheel-Drive,left,Europe,2006-09,2009-12
NV35,E60 (MUE),BMW,525xi,Sedan,N53B30U0,160,All Wheel-Drive,left,Russia,2008-11,2009-07
NU53,E60 (MUE),BMW,528i,Sedan,N52B30M1,172,Rear-Wheel Drive,left,USA,2005-11,2009-12
NV13,E60 (MUE),BMW,528xi,Sedan,N52B30M1,172,All Wheel-Drive,left,USA,2005-11,2009-12
NX71,E60 (MUE),BMW,530d,Sedan,M57D30O2,173,Rear-Wheel Drive,left,Europe,2005-11,2009-12
NX72,E60 (MUE),BMW,530d,Sedan,M57D30O2,173,Rear-Wheel Drive,right,Europe,2007-02,2009-12
NX75,E60 (MUE),BMW,530d,Sedan,M57D30O2,173,Rear-Wheel Drive,right,Indien,2008-03,2009-06
ND71,E60 (MUE),BMW,530i,Sedan,N53B30O0,200,Rear-Wheel Drive,left,Europe,2005-11,2009-12
ND72,E60 (MUE),BMW,530i,Sedan,N53B30O0,200,Rear-Wheel Drive,right,Europe,2006-11,2009-11
ND75,E60 (MUE),BMW,530i,Sedan,N52B30O1,200,Rear-Wheel Drive,right,Indien,2007-03,2009-02
NU91,E60 (MUE),BMW,530i,Sedan,N52B30O1,200,Rear-Wheel Drive,left,Europe,2005-11,2009-12
NU92,E60 (MUE),BMW,530i,Sedan,N52B30O1,200,Rear-Wheel Drive,right,Europe,2005-12,2009-12
NU94,E60 (MUE),BMW,530i,Sedan,N52B30O1,200,Rear-Wheel Drive,right,Malaysia,2007-04,2009-03
NU95,E60 (MUE),BMW,530i,Sedan,N52B30O1,200,Rear-Wheel Drive,left,Russia,2007-03,2009-06
NU96,E60 (MUE),BMW,530i,Sedan,N52B30O1,200,Rear-Wheel Drive,left,Egypt,2007-04,2008-12
NU97,E60 (MUE),BMW,530i,Sedan,N52B30O1,200,Rear-Wheel Drive,right,Indonesia,,
PZ71,E60 (MUE),BMW,530i,Sedan,N52B30O1,190,Rear-Wheel Drive,left,China,2010-01,2010-02
ND79,E60 (MUE),BMW,530Li,Sedan,N52B30O1,190,Rear-Wheel Drive,left,China,2006-09,2009-10
NY71,E60 (MUE),BMW,530xd,Sedan,M57D30O2,173,All Wheel-Drive,left,Europe,2005-10,2009-12
NV51,E60 (MUE),BMW,530xi,Sedan,N52B30O1,200,All Wheel-Drive,left,Europe,2005-11,2009-10
NV58,E60 (MUE),BMW,530xi,Sedan,N52B30O1,200,All Wheel-Drive,left,Russia,2007-03,2009-07
NV71,E60 (MUE),BMW,530xi,Sedan,N53B30O0,200,All Wheel-Drive,left,Europe,2005-11,2009-12
NX91,E60 (MUE),BMW,535d,Sedan,M57D30T2,210,Rear-Wheel Drive,left,Europe,2005-11,2009-12
NX92,E60 (MUE),BMW,535d,Sedan,M57D30T2,210,Rear-Wheel Drive,right,Europe,2007-02,2009-12
NW13,E60 (MUE),BMW,535i,Sedan,N54B30O0,225,Rear-Wheel Drive,left,USA,2006-04,2009-12
NV93,E60 (MUE),BMW,535ix,Sedan,N54B30O0,225,All Wheel-Drive,left,USA,2006-04,2009-12
NW31,E60 (MUE),BMW,540i,Sedan,N62B40O1,225,Rear-Wheel Drive,left,Europe,2005-11,2009-12
NW32,E60 (MUE),BMW,540i,Sedan,N62B40O1,225,Rear-Wheel Drive,right,Europe,2006-11,2009-09
NW51,E60 (MUE),BMW,550i,Sedan,N62B48O1,270,Rear-Wheel Drive,left,Europe,2005-11,2009-12
NW52,E60 (MUE),BMW,550i,Sedan,N62B48O1,270,Rear-Wheel Drive,right,Europe,2005-12,2009-11
NW53,E60 (MUE),BMW,550i,Sedan,N62B48O1,270,Rear-Wheel Drive,left,USA,2005-11,2009-12
NJ31,E61,BMW,520d,Touring,M47D20O2,120,Rear-Wheel Drive,left,Europe,2005-04,2007-02
NJ32,E61,BMW,520d,Touring,M47D20O2,120,Rear-Wheel Drive,right,Europe,2005-04,2007-02
NL31,E61,BMW,523i,Touring,N52B25U0,130,Rear-Wheel Drive,left,Europe,2004-10,2007-02
NL32,E61,BMW,523i,Touring,N52B25U0,130,Rear-Wheel Drive,right,Europe,2004-10,2007-02
NJ51,E61,BMW,525d,Touring,M57D25O1,130,Rear-Wheel Drive,left,Europe,2002-11,2007-02
NJ52,E61,BMW,525d,Touring,M57D25O1,130,Rear-Wheel Drive,right,Europe,2004-01,2007-02
NG51,E61,BMW,525I,Touring,M54,141,Rear-Wheel Drive,left,Europe,2002-10,2005-02
NG52,E61,BMW,525I,Touring,M54,141,Rear-Wheel Drive,right,Europe,2003-10,2005-02
NL51,E61,BMW,525i,Touring,N52B25O0,160,Rear-Wheel Drive,left,Europe,2004-10,2007-02
NL52,E61,BMW,525i,Touring,N52B25O0,160,Rear-Wheel Drive,right,Europe,2004-07,2007-02
NN51,E61,BMW,525xi,Touring,N52B25O0,160,All Wheel-Drive,left,Europe,2004-10,2007-02
NJ71,E61,BMW,530d,Touring,M57D30O1,160,Rear-Wheel Drive,left,Europe,2002-11,2005-09
NJ72,E61,BMW,530d,Touring,M57D30O1,160,Rear-Wheel Drive,right,Europe,2003-12,2005-07
NS71,E61,BMW,530d,Touring,M57D30O2,170,Rear-Wheel Drive,left,Europe,2005-02,2007-02
NS72,E61,BMW,530d,Touring,M57D30O2,170,Rear-Wheel Drive,right,Europe,2005-05,2007-02
NL71,E61,BMW,530i,Touring,N52B30O0,190,Rear-Wheel Drive,left,Europe,2004-09,2007-02
NL72,E61,BMW,530i,Touring,N52B30O0,190,Rear-Wheel Drive,right,Europe,2004-07,2007-02
NP71,E61,BMW,530xd,Touring,M57D30O2,170,All Wheel-Drive,left,Europe,2005-02,2007-02
NN71,E61,BMW,530xi,Touring,N52B30O0,190,All Wheel-Drive,left,Europe,2004-09,2007-02
NN73,E61,BMW,530xi,Touring,N52B30O0,190,All Wheel-Drive,left,USA,2004-10,2007-02
NJ91,E61,BMW,535d,Touring,M57D30T1,200,Rear-Wheel Drive,left,Europe,2004-01,2007-02
NJ92,E61,BMW,535d,Touring,M57D30T1,200,Rear-Wheel Drive,right,Europe,2004-04,2007-02
NH31,E61,BMW,545i,Touring,N62B44O0,245,Rear-Wheel Drive,left,Europe,2002-11,2005-08
NH32,E61,BMW,545i,Touring,N62B44O0,245,Rear-Wheel Drive,right,Europe,2003-10,2005-07
NH51,E61,BMW,550i,Touring,N62B48O1,270,Rear-Wheel Drive,left,Europe,2005-02,2007-02
NH52,E61,BMW,550i,Touring,N62B48O1,270,Rear-Wheel Drive,right,Europe,2005-04,2007-02
PV91,E61 (M5),BMW,M5,Touring,S85B50,373,Rear-Wheel Drive,left,Europe,2005-12,2009-12
PV92,E61 (M5),BMW,M5,Touring,S85B50,373,Rear-Wheel Drive,right,Europe,2006-05,2009-11
PX11,E61 (MUE),BMW,520d,Touring,M47D20O2,120,Rear-Wheel Drive,left,Europe,2006-05,2008-02
PX12,E61 (MUE),BMW,520d,Touring,M47D20O2,120,Rear-Wheel Drive,right,Europe,2007-02,2007-08
PX31,E61 (MUE),BMW,520d,Touring,N47D20O0,130,Rear-Wheel Drive,left,Europe,2006-04,2010-02
PX32,E61 (MUE),BMW,520d,Touring,N47D20O0,130,Rear-Wheel Drive,right,Europe,2006-05,2010-02
PT11,E61 (MUE),BMW,520i,Touring,N43B20O0,125,Rear-Wheel Drive,left,Europe,2006-04,2010-02
PT12,E61 (MUE),BMW,520i,Touring,N43B20O0,125,Rear-Wheel Drive,right,Europe,2006-05,2007-03
PU11,E61 (MUE),BMW,523i,Touring,N52B25U1,140,Rear-Wheel Drive,left,Europe,2005-11,2010-01
PU31,E61 (MUE),BMW,523i,Touring,N53B25U0,140,Rear-Wheel Drive,left,Europe,2005-11,2010-01
PU32,E61 (MUE),BMW,523i,Touring,N53B25U0,140,Rear-Wheel Drive,right,Europe,2005-11,2009-11
PX51,E61 (MUE),BMW,525d,Touring,M57D30U2,145,Rear-Wheel Drive,left,Europe,2005-11,2010-02
PX52,E61 (MUE),BMW,525d,Touring,M57D30U2,145,Rear-Wheel Drive,right,Europe,2005-11,2010-02
PU51,E61 (MUE),BMW,525i,Touring,N52B25O1,160,Rear-Wheel Drive,left,Europe,2005-12,2008-07
PU52,E61 (MUE),BMW,525i,Touring,N52B25O1,160,Rear-Wheel Drive,right,Europe,2006-09,2010-01
PU71,E61 (MUE),BMW,525i,Touring,N53B30U0,160,Rear-Wheel Drive,left,Europe,2005-11,2010-01
PU72,E61 (MUE),BMW,525i,Touring,N53B30U0,160,Rear-Wheel Drive,right,Europe,2007-03,2009-12
PY51,E61 (MUE),BMW,525xd,Touring,M57D30U2,145,All Wheel-Drive,left,Europe,2006-04,2010-02
PV31,E61 (MUE),BMW,525xi,Touring,N53B30U0,160,All Wheel-Drive,left,Europe,2005-11,2010-01
PX71,E61 (MUE),BMW,530d,Touring,M57D30O2,173,Rear-Wheel Drive,left,Europe,2005-11,2010-02
PX72,E61 (MUE),BMW,530d,Touring,M57D30O2,170,Rear-Wheel Drive,right,Europe,2005-11,2010-01
NK71,E61 (MUE),BMW,530i,Touring,N53B30O0,200,Rear-Wheel Drive,left,Europe,2005-11,2010-01
NK72,E61 (MUE),BMW,530i,Touring,N53B30O0,200,Rear-Wheel Drive,right,Europe,2005-12,2009-11
PU91,E61 (MUE),BMW,530i,Touring,N52B30O1,200,Rear-Wheel Drive,left,Europe,2005-11,2009-02
PU92,E61 (MUE),BMW,530i,Touring,N52B30O1,200,Rear-Wheel Drive,right,Europe,2006-09,2010-01
PY71,E61 (MUE),BMW,530xd,Touring,M57D30O2,173,All Wheel-Drive,left,Europe,2005-11,2010-02
PV51,E61 (MUE),BMW,530xi,Touring,N52B30O1,200,All Wheel-Drive,left,Europe,2005-11,2009-09
PV71,E61 (MUE),BMW,530xi,Touring,N53B30O0,200,All Wheel-Drive,left,Europe,2005-12,2010-01
PX91,E61 (MUE),BMW,535d,Touring,M57D30T2,210,Rear-Wheel Drive,left,Europe,2005-11,2010-01
PX92,E61 (MUE),BMW,535d,Touring,M57D30T2,210,Rear-Wheel Drive,right,Europe,2005-11,2010-01
PT73,E61 (MUE),BMW,535xi,Touring,N54B30O0,225,All Wheel-Drive,left,USA,2006-04,2010-02
PW51,E61 (MUE),BMW,550i,Touring,N62B48O1,270,Rear-Wheel Drive,left,Europe,2005-11,2010-01
PW52,E61 (MUE),BMW,550i,Touring,N62B48O1,270,Rear-Wheel Drive,right,Europe,2007-02,2009-07
EH31,E63,BMW,630i,Coupe,N52B30O0,190,Rear-Wheel Drive,left,Europe,2004-02,2007-07
EH32,E63,BMW,630i,Coupe,N52B30O0,190,Rear-Wheel Drive,right,Europe,2004-02,2007-07
EH71,E63,BMW,645Ci,Coupe,N62B44O0,245,Rear-Wheel Drive,left,Europe,2002-06,2005-08
EH72,E63,BMW,645Ci,Coupe,N62B44O0,245,Rear-Wheel Drive,right,Europe,2003-03,2005-08
EH73,E63,BMW,645Ci,Coupe,N62B44O0,245,Rear-Wheel Drive,left,USA,2002-05,2005-08
EH11,E63,BMW,650i,Coupe,N62B48O1,270,Rear-Wheel Drive,left,Europe,2005-02,2007-07
EH12,E63,BMW,650i,Coupe,N62B48O1,270,Rear-Wheel Drive,right,Europe,2005-02,2007-07
EH13,E63,BMW,650i,Coupe,N62B48O1,270,Rear-Wheel Drive,left,USA,2005-03,2007-07
EH91,E63 (M6),BMW,M6,Coupe,S85B50,373,Rear-Wheel Drive,left,Europe,2004-03,2010-01
EH92,E63 (M6),BMW,M6,Coupe,S85B50,373,Rear-Wheel Drive,right,Europe,2005-03,2010-01
EH93,E63 (M6),BMW,M6,Coupe,S85B50,373,Rear-Wheel Drive,left,USA,2004-03,2009-12
EA11,E63 (MUE),BMW,630i,Coupe,N52B30O1,200,Rear-Wheel Drive,left,Europe,2006-05,2010-01
EA12,E63 (MUE),BMW,630i,Coupe,N52B30O1,200,Rear-Wheel Drive,right,Europe,2007-03,2010-01
EA31,E63 (MUE),BMW,630i,Coupe,N53B30O0,200,Rear-Wheel Drive,left,Europe,2006-04,2010-01
EA32,E63 (MUE),BMW,630i,Coupe,N53B30O0,200,Rear-Wheel Drive,right,Europe,2006-11,2010-01
EA71,E63 (MUE),BMW,635d,Coupe,M57D30T2,210,Rear-Wheel Drive,left,Europe,2006-05,2010-01
EA72,E63 (MUE),BMW,635d,Coupe,M57D30T2,210,Rear-Wheel Drive,right,Europe,2007-04,2010-01
EA51,E63 (MUE),BMW,650i,Coupe,N62B48O1,270,Rear-Wheel Drive,left,Europe,2006-04,2010-01
EA52,E63 (MUE),BMW,650i,Coupe,N62B48O1,270,Rear-Wheel Drive,right,Europe,2007-03,2010-01
EA53,E63 (MUE),BMW,650i,Coupe,N62B48O1,270,Rear-Wheel Drive,left,USA,2006-04,2010-02
EK31,E64,BMW,630i,Convertible,N52B30O0,190,Rear-Wheel Drive,left,Europe,2004-03,2007-07
EK32,E64,BMW,630i,Convertible,N52B30O0,190,Rear-Wheel Drive,right,Europe,2004-04,2007-07
EK71,E64,BMW,645Ci,Convertible,N62B44O0,245,Rear-Wheel Drive,left,Europe,2002-09,2005-08
EK72,E64,BMW,645Ci,Convertible,N62B44O0,245,Rear-Wheel Drive,right,Europe,2002-09,2005-08
EK73,E64,BMW,645Ci,Convertible,N62B44O0,245,Rear-Wheel Drive,left,USA,2002-09,2005-08
EK11,E64,BMW,650i,Convertible,N62B48O1,270,Rear-Wheel Drive,left,Europe,2005-02,2007-07
EK12,E64,BMW,650i,Convertible,N62B48O1,270,Rear-Wheel Drive,right,Europe,2005-04,2007-07
EK13,E64,BMW,650i,Convertible,N62B48O1,270,Rear-Wheel Drive,left,USA,2005-02,2007-07
EK91,E64 (M6),BMW,M6,Convertible,S85B50,373,Rear-Wheel Drive,left,Europe,2005-07,2009-12
EK92,E64 (M6),BMW,M6,Convertible,S85B50,373,Rear-Wheel Drive,right,Europe,2005-07,2009-10
EK93,E64 (M6),BMW,M6,Convertible,S85B50,373,Rear-Wheel Drive,left,USA,2005-07,2010-02
EB11,E64 (MUE),BMW,630i,Convertible,N52B30O1,200,Rear-Wheel Drive,left,Europe,2006-05,2010-01
EB12,E64 (MUE),BMW,630i,Convertible,N52B30O1,200,Rear-Wheel Drive,right,Europe,2007-07,2009-12
EB31,E64 (MUE),BMW,630i,Convertible,N53B30O0,200,Rear-Wheel Drive,left,Europe,2006-04,2010-01
EB32,E64 (MUE),BMW,630i,Convertible,N53B30O0,200,Rear-Wheel Drive,right,Europe,2006-04,2010-01
EB71,E64 (MUE),BMW,635d,Convertible,M57D30T2,210,Rear-Wheel Drive,left,Europe,2006-04,2010-01
EB72,E64 (MUE),BMW,635d,Convertible,M57D30T2,210,Rear-Wheel Drive,right,Europe,2007-06,2010-02
EB51,E64 (MUE),BMW,650i,Convertible,N62B48O1,270,Rear-Wheel Drive,left,Europe,2006-04,2010-01
EB52,E64 (MUE),BMW,650i,Convertible,N62B48O1,270,Rear-Wheel Drive,right,Europe,2007-06,2010-01
EB53,E64 (MUE),BMW,650i,Convertible,N62B48O1,270,Rear-Wheel Drive,left,USA,2006-11,2010-02
GM21,E65,BMW,730d,Sedan,M57D30O1,160,Rear-Wheel Drive,left,Europe,2001-11,2005-02
GM22,E65,BMW,730d,Sedan,M57D30O1,150,Rear-Wheel Drive,right,Europe,2002-10,2005-02
HM21,E65,BMW,730d,Sedan,M57D30O2,170,Rear-Wheel Drive,left,Europe,2004-07,2008-07
HM22,E65,BMW,730d,Sedan,M57D30O2,170,Rear-Wheel Drive,right,Europe,2004-09,2008-07
GL21,E65,BMW,730i,Sedan,M54,170,Rear-Wheel Drive,left,Europe,2002-07,2005-02
GL22,E65,BMW,730i,Sedan,M54,170,Rear-Wheel Drive,right,Europe,2002-10,2005-02
HL21,E65,BMW,730i,Sedan,N52B30O0,190,Rear-Wheel Drive,left,Europe,2004-06,2008-07
HL22,E65,BMW,730i,Sedan,N52B30O0,190,Rear-Wheel Drive,right,Europe,2004-06,2008-07
GL41,E65,BMW,735i,Sedan,N62B36O0,200,Rear-Wheel Drive,left,Europe,2000-03,2005-02
GL42,E65,BMW,735i,Sedan,N62B36O0,200,Rear-Wheel Drive,right,Europe,2001-01,2005-02
GM41,E65,BMW,740d,Sedan,M67D40O0,190,Rear-Wheel Drive,left,Europe,2001-11,2005-02
HL61,E65,BMW,740i,Sedan,N62B40O1,225,Rear-Wheel Drive,left,Europe,2004-06,2008-07
HL62,E65,BMW,740i,Sedan,N62B40O1,225,Rear-Wheel Drive,right,Europe,2004-10,2008-07
HM61,E65,BMW,745d,Sedan,M67D44O1,242,Rear-Wheel Drive,left,Europe,2004-07,2008-07
GL61,E65,BMW,745i,Sedan,N62B44O0,245,Rear-Wheel Drive,left,Europe,2000-03,2005-02
GL62,E65,BMW,745i,Sedan,N62B44O0,245,Rear-Wheel Drive,right,Europe,2001-01,2005-02
GL63,E65,BMW,745i,Sedan,N62B44O0,245,Rear-Wheel Drive,left,USA,2000-02,2005-02
HL81,E65,BMW,750i,Sedan,N62B48O1,270,Rear-Wheel Drive,left,Europe,2004-06,2008-07
HL82,E65,BMW,750i,Sedan,N62B48O1,270,Rear-Wheel Drive,right,Europe,2004-09,2008-07
HL83,E65,BMW,750i,Sedan,N62B48O1,270,Rear-Wheel Drive,left,USA,2004-07,2008-07
GL81,E65,BMW,760i,Sedan,N73B60O0,327,Rear-Wheel Drive,left,Europe,2002-02,2005-02
GL82,E65,BMW,760i,Sedan,N73B60O0,327,Rear-Wheel Drive,right,Europe,2002-04,2004-10
GL83,E65,BMW,760i,Sedan,N73B60O0,327,Rear-Wheel Drive,left,USA,2003-12,2005-02
HL01,E65,BMW,760i,Sedan,N73B60O1,327,Rear-Wheel Drive,left,Europe,2004-09,2008-07
HL02,E65,BMW,760i,Sedan,N73B60O1,327,Rear-Wheel Drive,right,Europe,2005-01,2008-04
HL03,E65,BMW,760i,Sedan,N73B60O1,327,Rear-Wheel Drive,left,USA,2004-10,2006-09
HM41,E66,BMW,730Ld,Sedan,M57D30O2,170,Rear-Wheel Drive,left,Europe,2005-03,2008-07
HM42,E66,BMW,730Ld,Sedan,M57D30O2,170,Rear-Wheel Drive,right,Europe,2005-04,2008-07
GN21,E66,BMW,730Li,Sedan,M54,170,Rear-Wheel Drive,left,Europe,2002-09,2005-02
GN22,E66,BMW,730Li,Sedan,M54,170,Rear-Wheel Drive,right,Europe,2002-10,2005-02
GN25,E66,BMW,730Li,Sedan,M54,161,Rear-Wheel Drive,right,Thailand,2003-03,2004-09
HN21,E66,BMW,730Li,Sedan,N52B30O0,190,Rear-Wheel Drive,left,Europe,2004-07,2008-07
HN22,E66,BMW,730Li,Sedan,N52B30O0,190,Rear-Wheel Drive,right,Europe,2004-09,2008-06
HN25,E66,BMW,730Li,Sedan,N52B30O0,190,Rear-Wheel Drive,right,Thailand,2005-03,2008-04
GN41,E66,BMW,735Li,Sedan,N62B36O0,200,Rear-Wheel Drive,left,Europe,2000-06,2005-02
GN42,E66,BMW,735Li,Sedan,N62B36O0,200,Rear-Wheel Drive,right,Europe,2001-11,2005-02
GN45,E66,BMW,735Li,Sedan,N62B36O0,200,Rear-Wheel Drive,right,Thailand,2002-07,2004-05
HN61,E66,BMW,740Li,Sedan,N62B40O1,225,Rear-Wheel Drive,left,Europe,2004-09,2008-07
HN62,E66,BMW,740Li,Sedan,N62B40O1,225,Rear-Wheel Drive,right,Europe,2005-01,2008-06
HN65,E66,BMW,740Li,Sedan,N62B40O1,225,Rear-Wheel Drive,right,Thailand,2005-04,2007-03
HN66,E66,BMW,740Li,Sedan,N62B40O1,225,Rear-Wheel Drive,left,Egypt,2006-07,2008-04
GN61,E66,BMW,745Li,Sedan,N62B44O0,245,Rear-Wheel Drive,left,Europe,2000-06,2005-02
GN62,E66,BMW,745Li,Sedan,N62B44O0,245,Rear-Wheel Drive,right,Europe,2001-10,2005-02
GN63,E66,BMW,745Li,Sedan,N62B44O0,245,Rear-Wheel Drive,left,USA,2000-06,2005-02
HN81,E66,BMW,750Li,Sedan,N62B48O1,270,Rear-Wheel Drive,left,Europe,2004-06,2008-07
HN82,E66,BMW,750Li,Sedan,N62B48O1,270,Rear-Wheel Drive,right,Europe,2004-09,2008-07
HN83,E66,BMW,750Li,Sedan,N62B48O1,270,Rear-Wheel Drive,left,USA,2004-06,2008-07
GN81,E66,BMW,760Li,Sedan,N73B60O0,327,Rear-Wheel Drive,left,Europe,2002-02,2005-02
GN82,E66,BMW,760Li,Sedan,N73B60O0,327,Rear-Wheel Drive,right,Europe,2002-03,2005-02
GN83,E66,BMW,760Li,Sedan,N73B60O0,327,Rear-Wheel Drive,left,USA,2002-03,2005-02
HN01,E66,BMW,760Li,Sedan,N73B60O1,327,Rear-Wheel Drive,left,Europe,2004-07,2008-07
HN02,E66,BMW,760Li,Sedan,N73B60O1,327,Rear-Wheel Drive,right,Europe,2005-01,2008-06
HN03,E66,BMW,760Li,Sedan,N73B60O1,327,Rear-Wheel Drive,left,USA,2004-09,2008-07
GP62,E67,BMW,745i,Sedan,N62B44O0,245,Rear-Wheel Drive,right,Europe,2003-06,2004-12
GP61,E67,BMW,745Li,Sedan,N62B44O0,245,Rear-Wheel Drive,left,Europe,2002-10,2004-12
HP61,E67,BMW,745Li,Sedan,N62B44O0,245,Rear-Wheel Drive,left,Europe,2005-02,2008-06
HP62,E67,BMW,745Li,Sedan,N62B44O0,245,Rear-Wheel Drive,right,Europe,2004-10,2008-06
GP82,E67,BMW,760i,Sedan,N73B60O0,327,Rear-Wheel Drive,right,Europe,2003-05,2005-01
HP82,E67,BMW,760i,Sedan,N73B60O1,327,Rear-Wheel Drive,right,Europe,2005-05,2008-06
GP81,E67,BMW,760Li,Sedan,N73B60O0,327,Rear-Wheel Drive,left,Europe,2002-10,2005-01
HP81,E67,BMW,760Li,Sedan,N73B60O1,327,Rear-Wheel Drive,left,Europe,2004-09,2008-06
GX81,E68,BMW,Hydrogen7,Sedan,N73H60O0,191,Rear-Wheel Drive,left,Europe,2005-03,2007-07
FF41,E70,BMW,X5 3.0d,Sports Activity Vehicle,M57D30O2,173,All Wheel-Drive,left,Europe,2006-02,2010-02
FF42,E70,BMW,X5 3.0d,Sports Activity Vehicle,M57D30O2,173,All Wheel-Drive,right,Europe,2006-06,2010-02
FF01,E70,BMW,X5 3.0sd,Sports Activity Vehicle,M57D30T2,210,All Wheel-Drive,left,Europe,2007-01,2010-02
FF02,E70,BMW,X5 3.0sd,Sports Activity Vehicle,M57D30T2,210,All Wheel-Drive,right,Europe,2007-02,2010-02
FF03,E70,BMW,X5 3.0sd,Sports Activity Vehicle,M57D30T2,210,All Wheel-Drive,left,USA,2008-01,2010-02
FE41,E70,BMW,X5 3.0si,Sports Activity Vehicle,N52B30O1,200,All Wheel-Drive,left,Europe,2006-05,2010-02
FE42,E70,BMW,X5 3.0si,Sports Activity Vehicle,N52B30O1,200,All Wheel-Drive,right,Europe,2006-06,2010-02
FE43,E70,BMW,X5 3.0si,Sports Activity Vehicle,N52B30O1,200,All Wheel-Drive,left,USA,2006-02,2010-02
FE81,E70,BMW,X5 4.8i,Sports Activity Vehicle,N62B48O1,261,All Wheel-Drive,left,Europe,2006-05,2010-02
FE82,E70,BMW,X5 4.8i,Sports Activity Vehicle,N62B48O1,261,All Wheel-Drive,right,Europe,2006-05,2010-01
FE83,E70,BMW,X5 4.8i,Sports Activity Vehicle,N62B48O1,261,All Wheel-Drive,left,USA,2006-02,2010-02
GY01,E70 (X5M),BMW,X5 M,Sports Activity Vehicle,S63B44O0,408,All Wheel-Drive,left,Europe,2008-07,2010-02
GY02,E70 (X5M),BMW,X5 M,Sports Activity Vehicle,S63B44O0,408,All Wheel-Drive,right,Europe,2008-08,2010-01
GY03,E70 (X5M),BMW,X5 M,Sports Activity Vehicle,S63B44O0,408,All Wheel-Drive,left,USA,2008-07,2010-02
ZW81,E70 (MUE),BMW,X5 M50d,Sports Activity Vehicle,N57D30S1,280,All Wheel-Drive,left,Europe,,
ZW82,E70 (MUE),BMW,X5 M50d,Sports Activity Vehicle,N57D30S1,280,All Wheel-Drive,right,Europe,,
ZW41,E70 (MUE),BMW,X5 xDrive30d,Sports Activity Vehicle,N57D30O0,180,All Wheel-Drive,left,Europe,2009-07,2009-12
ZW42,E70 (MUE),BMW,X5 xDrive30d,Sports Activity Vehicle,N57D30O0,180,All Wheel-Drive,right,Europe,2009-09,2009-11
ZW03,E70 (MUE),BMW,X5 xDrive35d,Sports Activity Vehicle,M57D30T2,210,All Wheel-Drive,left,USA,2009-08,2009-12
ZV41,E70 (MUE),BMW,X5 xDrive35i,Sports Activity Vehicle,N55B30M0,225,All Wheel-Drive,left,Europe,2009-04,2009-12
ZV42,E70 (MUE),BMW,X5 xDrive35i,Sports Activity Vehicle,N55B30M0,225,All Wheel-Drive,right,Europe,2009-04,2009-11
ZV43,E70 (MUE),BMW,X5 xDrive35i,Sports Activity Vehicle,N55B30M0,225,All Wheel-Drive,left,USA,2009-04,2009-12
ZW61,E70 (MUE),BMW,X5 xDrive40d,Sports Activity Vehicle,N57D30T0,225,All Wheel-Drive,left,Europe,2009-04,2009-12
ZW62,E70 (MUE),BMW,X5 xDrive40d,Sports Activity Vehicle,N57D30T0,225,All Wheel-Drive,right,Europe,2009-07,2009-07
GY21,E70 (MUE),BMW,X5 xDrive40i,Sports Activity Vehicle,N55B30M0,225,All Wheel-Drive,left,Europe,,
ZV81,E70 (MUE),BMW,X5 xDrive50i,Sports Activity Vehicle,N63B44O0,300,All Wheel-Drive,left,Europe,2009-04,2009-12
ZV82,E70 (MUE),BMW,X5 xDrive50i,Sports Activity Vehicle,N63B44O0,300,All Wheel-Drive,right,Europe,2009-08,2009-11
ZV83,E70 (MUE),BMW,X5 xDrive50i,Sports Activity Vehicle,N63B44O0,300,All Wheel-Drive,left,USA,2009-07,2009-12
FH81,E71,BMW,X6 M50d,Sports Activity Coupe,N57D30S1,280,All Wheel-Drive,left,Europe,,
FH82,E71,BMW,X6 M50d,Sports Activity Coupe,N57D30S1,280,All Wheel-Drive,right,Europe,,
FG61,E71,BMW,X6 xDrive30d,Sports Activity Coupe,M57D30O2,173,All Wheel-Drive,left,Europe,2007-09,2010-02
FG62,E71,BMW,X6 xDrive30d,Sports Activity Coupe,M57D30O2,173,All Wheel-Drive,right,Europe,2007-09,2010-02
FH61,E71,BMW,X6 xDrive30d,Sports Activity Coupe,N57D30O0,180,All Wheel-Drive,left,Europe,2009-04,2009-11
FH62,E71,BMW,X6 xDrive30d,Sports Activity Coupe,N57D30O0,180,All Wheel-Drive,right,Europe,2009-10,2009-10
FG01,E71,BMW,X6 xDrive35d,Sports Activity Coupe,M57D30T2,210,All Wheel-Drive,left,Europe,2007-01,2010-02
FG02,E71,BMW,X6 xDrive35d,Sports Activity Coupe,M57D30T2,210,All Wheel-Drive,right,Europe,2007-07,2010-02
FG21,E71,BMW,X6 xDrive35i,Sports Activity Coupe,N55B30M0,225,All Wheel-Drive,left,Europe,2009-07,2009-11
FG22,E71,BMW,X6 xDrive35i,Sports Activity Coupe,N55B30M0,225,All Wheel-Drive,right,Europe,2009-07,2009-11
FG23,E71,BMW,X6 xDrive35i,Sports Activity Coupe,N55B30M0,225,All Wheel-Drive,left,USA,2009-07,2009-12
FG41,E71,BMW,X6 xDrive35i,Sports Activity Coupe,N54B30O0,225,All Wheel-Drive,left,Europe,2007-06,2010-02
FG42,E71,BMW,X6 xDrive35i,Sports Activity Coupe,N54B30O0,225,All Wheel-Drive,right,Europe,2007-10,2010-02
FG43,E71,BMW,X6 xDrive35i,Sports Activity Coupe,N54B30O0,225,All Wheel-Drive,left,USA,2007-01,2010-02
FH01,E71,BMW,X6 xDrive40d,Sports Activity Coupe,N57D30T0,225,All Wheel-Drive,left,Europe,2009-07,2009-12
FH02,E71,BMW,X6 xDrive40d,Sports Activity Coupe,N57D30T0,225,All Wheel-Drive,right,Europe,2009-09,2009-12
GZ21,E71,BMW,X6 xDrive40i,Sports Activity Coupe,N55B30M0,225,All Wheel-Drive,left,Europe,,
FG81,E71,BMW,X6 xDrive50i,Sports Activity Coupe,N63B44O0,300,All Wheel-Drive,left,Europe,2007-01,2010-02
FG82,E71,BMW,X6 xDrive50i,Sports Activity Coupe,N63B44O0,300,All Wheel-Drive,right,Europe,2008-01,2010-01
FG83,E71,BMW,X6 xDrive50i,Sports Activity Coupe,N63B44O0,300,All Wheel-Drive,left,USA,2007-10,2010-02
GZ01,E71 (X6M),BMW,X6 M,Sports Activity Coupe,S63B44O0,408,All Wheel-Drive,left,Europe,2008-07,2010-02
GZ02,E71 (X6M),BMW,X6 M,Sports Activity Coupe,S63B44O0,408,All Wheel-Drive,right,Europe,2008-08,2010-02
GZ03,E71 (X6M),BMW,X6 M,Sports Activity Coupe,S63B44O0,408,All Wheel-Drive,left,USA,2008-08,2010-02
FH03,E72,BMW,ActiveHybrid X6,Sports Activity Coupe,N63B44O0,300,All Wheel-Drive,left,USA,2008-10,2010-02
FH21,E72,BMW,ActiveHybrid X6,Sports Activity Coupe,N63B44O0,300,All Wheel-Drive,left,Europe,2009-01,2010-02
UK51,E81,BMW,116d,Hatch Coupe,N47D20K0,85,Rear-Wheel Drive,left,Europe,2008-11,2010-02
UK52,E81,BMW,116d,Hatch Coupe,N47D20K0,85,Rear-Wheel Drive,right,Europe,2008-11,2010-02
UA11,E81,BMW,116i,Hatch Coupe,N45B16O2,85,Rear-Wheel Drive,left,Europe,,
UA12,E81,BMW,116i,Hatch Coupe,N45B16O2,85,Rear-Wheel Drive,right,Europe,,
UB71,E81,BMW,116i,Hatch Coupe,N43B16O0,90,Rear-Wheel Drive,left,Europe,,
UB72,E81,BMW,116i,Hatch Coupe,N43B16O0,90,Rear-Wheel Drive,right,Europe,,
UK31,E81,BMW,116i,Hatch Coupe,N43B20K0,90,Rear-Wheel Drive,left,Europe,2008-11,2010-02
UK32,E81,BMW,116i,Hatch Coupe,N43B20K0,90,Rear-Wheel Drive,right,Europe,2008-11,2010-02
UB31,E81,BMW,118d,Hatch Coupe,N47D20U0,105,Rear-Wheel Drive,left,Europe,2006-09,2010-02
UB32,E81,BMW,118d,Hatch Coupe,N47D20U0,105,Rear-Wheel Drive,right,Europe,2006-09,2010-02
UA31,E81,BMW,118i,Hatch Coupe,N46B20U2,100,Rear-Wheel Drive,left,Europe,2006-09,2010-02
UA32,E81,BMW,118i,Hatch Coupe,N46B20U2,100,Rear-Wheel Drive,right,Europe,2006-10,2010-01
UB91,E81,BMW,118i,Hatch Coupe,N43B20U0,105,Rear-Wheel Drive,left,Europe,2006-02,2010-02
UB92,E81,BMW,118i,Hatch Coupe,N43B20U0,105,Rear-Wheel Drive,right,Europe,2006-09,2010-02
UB51,E81,BMW,120d,Hatch Coupe,N47D20O0,130,Rear-Wheel Drive,left,Europe,2006-02,2010-02
UB52,E81,BMW,120d,Hatch Coupe,N47D20O0,130,Rear-Wheel Drive,right,Europe,2006-09,2010-02
UA51,E81,BMW,120i,Hatch Coupe,N46B20O2,115,Rear-Wheel Drive,left,Europe,2006-09,2010-02
UA52,E81,BMW,120i,Hatch Coupe,N46B20O2,115,Rear-Wheel Drive,right,Europe,2006-10,2010-01
UA71,E81,BMW,120i,Hatch Coupe,N43B20O0,125,Rear-Wheel Drive,left,Europe,2006-09,2010-02
UA72,E81,BMW,120i,Hatch Coupe,N43B20O0,125,Rear-Wheel Drive,right,Europe,2006-10,2010-01
UK11,E81,BMW,123d,Hatch Coupe,N47D20T0,150,Rear-Wheel Drive,left,Europe,2007-03,2010-02
UK12,E81,BMW,123d,Hatch Coupe,N47D20T0,150,Rear-Wheel Drive,right,Europe,2007-03,2010-02
UB11,E81,BMW,130i,Hatch Coupe,N52B30O1,190,Rear-Wheel Drive,left,Europe,2006-02,2010-02
UB12,E81,BMW,130i,Hatch Coupe,N52B30O1,190,Rear-Wheel Drive,right,Europe,2006-09,2010-01
UR11,E82,BMW,118d,Coupe,N47D20U0,105,Rear-Wheel Drive,left,Europe,2009-06,2010-02
UR12,E82,BMW,118d,Coupe,N47D20U0,105,Rear-Wheel Drive,right,Europe,2009-06,2010-02
UR31,E82,BMW,120d,Coupe,N47D20O0,130,Rear-Wheel Drive,left,Europe,2006-12,2010-02
UR32,E82,BMW,120d,Coupe,N47D20O0,130,Rear-Wheel Drive,right,Europe,2006-12,2010-02
UC11,E82,BMW,120i,Coupe,N43B20O0,125,Rear-Wheel Drive,left,Europe,2009-06,2010-02
UC12,E82,BMW,120i,Coupe,N43B20O0,125,Rear-Wheel Drive,right,Europe,2009-06,2010-01
UC51,E82,BMW,120i,Coupe,N46B20O2,115,Rear-Wheel Drive,left,Europe,2009-06,2010-02
UC52,E82,BMW,120i,Coupe,N46B20O2,115,Rear-Wheel Drive,right,Europe,2009-06,2010-01
UR51,E82,BMW,123d,Coupe,N47D20T0,150,Rear-Wheel Drive,left,Europe,2006-12,2010-02
UR52,E82,BMW,123d,Coupe,N47D20T0,150,Rear-Wheel Drive,right,Europe,2006-11,2010-02
UC31,E82,BMW,125i,Coupe,N52B30U1,160,Rear-Wheel Drive,left,Europe,2007-02,2010-02
UC32,E82,BMW,125i,Coupe,N52B30U1,160,Rear-Wheel Drive,right,Europe,2007-10,2010-02
UP73,E82,BMW,128i,Coupe,N52B30M1,172,Rear-Wheel Drive,left,USA,2006-12,2010-02
UP93,E82,BMW,128i,Coupe,N51B30M1,172,Rear-Wheel Drive,left,USA,2007-02,2010-02
UC91,E82,BMW,135i,Coupe,N55B30M0,225,Rear-Wheel Drive,left,Europe,2009-09,2009-12
UC92,E82,BMW,135i,Coupe,N55B30M0,225,Rear-Wheel Drive,right,Europe,2009-09,2009-11
UC93,E82,BMW,135i,Coupe,N55B30M0,225,Rear-Wheel Drive,left,USA,2009-09,2009-11
UC71,E82,BMW,135is,Coupe,N54B30O0,225,Rear-Wheel Drive,left,Europe,2006-11,2010-02
UC72,E82,BMW,135is,Coupe,N54B30O0,225,Rear-Wheel Drive,right,Europe,2006-12,2010-02
UC73,E82,BMW,135is,Coupe,N54B30O0,225,Rear-Wheel Drive,left,USA,2006-11,2010-02
UP31,E82,BMW,ActiveE,Coupe,IB1,120,Rear-Wheel Drive,left,Europe,,
UP33,E82,BMW,ActiveE,Coupe,IB1,120,Rear-Wheel Drive,left,USA,,
UR91,E82 (M),BMW,1 M Coupé,Coupe,N54B30T0,250,Rear-Wheel Drive,left,Europe,,
UR92,E82 (M),BMW,1 M Coupé,Coupe,N54B30T0,250,Rear-Wheel Drive,right,Europe,,
UR93,E82 (M),BMW,1 M Coupé,Coupe,N54B30T0,250,Rear-Wheel Drive,left,USA,,
PB11,E83,BMW,X3 2.0d,Sports Activity Vehicle,M47D20O2,110,All Wheel-Drive,left,Europe,2003-05,2006-07
PB12,E83,BMW,X3 2.0d,Sports Activity Vehicle,M47D20O2,110,All Wheel-Drive,right,Europe,2003-11,2006-07
PA31,E83,BMW,X3 2.0i,Sports Activity Vehicle,N46,110,All Wheel-Drive,left,Europe,2003-05,2006-07
PA32,E83,BMW,X3 2.0i,Sports Activity Vehicle,N46,110,All Wheel-Drive,right,Europe,2003-10,2006-07
PA71,E83,BMW,X3 2.5I,Sports Activity Vehicle,M54,141,All Wheel-Drive,left,Europe,2003-02,2006-07
PA72,E83,BMW,X3 2.5I,Sports Activity Vehicle,M54,141,All Wheel-Drive,right,Europe,2003-03,2006-07
PA73,E83,BMW,X3 2.5I,Sports Activity Vehicle,M54,141,All Wheel-Drive,left,USA,2003-03,2006-07
PA75,E83,BMW,X3 2.5I,Sports Activity Vehicle,M54,141,All Wheel-Drive,right,Thailand,2005-09,2006-06
PA96,E83,BMW,x3 3.0,Sports Activity Vehicle,M54,170,All Wheel-Drive,left,Egypt,2006-02,2006-07
PB51,E83,BMW,X3 3.0d,Sports Activity Vehicle,M57D30O1,150,All Wheel-Drive,left,Europe,2003-01,2005-08
PD51,E83,BMW,X3 3.0d,Sports Activity Vehicle,M57D30O2,160,All Wheel-Drive,left,Europe,2004-10,2006-07
PD52,E83,BMW,X3 3.0d,Sports Activity Vehicle,M57D30O2,160,All Wheel-Drive,right,Europe,2004-10,2006-07
PA91,E83,BMW,X3 3.0I,Sports Activity Vehicle,M54,170,All Wheel-Drive,left,Europe,2003-01,2006-07
PA92,E83,BMW,X3 3.0I,Sports Activity Vehicle,M54,170,All Wheel-Drive,right,Europe,2003-03,2006-07
PA93,E83,BMW,X3 3.0I,Sports Activity Vehicle,M54,170,All Wheel-Drive,left,USA,2003-02,2006-07
PE71,E83 (MUE),BMW,X3 1.8d,Sports Activity Vehicle,N47D20U0,105,All Wheel-Drive,left,Europe,2009-04,2010-02
PE72,E83 (MUE),BMW,X3 1.8d,Sports Activity Vehicle,N47D20U0,105,All Wheel-Drive,right,Europe,2009-05,2010-01
PD11,E83 (MUE),BMW,X3 2.0d,Sports Activity Vehicle,M47D20O2,110,All Wheel-Drive,left,Europe,2006-03,2007-08
PD12,E83 (MUE),BMW,X3 2.0d,Sports Activity Vehicle,M47D20O2,110,All Wheel-Drive,right,Europe,2006-05,2007-08
PE11,E83 (MUE),BMW,X3 2.0d,Sports Activity Vehicle,N47D20O0,130,All Wheel-Drive,left,Europe,2006-11,2010-02
PE12,E83 (MUE),BMW,X3 2.0d,Sports Activity Vehicle,N47D20O0,130,All Wheel-Drive,right,Europe,2007-03,2010-02
PE15,E83 (MUE),BMW,X3 2.0d,Sports Activity Vehicle,N47D20O0,130,All Wheel-Drive,right,Thailand,2007-12,2010-02
PE18,E83 (MUE),BMW,X3 2.0d,Sports Activity Vehicle,N47D20O0,130,All Wheel-Drive,left,Russia,2009-01,2009-12
PC31,E83 (MUE),BMW,X3 2.0i,Sports Activity Vehicle,N46B20O1,110,All Wheel-Drive,left,Europe,2006-05,2010-02
PC32,E83 (MUE),BMW,X3 2.0i,Sports Activity Vehicle,N46B20O1,110,All Wheel-Drive,right,Europe,2006-03,2008-11
PC38,E83 (MUE),BMW,X3 2.0i,Sports Activity Vehicle,N46B20O1,110,All Wheel-Drive,left,Russia,2009-01,2009-07
PC71,E83 (MUE),BMW,X3 2.5si,Sports Activity Vehicle,N52B25O1,160,All Wheel-Drive,left,Europe,2006-03,2010-02
PC72,E83 (MUE),BMW,X3 2.5si,Sports Activity Vehicle,N52B25O1,160,All Wheel-Drive,right,Europe,2006-03,2010-02
PC75,E83 (MUE),BMW,X3 2.5si,Sports Activity Vehicle,N52B25O1,160,All Wheel-Drive,right,Thailand,2006-09,2009-01
PC78,E83 (MUE),BMW,X3 2.5si,Sports Activity Vehicle,N52B25O1,160,All Wheel-Drive,left,Russia,2006-09,2010-02
PD91,E83 (MUE),BMW,X3 3.0d,Sports Activity Vehicle,M57D30O2,160,All Wheel-Drive,left,Europe,2006-03,2010-02
PD92,E83 (MUE),BMW,X3 3.0d,Sports Activity Vehicle,M57D30O2,160,All Wheel-Drive,right,Europe,2006-05,2010-02
PC73,E83 (MUE),BMW,X3 3.0i,Sports Activity Vehicle,N52B30U1,160,All Wheel-Drive,left,USA,2006-03,2010-02
PD71,E83 (MUE),BMW,X3 3.0sd,Sports Activity Vehicle,M57D30T2,210,All Wheel-Drive,left,Europe,2006-03,2010-02
PD72,E83 (MUE),BMW,X3 3.0sd,Sports Activity Vehicle,M57D30T2,210,All Wheel-Drive,right,Europe,2006-03,2010-01
PC91,E83 (MUE),BMW,X3 3.0si,Sports Activity Vehicle,N52B30O1,200,All Wheel-Drive,left,Europe,2006-02,2010-02
PC92,E83 (MUE),BMW,X3 3.0si,Sports Activity Vehicle,N52B30O1,200,All Wheel-Drive,right,Europe,2006-03,2010-01
PC93,E83 (MUE),BMW,X3 3.0si,Sports Activity Vehicle,N52B30O1,194,All Wheel-Drive,left,USA,2006-03,2010-02
PC96,E83 (MUE),BMW,X3 3.0si,Sports Activity Vehicle,N52B30O1,200,All Wheel-Drive,left,Egypt,2006-10,2010-02
PC98,E83 (MUE),BMW,X3 3.0si,Sports Activity Vehicle,N52B30O1,200,All Wheel-Drive,left,Russia,2006-09,2010-02
VN96,E84,BMW,X1 S20d,Sports Activity Vehicle,N47T,135,Rear-Wheel Drive,right,Indonesia,,
VY11,E84,BMW,X1 sDrive16d,Sports Activity Vehicle,N47D20K1,85,Rear-Wheel Drive,left,Europe,,
VY12,E84,BMW,X1 sDrive16d,Sports Activity Vehicle,N47D20K1,85,Rear-Wheel Drive,right,Europe,,
VX11,E84,BMW,X1 sDrive16i,Sports Activity Vehicle,N20B16U0,105,Rear-Wheel Drive,left,Europe,,
VN11,E84,BMW,X1 sDrive18d,Sports Activity Vehicle,N47D20U0,105,Rear-Wheel Drive,left,Europe,2008-09,2010-02
VN12,E84,BMW,X1 sDrive18d,Sports Activity Vehicle,N47D20U0,105,Rear-Wheel Drive,right,Europe,2009-04,2010-02
VN71,E84,BMW,X1 sDrive18d,Sports Activity Vehicle,N47D20U1,105,Rear-Wheel Drive,left,Europe,,
VN72,E84,BMW,X1 sDrive18d,Sports Activity Vehicle,N47D20U1,105,Rear-Wheel Drive,right,Europe,,
VP11,E84,BMW,X1 sDrive18d,Sports Activity Vehicle,N47D20U0,105,All Wheel-Drive,left,Europe,2008-09,2010-02
UG71,E84,BMW,X1 sDrive18i,Sports Activity Vehicle,N20B20U0,115,Rear-Wheel Drive,left,China,,
VL31,E84,BMW,X1 sDrive18i,Sports Activity Vehicle,N46B20O2,110,Rear-Wheel Drive,left,Europe,2009-04,2009-12
VL32,E84,BMW,X1 sDrive18i,Sports Activity Vehicle,N46B20O2,110,Rear-Wheel Drive,right,Europe,2008-09,2009-11
VL34,E84,BMW,X1 sDrive18i,Sports Activity Vehicle,N46B20O2,110,Rear-Wheel Drive,right,Thailand,,
VL35,E84,BMW,X1 sDrive18i,Sports Activity Vehicle,N46B20O2,110,Rear-Wheel Drive,left,Egypt,,
VL36,E84,BMW,X1 sDrive18i,Sports Activity Vehicle,N46B20O2,110,Rear-Wheel Drive,right,Indonesia,,
VL37,E84,BMW,X1 sDrive18i,Sports Activity Vehicle,N46B20O2,110,Rear-Wheel Drive,right,Indien,,
VL38,E84,BMW,X1 sDrive18i,Sports Activity Vehicle,N46B20O2,110,Rear-Wheel Drive,right,Malaysia,,
VL39,E84,BMW,X1 sDrive18i,Sports Activity Vehicle,N46B20O2,110,Rear-Wheel Drive,left,Russia,,
VZ11,E84,BMW,X1 sDrive18i,Sports Activity Vehicle,N46B20O2,110,Rear-Wheel Drive,left,China,,
VN31,E84,BMW,X1 sDrive20d,Sports Activity Vehicle,N47D20O0,130,Rear-Wheel Drive,left,Europe,2008-09,2010-02
VN32,E84,BMW,X1 sDrive20d,Sports Activity Vehicle,N47D20O0,130,Rear-Wheel Drive,right,Europe,2009-02,2010-02
VN34,E84,BMW,X1 sDrive20d,Sports Activity Vehicle,N47D20O0,130,Rear-Wheel Drive,right,Thailand,,
VN36,E84,BMW,X1 sDrive20d,Sports Activity Vehicle,N47D20O0,130,Rear-Wheel Drive,right,Indonesia,,
VN37,E84,BMW,X1 sDrive20d,Sports Activity Vehicle,N47D20O0,130,Rear-Wheel Drive,right,Indien,,
VN91,E84,BMW,X1 sDrive20d,Sports Activity Vehicle,N47D20O1,135,Rear-Wheel Drive,left,Europe,,
VN92,E84,BMW,X1 sDrive20d,Sports Activity Vehicle,N47D20O1,135,Rear-Wheel Drive,right,Europe,,
VN94,E84,BMW,X1 sDrive20d,Sports Activity Vehicle,N47D20O1,135,Rear-Wheel Drive,right,Thailand,,
VN97,E84,BMW,X1 sDrive20d,Sports Activity Vehicle,N47D20O1,135,Rear-Wheel Drive,right,Indien,,
VZ91,E84,BMW,X1 sDrive20d EfficientDynamics Edition,Sports Activity Vehicle,N47D20O1,120,Rear-Wheel Drive,left,Europe,,
VZ92,E84,BMW,X1 sDrive20d EfficientDynamics Edition,Sports Activity Vehicle,N47D20O1,120,Rear-Wheel Drive,right,Europe,,
VL90,E84,BMW,X1 sDrive20i,Sports Activity Vehicle,N20B20U0,135,Rear-Wheel Drive,left,Brasil,,
VL91,E84,BMW,X1 sDrive20i,Sports Activity Vehicle,N20B20U0,135,Rear-Wheel Drive,left,Europe,,
VL92,E84,BMW,X1 sDrive20i,Sports Activity Vehicle,N20B20U0,135,Rear-Wheel Drive,right,Europe,,
VL98,E84,BMW,X1 sDrive20i,Sports Activity Vehicle,N20B20U0,135,Rear-Wheel Drive,right,Malaysia,,
VZ31,E84,BMW,X1 sDrive20i,Sports Activity Vehicle,N20B20U0,135,Rear-Wheel Drive,left,China,,
VP51,E84,BMW,X1 sDrive23d,Sports Activity Vehicle,N47D20T0,150,All Wheel-Drive,left,Europe,2008-09,2010-02
VM11,E84,BMW,X1 sDrive28i,Sports Activity Vehicle,N20B20O0,180,All Wheel-Drive,left,Europe,,
VM13,E84,BMW,X1 sDrive28i,Sports Activity Vehicle,N20B20O0,180,Rear-Wheel Drive,left,USA,,
VP12,E84,BMW,X1 xDrive18d,Sports Activity Vehicle,N47D20U0,105,All Wheel-Drive,right,Europe,2008-10,2010-02
VP71,E84,BMW,X1 xDrive18d,Sports Activity Vehicle,N47D20U1,105,All Wheel-Drive,left,Europe,,
VP72,E84,BMW,X1 xDrive18d,Sports Activity Vehicle,N47D20U1,105,All Wheel-Drive,right,Europe,,
VP31,E84,BMW,X1 xDrive20d,Sports Activity Vehicle,N47D20O0,130,All Wheel-Drive,left,Europe,2008-09,2010-02
VP32,E84,BMW,X1 xDrive20d,Sports Activity Vehicle,N47D20O0,130,All Wheel-Drive,right,Europe,2008-10,2010-02
VP38,E84,BMW,X1 xDrive20d,Sports Activity Vehicle,N47D20O0,130,All Wheel-Drive,right,Malaysia,,
VP39,E84,BMW,X1 xDrive20d,Sports Activity Vehicle,N47D20O0,130,All Wheel-Drive,left,Russia,,
VP91,E84,BMW,X1 xDrive20d,Sports Activity Vehicle,N47D20O1,135,All Wheel-Drive,left,Europe,,
VP92,E84,BMW,X1 xDrive20d,Sports Activity Vehicle,N47D20O1,135,All Wheel-Drive,right,Europe,,
VP98,E84,BMW,X1 xDrive20d,Sports Activity Vehicle,N47D20O1,135,All Wheel-Drive,right,Malaysia,,
VP99,E84,BMW,X1 xDrive20d,Sports Activity Vehicle,N47D20O1,135,All Wheel-Drive,left,Russia,,
VM91,E84,BMW,X1 xDrive20i,Sports Activity Vehicle,N20B20U0,135,All Wheel-Drive,left,Europe,,
VM92,E84,BMW,X1 xDrive20i,Sports Activity Vehicle,N20B20U0,135,All Wheel-Drive,right,Europe,,
VM99,E84,BMW,X1 xDrive20i,Sports Activity Vehicle,N20B20U0,135,All Wheel-Drive,left,Russia,,
VZ51,E84,BMW,X1 xDrive20i,Sports Activity Vehicle,N20B20U0,135,All Wheel-Drive,left,China,,
VP52,E84,BMW,X1 xDrive23d,Sports Activity Vehicle,N47D20T0,150,All Wheel-Drive,right,Europe,2008-10,2010-02
VM71,E84,BMW,X1 xDrive25d,Sports Activity Vehicle,N47D20T1,160,All Wheel-Drive,left,Europe,,
VM72,E84,BMW,X1 xDrive25d,Sports Activity Vehicle,N47D20T1,160,All Wheel-Drive,right,Europe,,
VL51,E84,BMW,X1 xDrive25i,Sports Activity Vehicle,N52B30U1,160,All Wheel-Drive,left,Europe,2008-09,2009-12
VL52,E84,BMW,X1 xDrive25i,Sports Activity Vehicle,N52B30U1,160,All Wheel-Drive,right,Europe,2009-04,2009-11
VL13,E84,BMW,X1 xDrive28i,Sports Activity Vehicle,N20B20O0,180,All Wheel-Drive,left,USA,,
VM12,E84,BMW,X1 xDrive28i,Sports Activity Vehicle,N20B20O0,180,All Wheel-Drive,right,Europe,,
VM19,E84,BMW,X1 xDrive28i,Sports Activity Vehicle,N20B20O0,180,All Wheel-Drive,left,Russia,,
VM31,E84,BMW,X1 xDrive28i,Sports Activity Vehicle,N52B30O1,190,All Wheel-Drive,left,Europe,2008-09,2010-02
VZ71,E84,BMW,X1 xDrive28i,Sports Activity Vehicle,N20B20O0,180,All Wheel-Drive,left,China,,
VM53,E84,BMW,X1 xDrive35i,Sports Activity Vehicle,N55B30M0,225,All Wheel-Drive,left,USA,,
CZ31,M12,BMW,Zinoro 1E,Sports Activity Vehicle,IB1,125,Rear-Wheel Drive,left,China,,
BZ11,E85,BMW,Z4 2.0i,Roadster,N46B20O1,110,Rear-Wheel Drive,left,Europe,2004-06,2008-08
BZ12,E85,BMW,Z4 2.0i,Roadster,N46B20O1,110,Rear-Wheel Drive,right,Europe,2004-06,2008-08
BT11,E85,BMW,Z4 2.2i,Roadster,M54,125,Rear-Wheel Drive,left,Europe,2002-12,2005-11
BT12,E85,BMW,Z4 2.2i,Roadster,M54,125,Rear-Wheel Drive,right,Europe,2002-12,2005-11
BT31,E85,BMW,Z4 2.5i,Roadster,M54,141,Rear-Wheel Drive,left,Europe,2002-04,2005-11
BT32,E85,BMW,Z4 2.5i,Roadster,M54,141,Rear-Wheel Drive,right,Europe,2002-08,2005-11
BT33,E85,BMW,Z4 2.5i,Roadster,M54,141,Rear-Wheel Drive,left,USA,2002-01,2005-11
BU11,E85,BMW,Z4 2.5i,Roadster,N52B25U0,130,Rear-Wheel Drive,left,Europe,2004-10,2008-07
BU12,E85,BMW,Z4 2.5i,Roadster,N52B25U0,130,Rear-Wheel Drive,right,Europe,2004-10,2008-07
BU31,E85,BMW,Z4 2.5si,Roadster,N52B25O0,160,Rear-Wheel Drive,left,Europe,2004-10,2008-08
BU32,E85,BMW,Z4 2.5si,Roadster,N52B25O0,160,Rear-Wheel Drive,right,Europe,2005-04,2008-07
BT51,E85,BMW,Z4 3.0i,Roadster,M54,170,Rear-Wheel Drive,left,Europe,2002-04,2005-11
BT52,E85,BMW,Z4 3.0i,Roadster,M54,170,Rear-Wheel Drive,right,Europe,2002-08,2005-11
BT53,E85,BMW,Z4 3.0i,Roadster,M54,170,Rear-Wheel Drive,left,USA,2002-01,2005-11
BU33,E85,BMW,Z4 3.0i,Roadster,N52B30U0,160,Rear-Wheel Drive,left,USA,2004-10,2008-08
BU51,E85,BMW,Z4 3.0si,Roadster,N52B30O0,195,Rear-Wheel Drive,left,Europe,2004-10,2008-07
BU52,E85,BMW,Z4 3.0si,Roadster,N52B30O0,195,Rear-Wheel Drive,right,Europe,2004-10,2008-07
BU53,E85,BMW,Z4 3.0si,Roadster,N52B30O0,190,Rear-Wheel Drive,left,USA,2004-10,2008-08
BT91,E85 (M),BMW,Z4 M Roadster,Roadster,S54,252,Rear-Wheel Drive,left,Europe,2004-11,2008-07
BT92,E85 (M),BMW,Z4 M Roadster,Roadster,S54,252,Rear-Wheel Drive,right,Europe,2004-12,2008-07
BT93,E85 (M),BMW,Z4 M Roadster,Roadster,S54,246,Rear-Wheel Drive,left,USA,2004-11,2008-08
DU51,E86,BMW,Z4 3.0si,Coupe,N52B30O0,195,Rear-Wheel Drive,left,Europe,2005-10,2008-08
DU52,E86,BMW,Z4 3.0si,Coupe,N52B30O0,195,Rear-Wheel Drive,right,Europe,2005-10,2008-08
DU53,E86,BMW,Z4 3.0si,Coupe,N52B30O0,195,Rear-Wheel Drive,left,USA,2005-10,2008-08
DU91,E86 (M),BMW,Z4 M Coupé,Coupe,S54,252,Rear-Wheel Drive,left,Europe,2005-10,2008-07
DU92,E86 (M),BMW,Z4 M Coupé,Coupe,S54,252,Rear-Wheel Drive,right,Europe,2006-02,2008-06
DU93,E86 (M),BMW,Z4 M Coupé,Coupe,S54,246,Rear-Wheel Drive,left,USA,2005-10,2008-08
UF11,E87,BMW,116i,Sports Hatch,N45B16O1,85,Rear-Wheel Drive,left,Europe,2003-04,2007-02
UF12,E87,BMW,116i,Sports Hatch,N45B16O1,85,Rear-Wheel Drive,right,Europe,2003-03,2007-02
UG31,E87,BMW,118d,Sports Hatch,M47D20U2,90,Rear-Wheel Drive,left,Europe,2003-02,2007-02
UG32,E87,BMW,118d,Sports Hatch,M47D20U2,90,Rear-Wheel Drive,right,Europe,2004-01,2007-02
UF31,E87,BMW,118i,Sports Hatch,N46B20U1,95,Rear-Wheel Drive,left,Europe,2004-07,2007-02
UF32,E87,BMW,118i,Sports Hatch,N46B20U1,95,Rear-Wheel Drive,right,Europe,2004-07,2007-02
UG51,E87,BMW,120d,Sports Hatch,M47D20O2,120,Rear-Wheel Drive,left,Europe,2003-03,2007-02
UG52,E87,BMW,120d,Sports Hatch,M47D20O2,120,Rear-Wheel Drive,right,Europe,2004-02,2007-02
UF51,E87,BMW,120i,Sports Hatch,N46B20O1,110,Rear-Wheel Drive,left,Europe,2003-03,2007-02
UF52,E87,BMW,120i,Sports Hatch,N46B20O1,110,Rear-Wheel Drive,right,Europe,2003-11,2007-02
UF91,E87,BMW,130i,Sports Hatch,N52B30O0,195,Rear-Wheel Drive,left,Europe,2005-03,2007-02
UF92,E87,BMW,130i,Sports Hatch,N52B30O0,195,Rear-Wheel Drive,right,Europe,2005-03,2007-02
UH51,E87 (MUE),BMW,116d,Sports Hatch,N47D20K0,85,Rear-Wheel Drive,left,Europe,2008-10,2010-02
UH52,E87 (MUE),BMW,116d,Sports Hatch,N47D20K0,85,Rear-Wheel Drive,right,Europe,2008-12,2010-02
UE11,E87 (MUE),BMW,116i,Sports Hatch,N45B16O2,85,Rear-Wheel Drive,left,Europe,,
UE12,E87 (MUE),BMW,116i,Sports Hatch,N45B16O2,85,Rear-Wheel Drive,right,Europe,,
UE31,E87 (MUE),BMW,116i,Sports Hatch,N43B16O0,90,Rear-Wheel Drive,left,Europe,,
UE32,E87 (MUE),BMW,116i,Sports Hatch,N43B16O0,90,Rear-Wheel Drive,right,Europe,,
UH31,E87 (MUE),BMW,116i,Sports Hatch,N43B20K0,90,Rear-Wheel Drive,left,Europe,2008-10,2010-02
UH32,E87 (MUE),BMW,116i,Sports Hatch,N43B20K0,90,Rear-Wheel Drive,right,Europe,2008-10,2010-02
UD71,E87 (MUE),BMW,118d,Sports Hatch,N47D20U0,105,Rear-Wheel Drive,left,Europe,2006-01,2010-02
UD72,E87 (MUE),BMW,118d,Sports Hatch,N47D20U0,105,Rear-Wheel Drive,right,Europe,2006-09,2010-02
UE51,E87 (MUE),BMW,118i,Sports Hatch,N43B20U0,105,Rear-Wheel Drive,left,Europe,2006-02,2010-02
UE52,E87 (MUE),BMW,118i,Sports Hatch,N43B20U0,105,Rear-Wheel Drive,right,Europe,2006-10,2010-02
UE71,E87 (MUE),BMW,118i,Sports Hatch,N46B20U2,100,Rear-Wheel Drive,left,Europe,2006-10,2010-02
UE72,E87 (MUE),BMW,118i,Sports Hatch,N46B20U2,100,Rear-Wheel Drive,right,Europe,2006-11,2010-02
UD91,E87 (MUE),BMW,120d,Sports Hatch,N47D20O0,130,Rear-Wheel Drive,left,Europe,2006-02,2010-02
UD92,E87 (MUE),BMW,120d,Sports Hatch,N47D20O0,130,Rear-Wheel Drive,right,Europe,2006-09,2010-02
UD11,E87 (MUE),BMW,120i,Sports Hatch,N43B20O0,125,Rear-Wheel Drive,left,Europe,2006-02,2010-02
UD12,E87 (MUE),BMW,120i,Sports Hatch,N43B20O0,125,Rear-Wheel Drive,right,Europe,2006-10,2010-02
UD31,E87 (MUE),BMW,120i,Sports Hatch,N46B20O2,115,Rear-Wheel Drive,left,Europe,2006-09,2010-02
UD32,E87 (MUE),BMW,120i,Sports Hatch,N46B20O2,115,Rear-Wheel Drive,right,Europe,2006-10,2010-02
UH11,E87 (MUE),BMW,123d,Sports Hatch,N47D20T0,150,Rear-Wheel Drive,left,Europe,2007-03,2010-02
UH12,E87 (MUE),BMW,123d,Sports Hatch,N47D20T0,150,Rear-Wheel Drive,right,Europe,2007-04,2010-02
UD51,E87 (MUE),BMW,130i,Sports Hatch,N52B30O1,190,Rear-Wheel Drive,left,Europe,2006-01,2010-02
UD52,E87 (MUE),BMW,130i,Sports Hatch,N52B30O1,190,Rear-Wheel Drive,right,Europe,2006-10,2010-01
UM91,E88,BMW,118d,Convertible,N47D20U0,105,Rear-Wheel Drive,left,Europe,2008-03,2010-02
UM92,E88,BMW,118d,Convertible,N47D20U0,105,Rear-Wheel Drive,right,Europe,2008-03,2010-02
UM11,E88,BMW,118i,Convertible,N43B20U0,105,Rear-Wheel Drive,left,Europe,2007-09,2010-02
UM12,E88,BMW,118i,Convertible,N43B20U0,105,Rear-Wheel Drive,right,Europe,2007-10,2010-02
UM31,E88,BMW,118i,Convertible,N46B20U2,100,Rear-Wheel Drive,left,Europe,2008-03,2009-10
UM32,E88,BMW,118i,Convertible,N46B20U2,100,Rear-Wheel Drive,right,Europe,2008-03,2010-01
UM71,E88,BMW,120d,Convertible,N47D20O0,130,Rear-Wheel Drive,left,Europe,2007-09,2010-02
UM72,E88,BMW,120d,Convertible,N47D20O0,130,Rear-Wheel Drive,right,Europe,2007-10,2010-02
UL51,E88,BMW,120i,Convertible,N46B20O2,115,Rear-Wheel Drive,left,Europe,2007-06,2010-02
UL52,E88,BMW,120i,Convertible,N46B20O2,115,Rear-Wheel Drive,right,Europe,2006-11,2010-02
UM51,E88,BMW,120i,Convertible,N43B20O0,125,Rear-Wheel Drive,left,Europe,2006-11,2010-02
UM52,E88,BMW,120i,Convertible,N43B20O0,125,Rear-Wheel Drive,right,Europe,2007-05,2010-02
UP11,E88,BMW,123d,Convertible,N47D20T0,150,Rear-Wheel Drive,left,Europe,2008-03,2010-02
UP12,E88,BMW,123d,Convertible,N47D20T0,150,Rear-Wheel Drive,right,Europe,2008-03,2010-02
UL91,E88,BMW,125i,Convertible,N52B30U1,160,Rear-Wheel Drive,left,Europe,2007-05,2010-02
UL92,E88,BMW,125i,Convertible,N52B30U1,160,Rear-Wheel Drive,right,Europe,2007-05,2010-02
UL73,E88,BMW,128i,Convertible,N52B30M1,172,Rear-Wheel Drive,left,USA,2006-11,2010-02
UN13,E88,BMW,128i,Convertible,N51B30M1,172,Rear-Wheel Drive,left,USA,2007-09,2010-01
UN71,E88,BMW,135i,Convertible,N55B30M0,225,Rear-Wheel Drive,left,Europe,2009-09,2009-12
UN72,E88,BMW,135i,Convertible,N55B30M0,225,Rear-Wheel Drive,right,Europe,2009-10,2009-11
UN73,E88,BMW,135i,Convertible,N55B30M0,225,Rear-Wheel Drive,left,USA,2009-09,2009-10
UN91,E88,BMW,135i,Convertible,N54B30O0,225,Rear-Wheel Drive,left,Europe,2006-11,2010-02
UN92,E88,BMW,135i,Convertible,N54B30O0,225,Rear-Wheel Drive,right,Europe,2007-06,2010-02
UN93,E88,BMW,135i,Convertible,N54B30O0,225,Rear-Wheel Drive,left,USA,2006-11,2010-02
LL11,E89,BMW,Z4 sDrive18i,Roadster,N20B20U0,115,Rear-Wheel Drive,left,Europe,,
LL12,E89,BMW,Z4 sDrive18i,Roadster,N20B20U0,115,Rear-Wheel Drive,right,Europe,,
LL31,E89,BMW,Z4 sDrive20i,Roadster,N20B20U0,135,Rear-Wheel Drive,left,Europe,,
LL32,E89,BMW,Z4 sDrive20i,Roadster,N20B20U0,135,Rear-Wheel Drive,right,Europe,,
LM31,E89,BMW,Z4 sDrive23i,Roadster,N52B25O1,150,Rear-Wheel Drive,left,Europe,2008-01,2010-02
LM32,E89,BMW,Z4 sDrive23i,Roadster,N52B25O1,150,Rear-Wheel Drive,right,Europe,2008-09,2010-02
LL51,E89,BMW,Z4 sDrive28i,Roadster,N20B20O0,180,Rear-Wheel Drive,left,Europe,,
LL52,E89,BMW,Z4 sDrive28i,Roadster,N20B20O0,180,Rear-Wheel Drive,right,Europe,,
LL53,E89,BMW,Z4 sDrive28i,Roadster,N20B20O0,180,Rear-Wheel Drive,left,USA,,
LM51,E89,BMW,Z4 sDrive30i,Roadster,N52B30O1,190,Rear-Wheel Drive,left,Europe,2008-01,2010-02
LM52,E89,BMW,Z4 sDrive30i,Roadster,N52B30O1,190,Rear-Wheel Drive,right,Europe,2008-09,2010-02
LM53,E89,BMW,Z4 sDrive30i,Roadster,N52B30O1,190,Rear-Wheel Drive,left,USA,2008-01,2010-02
LM11,E89,BMW,Z4 sDrive35i,Roadster,N54B30T0,250,Rear-Wheel Drive,left,Europe,2009-09,2009-12
LM12,E89,BMW,Z4 sDrive35i,Roadster,N54B30T0,250,Rear-Wheel Drive,right,Europe,2009-09,2009-11
LM13,E89,BMW,Z4 sDrive35i,Roadster,N54B30T0,250,Rear-Wheel Drive,left,USA,2009-09,2009-11
LM71,E89,BMW,Z4 sDrive35i,Roadster,N54B30O0,225,Rear-Wheel Drive,left,Europe,2008-01,2010-02
LM72,E89,BMW,Z4 sDrive35i,Roadster,N54B30O0,225,Rear-Wheel Drive,right,Europe,2008-01,2010-02
LM73,E89,BMW,Z4 sDrive35i,Roadster,N54B30O0,225,Rear-Wheel Drive,left,USA,2008-01,2010-02
VA11,E90,BMW,316i,Sedan,N45B16O1,85,Rear-Wheel Drive,left,Europe,2004-08,2007-08
VA12,E90,BMW,316i,Sedan,N45B16O1,85,Rear-Wheel Drive,right,Europe,2005-10,2007-08
VF31,E90,BMW,316i,Sedan,N43B16O0,90,Rear-Wheel Drive,left,Europe,2007-02,2008-08
VF32,E90,BMW,316i,Sedan,N43B16O0,90,Rear-Wheel Drive,right,Europe,2007-03,2008-07
VG31,E90,BMW,316i,Sedan,N45B16O2,85,Rear-Wheel Drive,left,Europe,2007-02,2008-07
VG32,E90,BMW,316i,Sedan,N45B16O2,85,Rear-Wheel Drive,right,Europe,2007-06,2008-07
VC11,E90,BMW,318d,Sedan,M47D20U2,90,Rear-Wheel Drive,left,Europe,2004-02,2007-08
VC12,E90,BMW,318d,Sedan,M47D20U2,90,Rear-Wheel Drive,right,Europe,2005-04,2007-08
VG11,E90,BMW,318d,Sedan,N47D20U0,105,Rear-Wheel Drive,left,Europe,2007-02,2008-08
VG12,E90,BMW,318d,Sedan,N47D20U0,105,Rear-Wheel Drive,right,Europe,2007-04,2008-08
VA51,E90,BMW,318i,Sedan,N46B20U1,95,Rear-Wheel Drive,left,Europe,2004-08,2007-08
VA52,E90,BMW,318i,Sedan,N46B20U1,95,Rear-Wheel Drive,right,Europe,2005-04,2007-08
VA57,E90,BMW,318i,Sedan,N46B20U1,95,Rear-Wheel Drive,right,Thailand,2006-05,2007-03
VF51,E90,BMW,318i,Sedan,N43B20U0,105,Rear-Wheel Drive,left,Europe,2007-02,2008-08
VF52,E90,BMW,318i,Sedan,N43B20U0,105,Rear-Wheel Drive,right,Europe,2007-04,2008-08
VG51,E90,BMW,318i,Sedan,N46B20U2,100,Rear-Wheel Drive,left,Europe,2007-03,2008-08
VG52,E90,BMW,318i,Sedan,N46B20U2,100,Rear-Wheel Drive,right,Europe,2007-05,2008-04
VG57,E90,BMW,318i,Sedan,N46B20U2,100,Rear-Wheel Drive,right,Thailand,2007-09,2008-07
VG58,E90,BMW,318i,Sedan,N46B20U2,100,Rear-Wheel Drive,left,Russia,2008-02,2008-07
VC31,E90,BMW,320d,Sedan,M47D20O2,120,Rear-Wheel Drive,left,Europe,2004-06,2007-08
VC32,E90,BMW,320d,Sedan,M47D20O2,120,Rear-Wheel Drive,right,Europe,2004-02,2007-08
VC36,E90,BMW,320d,Sedan,M47D20O2,120,Rear-Wheel Drive,right,Europe,2004-08,2007-09
VC37,E90,BMW,320d,Sedan,M47D20O2,120,Rear-Wheel Drive,right,Indien,2006-12,2007-08
VG37,E90,BMW,320d,Sedan,N47D20O0,130,Rear-Wheel Drive,right,Indien,2007-09,2008-06
VG38,E90,BMW,320d,Sedan,N47D20O0,130,Rear-Wheel Drive,right,Thailand,2007-11,2008-07
VG91,E90,BMW,320d,Sedan,N47D20O0,130,Rear-Wheel Drive,left,Europe,2007-03,2008-08
VG92,E90,BMW,320d,Sedan,N47D20O0,130,Rear-Wheel Drive,right,Europe,2007-04,2008-08
VG96,E90,BMW,320d,Sedan,N47D20O0,130,Rear-Wheel Drive,right,Europe,2007-05,2008-09
VA71,E90,BMW,320i,Sedan,N46B20O1,110,Rear-Wheel Drive,left,Europe,2004-02,2007-08
VA72,E90,BMW,320i,Sedan,N46B20O1,110,Rear-Wheel Drive,right,Europe,2004-02,2007-08
VA74,E90,BMW,320i,Sedan,N46B20O1,110,Rear-Wheel Drive,right,Malaysia,2005-11,2007-07
VA75,E90,BMW,320i,Sedan,N46B20O1,110,Rear-Wheel Drive,left,Europe,2004-10,2007-08
VA76,E90,BMW,320i,Sedan,N46B20O1,110,Rear-Wheel Drive,right,Europe,2004-08,2007-09
VA77,E90,BMW,320i,Sedan,N46B20O1,110,Rear-Wheel Drive,right,Indonesia,2005-03,2005-11
VA95,E90,BMW,320i,Sedan,N46B20O1,110,Rear-Wheel Drive,right,Indien,2006-09,2007-07
VA96,E90,BMW,320i,Sedan,N46B20O1,110,Rear-Wheel Drive,left,China,2004-10,2007-08
VA97,E90,BMW,320i,Sedan,N46B20O1,110,Rear-Wheel Drive,right,Thailand,2005-02,2007-03
VA98,E90,BMW,320i,Sedan,N46B20O1,110,Rear-Wheel Drive,left,Russia,2005-03,2007-08
VA99,E90,BMW,320i,Sedan,N46B20O1,110,Rear-Wheel Drive,left,Egypt,2005-05,2007-07
VF91,E90,BMW,320i,Sedan,N43B20O0,125,Rear-Wheel Drive,left,Europe,2007-03,2008-08
VF92,E90,BMW,320i,Sedan,N43B20O0,125,Rear-Wheel Drive,right,Europe,2007-03,2008-07
VG71,E90,BMW,320i,Sedan,N46B20O2,115,Rear-Wheel Drive,left,Europe,2006-09,2008-08
VG72,E90,BMW,320i,Sedan,N46B20O2,115,Rear-Wheel Drive,right,Europe,2007-03,2008-07
VG74,E90,BMW,320i,Sedan,N46B20O2,115,Rear-Wheel Drive,right,Malaysia,2007-09,2008-07
VG75,E90,BMW,320i,Sedan,N46B20O2,115,Rear-Wheel Drive,left,Europe,2007-05,2008-08
VG76,E90,BMW,320i,Sedan,N46B20O2,115,Rear-Wheel Drive,right,Europe,2007-05,2008-09
VG77,E90,BMW,320i,Sedan,N46B20O2,115,Rear-Wheel Drive,right,Indonesia,2007-10,2008-08
VG79,E90,BMW,320i,Sedan,N46B20O2,115,Rear-Wheel Drive,left,China,2006-12,2008-06
VG95,E90,BMW,320i,Sedan,N46B20O2,115,Rear-Wheel Drive,right,Indien,2007-10,2008-05
VG97,E90,BMW,320i,Sedan,N46B20O2,115,Rear-Wheel Drive,right,Thailand,2007-09,2008-05
VG98,E90,BMW,320i,Sedan,N46B20O2,115,Rear-Wheel Drive,left,Russia,2007-09,2008-07
VG99,E90,BMW,320i,Sedan,N46B20O2,115,Rear-Wheel Drive,left,Egypt,2007-09,2008-07
VF71,E90,BMW,320si,Sedan,N45B20O0,127,Rear-Wheel Drive,left,Europe,2005-09,2006-08
VF72,E90,BMW,320si,Sedan,N45B20O0,127,Rear-Wheel Drive,right,Europe,2005-10,2006-07
VB51,E90,BMW,323i,Sedan,N52B25U0,130,Rear-Wheel Drive,left,Europe,2004-08,2007-02
VB52,E90,BMW,323i,Sedan,N52B25U0,130,Rear-Wheel Drive,right,Europe,2005-03,2005-10
VB53,E90,BMW,323i,Sedan,N52B25U0,130,Rear-Wheel Drive,left,USA,2005-03,2006-08
VB55,E90,BMW,323i,Sedan,N52B25U0,130,Rear-Wheel Drive,left,Europe,2005-04,2007-03
VB56,E90,BMW,323i,Sedan,N52B25U0,130,Rear-Wheel Drive,right,Europe,2005-04,2007-03
VH12,E90,BMW,323i,Sedan,N52B25U1,140,Rear-Wheel Drive,right,Europe,2006-09,2006-12
VH13,E90,BMW,323i,Sedan,N52B25U1,140,Rear-Wheel Drive,left,USA,2006-03,2008-07
VH16,E90,BMW,323i,Sedan,N52B25U1,140,Rear-Wheel Drive,right,Europe,2006-11,2008-09
VH11,E90,BMW,323I UL,Sedan,N52B25U1,140,Rear-Wheel Drive,left,Europe,2006-09,2008-07
VH15,E90,BMW,323I UL,Sedan,N52B25U1,140,Rear-Wheel Drive,left,Europe,2006-11,2008-07
VC51,E90,BMW,325d,Sedan,M57D30U2,145,Rear-Wheel Drive,left,Europe,2006-03,2008-08
VC52,E90,BMW,325d,Sedan,M57D30U2,145,Rear-Wheel Drive,right,Europe,2006-04,2008-07
VB11,E90,BMW,325i,Sedan,N52B25O0,160,Rear-Wheel Drive,left,Europe,2004-06,2007-08
VB12,E90,BMW,325i,Sedan,N52B25O0,160,Rear-Wheel Drive,right,Europe,2004-07,2007-08
VB13,E90,BMW,325i,Sedan,N52B30U0,160,Rear-Wheel Drive,left,USA,2004-02,2006-08
VB14,E90,BMW,325i,Sedan,N52B25O0,160,Rear-Wheel Drive,left,Russia,2005-09,2007-02
VB15,E90,BMW,325i,Sedan,N52B25O0,160,Rear-Wheel Drive,left,Europe,2004-09,2007-03
VB16,E90,BMW,325i,Sedan,N52B25O0,160,Rear-Wheel Drive,right,Europe,2004-08,2007-03
VB17,E90,BMW,325i,Sedan,N52B30U0,160,Rear-Wheel Drive,left,USA,2004-09,2006-07
VB19,E90,BMW,325i,Sedan,N52B25O0,160,Rear-Wheel Drive,right,Indonesia,2005-04,2005-09
VB59,E90,BMW,325i,Sedan,N52B25O0,160,Rear-Wheel Drive,left,China,2004-10,2007-02
VB95,E90,BMW,325i,Sedan,N52B25O0,160,Rear-Wheel Drive,right,Indien,2006-10,2007-01
VB97,E90,BMW,325i,Sedan,N52B25O0,160,Rear-Wheel Drive,right,Thailand,2005-06,2005-09
VB99,E90,BMW,325i,Sedan,N52B25O0,160,Rear-Wheel Drive,right,Malaysia,2005-10,2007-02
VE31,E90,BMW,325i,Sedan,N53B30U0,160,Rear-Wheel Drive,left,Europe,2007-03,2008-08
VE32,E90,BMW,325i,Sedan,N53B30U0,160,Rear-Wheel Drive,right,Europe,2007-05,2008-07
VH31,E90,BMW,325i,Sedan,N52B25O1,160,Rear-Wheel Drive,left,Europe,2006-09,2008-08
VH32,E90,BMW,325i,Sedan,N52B25O1,160,Rear-Wheel Drive,right,Europe,2006-09,2008-05
VH34,E90,BMW,325i,Sedan,N52B25O1,160,Rear-Wheel Drive,left,Russia,2007-03,2008-07
VH35,E90,BMW,325i,Sedan,N52B25O1,160,Rear-Wheel Drive,left,Europe,2006-11,2008-09
VH36,E90,BMW,325i,Sedan,N52B25O1,160,Rear-Wheel Drive,right,Europe,2006-11,2008-09
VH38,E90,BMW,325i,Sedan,N52B25O1,160,Rear-Wheel Drive,left,China,2006-09,2008-06
VH59,E90,BMW,325i,Sedan,N52B25O1,160,Rear-Wheel Drive,right,Malaysia,2007-03,2008-07
VH95,E90,BMW,325i,Sedan,N52B25O1,160,Rear-Wheel Drive,right,Indien,2007-04,2008-06
VD11,E90,BMW,325xi,Sedan,N52B25O0,160,All Wheel-Drive,left,Europe,2004-09,2007-08
VD13,E90,BMW,325xi,Sedan,N52B30U0,160,All Wheel-Drive,left,USA,2004-09,2006-08
VE51,E90,BMW,325xi,Sedan,N53B30U0,160,All Wheel-Drive,left,Europe,2007-02,2008-07
VF11,E90,BMW,325xi,Sedan,N52B25O1,160,All Wheel-Drive,left,Europe,2006-09,2008-07
VF14,E90,BMW,325xi,Sedan,N52B25O1,160,All Wheel-Drive,left,Russia,2007-06,2008-05
VA31,E90,BMW,328i,Sedan,N51B30M1,172,Rear-Wheel Drive,left,Europe,2006-04,2008-02
VA33,E90,BMW,328i,Sedan,N52B30M1,172,Rear-Wheel Drive,left,USA,2006-03,2008-08
VA37,E90,BMW,328i,Sedan,N52B30M1,172,Rear-Wheel Drive,left,USA,2006-04,2008-08
VC53,E90,BMW,328i,Sedan,N51B30M1,172,Rear-Wheel Drive,left,USA,2006-03,2008-08
VC57,E90,BMW,328i,Sedan,N51B30M1,172,Rear-Wheel Drive,left,USA,2008-03,2008-07
VC73,E90,BMW,328xi,Sedan,N51B30M1,172,All Wheel-Drive,left,USA,2006-03,2008-08
VC93,E90,BMW,328xi,Sedan,N52B30M1,172,All Wheel-Drive,left,USA,2006-03,2008-08
VC91,E90,BMW,330d,Sedan,M57D30O2,170,Rear-Wheel Drive,left,Europe,2004-03,2008-07
VC92,E90,BMW,330d,Sedan,M57D30O2,170,Rear-Wheel Drive,right,Europe,2004-03,2008-07
VC96,E90,BMW,330d,Sedan,M57D30O2,170,Rear-Wheel Drive,right,Europe,2005-05,2008-08
VB31,E90,BMW,330i,Sedan,N52B30O0,190,Rear-Wheel Drive,left,Europe,2004-02,2007-08
VB32,E90,BMW,330i,Sedan,N52B30O0,190,Rear-Wheel Drive,right,Europe,2004-02,2007-08
VB33,E90,BMW,330i,Sedan,N52B30O0,190,Rear-Wheel Drive,left,USA,2004-02,2006-08
VB35,E90,BMW,330i,Sedan,N52B30O0,190,Rear-Wheel Drive,left,Europe,2004-09,2007-02
VB36,E90,BMW,330i,Sedan,N52B30O0,190,Rear-Wheel Drive,right,Europe,2004-08,2007-03
VB38,E90,BMW,330i,Sedan,N52B30O0,190,Rear-Wheel Drive,right,Thailand,2005-02,2005-09
VE71,E90,BMW,330i,Sedan,N53B30O0,200,Rear-Wheel Drive,left,Europe,2007-03,2008-07
VE72,E90,BMW,330i,Sedan,N53B30O0,200,Rear-Wheel Drive,right,Europe,2007-05,2008-07
VH51,E90,BMW,330i,Sedan,N52B30O1,200,Rear-Wheel Drive,left,Europe,2006-09,2008-08
VH52,E90,BMW,330i,Sedan,N52B30O1,200,Rear-Wheel Drive,right,Europe,2006-10,2007-11
VH55,E90,BMW,330i,Sedan,N52B30O1,200,Rear-Wheel Drive,left,Europe,2007-04,2008-04
VH56,E90,BMW,330i,Sedan,N52B30O1,200,Rear-Wheel Drive,right,Europe,2006-11,2008-08
VD91,E90,BMW,330xd,Sedan,M57D30O2,170,All Wheel-Drive,left,Europe,2004-02,2008-08
VD31,E90,BMW,330xi,Sedan,N52B30O0,190,All Wheel-Drive,left,Europe,2004-02,2007-08
VD33,E90,BMW,330xi,Sedan,N52B30O0,190,All Wheel-Drive,left,USA,2005-03,2006-08
VE91,E90,BMW,330xi,Sedan,N53B30O0,200,All Wheel-Drive,left,Europe,2007-02,2008-07
VD71,E90,BMW,335d,Sedan,M57D30T2,210,Rear-Wheel Drive,left,Europe,2006-03,2008-07
VD72,E90,BMW,335d,Sedan,M57D30T2,210,Rear-Wheel Drive,right,Europe,2006-04,2008-07
VB71,E90,BMW,335i,Sedan,N54B30O0,225,Rear-Wheel Drive,left,Europe,2006-03,2008-08
VB72,E90,BMW,335i,Sedan,N54B30O0,225,Rear-Wheel Drive,right,Europe,2006-03,2008-07
VB73,E90,BMW,335i,Sedan,N54B30O0,225,Rear-Wheel Drive,left,USA,2006-03,2008-07
VB75,E90,BMW,335i,Sedan,N54B30O0,225,Rear-Wheel Drive,left,Europe,2007-01,2008-07
VB76,E90,BMW,335i,Sedan,N54B30O0,225,Rear-Wheel Drive,right,Europe,2006-11,2008-09
VB77,E90,BMW,335i,Sedan,N54B30O0,225,Rear-Wheel Drive,left,USA,2007-11,2008-08
VD51,E90,BMW,335xi,Sedan,N54B30O0,225,All Wheel-Drive,left,Europe,2006-09,2008-07
VD53,E90,BMW,335xi,Sedan,N54B30O0,225,All Wheel-Drive,left,USA,2006-09,2008-07
PM91,E90 (M3),BMW,M3,Sedan,S65B40O0,309,Rear-Wheel Drive,left,Europe,2008-04,2010-02
PM92,E90 (M3),BMW,M3,Sedan,S65B40O0,309,Rear-Wheel Drive,right,Europe,2008-03,2010-01
PM93,E90 (M3),BMW,M3,Sedan,S65B40O0,309,Rear-Wheel Drive,left,USA,2008-04,2010-01
VA91,E90 (M3),BMW,M3,Sedan,S65B40O0,309,Rear-Wheel Drive,left,Europe,2007-01,2008-07
VA92,E90 (M3),BMW,M3,Sedan,S65B40O0,309,Rear-Wheel Drive,right,Europe,2007-01,2008-07
VA93,E90 (M3),BMW,M3,Sedan,S65B40O0,309,Rear-Wheel Drive,left,USA,2007-01,2008-07
PK91,E90 (M3),BMW,M3 CRT,Sedan,S65B44,331,Rear-Wheel Drive,left,Europe,,
PK92,E90 (M3),BMW,M3 CRT,Sedan,S65B44,331,Rear-Wheel Drive,right,Europe,,
PR31,E90 (MUE),BMW,316d,Sedan,N47D20K0,85,Rear-Wheel Drive,left,Europe,2009-06,2010-02
PR32,E90 (MUE),BMW,316d,Sedan,N47D20K0,85,Rear-Wheel Drive,right,Europe,2009-06,2010-02
PR51,E90 (MUE),BMW,316d,Sedan,N47D20K1,85,Rear-Wheel Drive,left,Europe,2009-10,2009-10
PR52,E90 (MUE),BMW,316d,Sedan,N47D20K1,85,Rear-Wheel Drive,right,Europe,2009-10,2009-10
PF11,E90 (MUE),BMW,316i,Sedan,N45B16O2,85,Rear-Wheel Drive,left,Europe,2008-05,2010-02
PF12,E90 (MUE),BMW,316i,Sedan,N45B16O2,85,Rear-Wheel Drive,right,Europe,2008-06,2009-12
PF31,E90 (MUE),BMW,316i,Sedan,N43B16O0,90,Rear-Wheel Drive,left,Europe,2008-05,2010-02
PF32,E90 (MUE),BMW,316i,Sedan,N43B16O0,90,Rear-Wheel Drive,right,Europe,2008-05,2010-02
PG11,E90 (MUE),BMW,318d,Sedan,N47D20U1,105,Rear-Wheel Drive,left,Europe,2009-09,2009-12
PG12,E90 (MUE),BMW,318d,Sedan,N47D20U1,105,Rear-Wheel Drive,right,Europe,2009-09,2009-10
PN11,E90 (MUE),BMW,318d,Sedan,N47D20U0,105,Rear-Wheel Drive,left,Europe,2007-11,2010-02
PN12,E90 (MUE),BMW,318d,Sedan,N47D20U0,105,Rear-Wheel Drive,right,Europe,2008-05,2010-02
PF51,E90 (MUE),BMW,318i,Sedan,N43B20U0,105,Rear-Wheel Drive,left,Europe,2008-05,2010-02
PF52,E90 (MUE),BMW,318i,Sedan,N43B20U0,105,Rear-Wheel Drive,right,Europe,2008-06,2010-02
PF71,E90 (MUE),BMW,318i,Sedan,N46B20U2,100,Rear-Wheel Drive,left,Europe,2008-06,2010-02
PF72,E90 (MUE),BMW,318i,Sedan,N46B20U2,100,Rear-Wheel Drive,right,Europe,2008-05,2010-02
PF77,E90 (MUE),BMW,318i,Sedan,N46B20U2,100,Rear-Wheel Drive,right,Thailand,2008-09,2010-01
PF78,E90 (MUE),BMW,318i,Sedan,N46B20U2,100,Rear-Wheel Drive,left,Russia,2008-10,2010-02
PG58,E90 (MUE),BMW,318i,Sedan,N46B20O2,100,Rear-Wheel Drive,left,China,2008-08,2009-10
PG59,E90 (MUE),BMW,318i,Sedan,N46B20O2,100,Rear-Wheel Drive,left,Egypt,2009-01,2010-02
PS31,E90 (MUE),BMW,318i,Sedan,N46B20O2,100,Rear-Wheel Drive,left,China,2010-01,2010-02
PN31,E90 (MUE),BMW,320d,Sedan,N47D20O0,130,Rear-Wheel Drive,left,Europe,2007-07,2010-02
PN32,E90 (MUE),BMW,320d,Sedan,N47D20O0,130,Rear-Wheel Drive,right,Europe,2008-03,2010-02
PN34,E90 (MUE),BMW,320d,Sedan,N47D20O0,130,Rear-Wheel Drive,right,Malaysia,2009-06,2009-12
PN35,E90 (MUE),BMW,320d,Sedan,N47D20O0,130,Rear-Wheel Drive,left,Europe,2009-04,2010-02
PN36,E90 (MUE),BMW,320d,Sedan,N47D20O0,130,Rear-Wheel Drive,right,Europe,2008-05,2010-02
PN37,E90 (MUE),BMW,320d,Sedan,N47D20O0,125,Rear-Wheel Drive,right,Indien,2008-09,2010-02
PN38,E90 (MUE),BMW,320d,Sedan,N47D20O0,130,Rear-Wheel Drive,right,Thailand,2008-09,2009-11
PP11,E90 (MUE),BMW,320d,Sedan,N47D20O1,135,Rear-Wheel Drive,left,Europe,2009-09,2009-12
PP12,E90 (MUE),BMW,320d,Sedan,N47D20O1,135,Rear-Wheel Drive,right,Europe,2009-10,2009-12
PP14,E90 (MUE),BMW,320d,Sedan,N47D20O1,135,Rear-Wheel Drive,right,Thailand,,
PP15,E90 (MUE),BMW,320d,Sedan,N47D20O1,135,Rear-Wheel Drive,left,Europe,,
PP16,E90 (MUE),BMW,320d,Sedan,N47D20O1,135,Rear-Wheel Drive,right,Europe,,
PP17,E90 (MUE),BMW,320d,Sedan,N47D20O1,135,Rear-Wheel Drive,right,Indien,,
PP34,E90 (MUE),BMW,320d,Sedan,N47D20O1,135,Rear-Wheel Drive,right,Malaysia,,
PP51,E90 (MUE),BMW,320d EfficientDynamics Edition,Sedan,N47D20O1,120,Rear-Wheel Drive,left,Europe,2009-10,2009-12
PP52,E90 (MUE),BMW,320d EfficientDynamics Edition,Sedan,N47D20O1,120,Rear-Wheel Drive,right,Europe,2009-10,2009-12
PG31,E90 (MUE),BMW,320i,Sedan,N43B20O0,125,Rear-Wheel Drive,left,Europe,2008-03,2010-02
PG32,E90 (MUE),BMW,320i,Sedan,N43B20O0,125,Rear-Wheel Drive,right,Europe,2008-03,2010-02
PG36,E90 (MUE),BMW,320i,Sedan,N43B20O0,125,Rear-Wheel Drive,right,Europe,,
PG51,E90 (MUE),BMW,320i,Sedan,N46B20O2,115,Rear-Wheel Drive,left,Europe,2007-07,2010-02
PG52,E90 (MUE),BMW,320i,Sedan,N46B20O2,115,Rear-Wheel Drive,right,Europe,2008-06,2010-02
PG54,E90 (MUE),BMW,320i,Sedan,N46B20O2,115,Rear-Wheel Drive,right,Malaysia,2008-09,2010-02
PG55,E90 (MUE),BMW,320i,Sedan,N46B20O2,115,Rear-Wheel Drive,left,Europe,2008-07,2010-02
PG56,E90 (MUE),BMW,320i,Sedan,N46B20O2,115,Rear-Wheel Drive,right,Europe,2008-05,2010-02
PG57,E90 (MUE),BMW,320i,Sedan,N46B20O2,115,Rear-Wheel Drive,right,Indonesia,2008-09,2010-02
PG95,E90 (MUE),BMW,320i,Sedan,N46B20O2,115,Rear-Wheel Drive,right,Indien,2008-09,2010-02
PG96,E90 (MUE),BMW,320i,Sedan,N46B20O2,115,Rear-Wheel Drive,left,China,2007-09,2009-10
PG97,E90 (MUE),BMW,320i,Sedan,N46B20O2,115,Rear-Wheel Drive,right,Thailand,2008-09,2010-02
PG98,E90 (MUE),BMW,320i,Sedan,N46B20O2,115,Rear-Wheel Drive,left,Russia,2008-09,2010-02
PG99,E90 (MUE),BMW,320i,Sedan,N46B20O2,115,Rear-Wheel Drive,left,Egypt,2008-09,2010-02
PS51,E90 (MUE),BMW,320i,Sedan,N46B20O2,115,Rear-Wheel Drive,left,China,2010-01,2010-02
PP31,E90 (MUE),BMW,320xd,Sedan,N47D20O1,135,All Wheel-Drive,left,Europe,2009-09,2009-12
PP71,E90 (MUE),BMW,320xd,Sedan,N47D20O0,130,All Wheel-Drive,left,Europe,2007-07,2010-02
PG73,E90 (MUE),BMW,323i,Sedan,N52B25U1,140,Rear-Wheel Drive,left,USA,2008-05,2010-01
PG74,E90 (MUE),BMW,323i,Sedan,N52B25U1,140,Rear-Wheel Drive,right,Malaysia,2008-09,2010-02
PG71,E90 (MUE),BMW,323I UL,Sedan,N52B25U1,140,Rear-Wheel Drive,left,Europe,2009-01,2010-02
PG75,E90 (MUE),BMW,323I UL,Sedan,N52B25U1,140,Rear-Wheel Drive,left,Europe,2008-08,2010-02
PG76,E90 (MUE),BMW,323I UL,Sedan,N52B25U1,140,Rear-Wheel Drive,right,Europe,2008-05,2010-02
PG77,E90 (MUE),BMW,323I UL,Sedan,N52B25U1,140,Rear-Wheel Drive,left,USA,2009-12,2009-12
PN51,E90 (MUE),BMW,325d,Sedan,M57D30U2,145,Rear-Wheel Drive,left,Europe,2008-03,2010-02
PN52,E90 (MUE),BMW,325d,Sedan,M57D30U2,145,Rear-Wheel Drive,right,Europe,2008-05,2010-02
PN91,E90 (MUE),BMW,325d,Sedan,N57D30U0,150,Rear-Wheel Drive,left,Europe,2009-09,2009-10
PN92,E90 (MUE),BMW,325d,Sedan,N57D30U0,150,Rear-Wheel Drive,right,Europe,2009-10,2009-10
PH11,E90 (MUE),BMW,325i,Sedan,N52B25O1,160,Rear-Wheel Drive,left,Europe,2008-03,2010-02
PH12,E90 (MUE),BMW,325i,Sedan,N52B25O1,160,Rear-Wheel Drive,right,Europe,2008-03,2009-12
PH14,E90 (MUE),BMW,325i,Sedan,N52B25O1,160,Rear-Wheel Drive,left,Russia,2008-09,2009-10
PH15,E90 (MUE),BMW,325i,Sedan,N52B25O1,160,Rear-Wheel Drive,left,Europe,2008-05,2010-01
PH16,E90 (MUE),BMW,325i,Sedan,N52B25O1,160,Rear-Wheel Drive,right,Europe,2008-05,2010-02
PH17,E90 (MUE),BMW,325i,Sedan,N52B25O1,160,Rear-Wheel Drive,right,Thailand,2009-09,2010-01
PH18,E90 (MUE),BMW,325i,Sedan,N52B25O1,160,Rear-Wheel Drive,left,China,2007-09,2009-10
PH31,E90 (MUE),BMW,325i,Sedan,N53B30U0,160,Rear-Wheel Drive,left,Europe,2007-07,2010-02
PH32,E90 (MUE),BMW,325i,Sedan,N53B30U0,160,Rear-Wheel Drive,right,Europe,2008-06,2010-02
PH35,E90 (MUE),BMW,325i,Sedan,N53B30U0,160,Rear-Wheel Drive,left,Europe,,
PH36,E90 (MUE),BMW,325i,Sedan,N53B30U0,160,Rear-Wheel Drive,right,Europe,,
PH37,E90 (MUE),BMW,325i,Sedan,N52B25O1,160,Rear-Wheel Drive,right,Indonesia,2010-01,2010-02
PH39,E90 (MUE),BMW,325i,Sedan,N52B25O1,160,Rear-Wheel Drive,right,Malaysia,2008-09,2010-02
PH95,E90 (MUE),BMW,325i,Sedan,N52B25O1,160,Rear-Wheel Drive,right,Indien,2008-11,2009-01
PS71,E90 (MUE),BMW,325i,Sedan,N52B25O1,160,Rear-Wheel Drive,left,China,2010-01,2010-02
PK11,E90 (MUE),BMW,325xi,Sedan,N52B25O1,160,All Wheel-Drive,left,Europe,2008-06,2010-02
PK14,E90 (MUE),BMW,325xi,Sedan,N52B25O1,160,All Wheel-Drive,left,Russia,2008-09,2010-01
PK31,E90 (MUE),BMW,325xi,Sedan,N53B30U0,160,All Wheel-Drive,left,Europe,2008-06,2010-02
PH51,E90 (MUE),BMW,328i,Sedan,N51B30M1,172,Rear-Wheel Drive,left,Europe,2008-03,2009-04
PH53,E90 (MUE),BMW,328i,Sedan,N51B30M1,172,Rear-Wheel Drive,left,USA,2008-05,2010-02
PH55,E90 (MUE),BMW,328i,Sedan,N51B30M1,172,Rear-Wheel Drive,left,Europe,2009-04,2009-12
PH57,E90 (MUE),BMW,328i,Sedan,N51B30M1,172,Rear-Wheel Drive,left,USA,2008-05,2010-02
PH73,E90 (MUE),BMW,328i,Sedan,N52B30M1,172,Rear-Wheel Drive,left,USA,2007-07,2010-02
PH77,E90 (MUE),BMW,328i,Sedan,N52B30M1,172,Rear-Wheel Drive,left,USA,2008-05,2010-02
PK53,E90 (MUE),BMW,328xi,Sedan,N51B30M1,172,All Wheel-Drive,left,USA,2008-06,2010-02
PK57,E90 (MUE),BMW,328xi,Sedan,N51B30M1,172,All Wheel-Drive,left,USA,,
PK73,E90 (MUE),BMW,328xi,Sedan,N52B30M1,172,All Wheel-Drive,left,USA,2008-05,2010-02
PK77,E90 (MUE),BMW,328xi,Sedan,N52B30M1,172,All Wheel-Drive,left,USA,,
PR91,E90 (MUE),BMW,330d,Sedan,N57D30O0,180,Rear-Wheel Drive,left,Europe,2007-07,2010-02
PR92,E90 (MUE),BMW,330d,Sedan,N57D30O0,180,Rear-Wheel Drive,right,Europe,2007-07,2010-02
PR96,E90 (MUE),BMW,330d,Sedan,N57D30O0,180,Rear-Wheel Drive,right,Europe,2008-05,2010-02
PP91,E90 (MUE),BMW,330d xDrive,Sedan,N57D30O0,180,All Wheel-Drive,left,Europe,2007-07,2010-02
PM11,E90 (MUE),BMW,330i,Sedan,N53B30O0,200,Rear-Wheel Drive,left,Europe,2008-04,2010-02
PM12,E90 (MUE),BMW,330i,Sedan,N53B30O0,200,Rear-Wheel Drive,right,Europe,2008-06,2010-02
PM31,E90 (MUE),BMW,330i,Sedan,N52B30O1,190,Rear-Wheel Drive,left,Europe,2008-03,2010-01
PM32,E90 (MUE),BMW,330i,Sedan,N52B30O1,190,Rear-Wheel Drive,right,Europe,2007-07,2009-07
PM34,E90 (MUE),BMW,330i,Sedan,N52B30O1,200,Rear-Wheel Drive,right,Indien,2009-11,2009-11
PM35,E90 (MUE),BMW,330i,Sedan,N52B30O1,200,Rear-Wheel Drive,left,Europe,2008-09,2010-01
PM36,E90 (MUE),BMW,330i,Sedan,N52B30O1,200,Rear-Wheel Drive,right,Europe,2008-05,2010-02
PM39,E90 (MUE),BMW,330i,Sedan,N52B30O1,200,Rear-Wheel Drive,left,Egypt,2008-12,2010-02
PL11,E90 (MUE),BMW,330xi,Sedan,N53B30O0,200,All Wheel-Drive,left,Europe,2008-05,2010-02
PN71,E90 (MUE),BMW,335d,Sedan,M57D30T2,210,Rear-Wheel Drive,left,Europe,2008-02,2010-02
PN72,E90 (MUE),BMW,335d,Sedan,M57D30T2,210,Rear-Wheel Drive,right,Europe,2008-05,2010-02
PN73,E90 (MUE),BMW,335d,Sedan,M57D30T2,210,Rear-Wheel Drive,left,USA,2007-11,2010-02
PM51,E90 (MUE),BMW,335i,Sedan,N55B30M0,225,Rear-Wheel Drive,left,Europe,2009-09,2009-12
PM52,E90 (MUE),BMW,335i,Sedan,N55B30M0,225,Rear-Wheel Drive,right,Europe,2009-09,2009-10
PM53,E90 (MUE),BMW,335i,Sedan,N55B30M0,225,Rear-Wheel Drive,left,USA,2009-09,2009-12
PM55,E90 (MUE),BMW,335i,Sedan,N55B30M0,225,Rear-Wheel Drive,left,Europe,2009-11,2009-11
PM56,E90 (MUE),BMW,335i,Sedan,N55B30M0,225,Rear-Wheel Drive,right,Europe,2009-11,2009-12
PM57,E90 (MUE),BMW,335i,Sedan,N55B30M0,225,Rear-Wheel Drive,left,USA,2009-11,2009-11
PM71,E90 (MUE),BMW,335i,Sedan,N54B30O0,225,Rear-Wheel Drive,left,Europe,2007-07,2010-02
PM72,E90 (MUE),BMW,335i,Sedan,N54B30O0,225,Rear-Wheel Drive,right,Europe,2008-03,2010-02
PM73,E90 (MUE),BMW,335i,Sedan,N54B30O0,225,Rear-Wheel Drive,left,USA,2008-04,2010-02
PM75,E90 (MUE),BMW,335i,Sedan,N54B30O0,225,Rear-Wheel Drive,left,Europe,2008-10,2010-01
PM76,E90 (MUE),BMW,335i,Sedan,N54B30O0,225,Rear-Wheel Drive,right,Europe,2008-05,2010-02
PM77,E90 (MUE),BMW,335i,Sedan,N54B30O0,225,Rear-Wheel Drive,left,USA,2008-06,2010-02
PL51,E90 (MUE),BMW,335i xDrive,Sedan,N55B30M0,225,All Wheel-Drive,left,Europe,2009-09,2009-10
PL53,E90 (MUE),BMW,335i xDrive,Sedan,N55B30M0,225,All Wheel-Drive,left,USA,2009-09,2009-10
PL57,E90 (MUE),BMW,335i xDrive,Sedan,N55B30M0,225,All Wheel-Drive,left,USA,,
PL31,E90 (MUE),BMW,335xi,Sedan,N54B30O0,225,All Wheel-Drive,left,Europe,2007-07,2010-02
PL33,E90 (MUE),BMW,335xi,Sedan,N54B30O0,225,All Wheel-Drive,left,USA,2008-05,2010-02
VU11,E91,BMW,318d,Touring,M47D20U2,90,Rear-Wheel Drive,left,Europe,2005-09,2007-08
VU12,E91,BMW,318d,Touring,M47D20U2,90,Rear-Wheel Drive,right,Europe,2005-10,2007-08
VW11,E91,BMW,318d,Touring,N47D20U0,105,Rear-Wheel Drive,left,Europe,2007-02,2008-08
VW12,E91,BMW,318d,Touring,N47D20U0,105,Rear-Wheel Drive,right,Europe,2007-04,2008-08
VR31,E91,BMW,318i,Touring,N43B20U0,105,Rear-Wheel Drive,left,Europe,2007-05,2008-08
VR32,E91,BMW,318i,Touring,N43B20U0,105,Rear-Wheel Drive,right,Europe,2007-05,2008-08
VR51,E91,BMW,318i,Touring,N46B20U1,95,Rear-Wheel Drive,left,Europe,2005-09,2007-08
VR52,E91,BMW,318i,Touring,N46B20U1,95,Rear-Wheel Drive,right,Europe,2005-10,2007-08
VW31,E91,BMW,318i,Touring,N46B20U2,100,Rear-Wheel Drive,left,Europe,2007-02,2007-06
VW32,E91,BMW,318i,Touring,N46B20U2,100,Rear-Wheel Drive,right,Europe,2007-05,2007-06
VU31,E91,BMW,320d,Touring,M47D20O2,120,Rear-Wheel Drive,left,Europe,2004-02,2007-08
VU32,E91,BMW,320d,Touring,M47D20O2,120,Rear-Wheel Drive,right,Europe,2004-12,2007-08
VU51,E91,BMW,320d,Touring,N47D20O0,130,Rear-Wheel Drive,left,Europe,2007-02,2008-08
VU52,E91,BMW,320d,Touring,N47D20O0,130,Rear-Wheel Drive,right,Europe,2007-04,2008-08
VR71,E91,BMW,320i,Touring,N46B20O1,110,Rear-Wheel Drive,left,Europe,2004-03,2007-08
VR72,E91,BMW,320i,Touring,N46B20O1,110,Rear-Wheel Drive,right,Europe,2005-03,2007-08
VR91,E91,BMW,320i,Touring,N43B20O0,125,Rear-Wheel Drive,left,Europe,2007-02,2008-08
VR92,E91,BMW,320i,Touring,N43B20O0,125,Rear-Wheel Drive,right,Europe,2007-05,2008-07
VW71,E91,BMW,320i,Touring,N46B20O2,115,Rear-Wheel Drive,left,Europe,2007-02,2008-07
VW72,E91,BMW,320i,Touring,N46B20O2,115,Rear-Wheel Drive,right,Europe,2007-03,2008-08
VS51,E91,BMW,323i,Touring,N52B25U0,130,Rear-Wheel Drive,left,Europe,2005-03,2005-06
VS52,E91,BMW,323i,Touring,N52B25U0,130,Rear-Wheel Drive,right,Europe,2005-10,2007-02
VW52,E91,BMW,323I UL,Touring,N52B25U1,140,Rear-Wheel Drive,right,Europe,2006-09,2008-07
VU71,E91,BMW,325d,Touring,M57D30U2,145,Rear-Wheel Drive,left,Europe,2006-03,2008-08
VU72,E91,BMW,325d,Touring,M57D30U2,145,Rear-Wheel Drive,right,Europe,2006-06,2008-08
VS11,E91,BMW,325i,Touring,N52B25O0,160,Rear-Wheel Drive,left,Europe,2004-12,2007-08
VS12,E91,BMW,325i,Touring,N52B25O0,160,Rear-Wheel Drive,right,Europe,2004-12,2007-08
VV31,E91,BMW,325i,Touring,N53B30U0,160,Rear-Wheel Drive,left,Europe,2007-02,2008-08
VV32,E91,BMW,325i,Touring,N53B30U0,160,Rear-Wheel Drive,right,Europe,2007-05,2008-07
VW91,E91,BMW,325i,Touring,N52B25O1,160,Rear-Wheel Drive,left,Europe,2006-09,2008-07
VW92,E91,BMW,325i,Touring,N52B25O1,160,Rear-Wheel Drive,right,Europe,2006-09,2008-08
VT71,E91,BMW,325ix,Touring,N52B25O1,160,All Wheel-Drive,left,Europe,2006-09,2008-07
VT11,E91,BMW,325xi,Touring,N52B25O0,160,All Wheel-Drive,left,Europe,2005-01,2007-08
VT13,E91,BMW,325xi,Touring,N52B30U0,160,All Wheel-Drive,left,USA,2005-01,2006-08
VV51,E91,BMW,325xi,Touring,N53B30U0,160,All Wheel-Drive,left,Europe,2007-02,2008-07
VS13,E91,BMW,328i,Touring,N52B30M1,172,Rear-Wheel Drive,left,USA,2004-02,2008-08
VT73,E91,BMW,328xi,Touring,N52B30M1,172,All Wheel-Drive,left,USA,2006-03,2008-08
VU91,E91,BMW,330d,Touring,M57D30O2,170,Rear-Wheel Drive,left,Europe,2004-02,2008-08
VU92,E91,BMW,330d,Touring,M57D30O2,170,Rear-Wheel Drive,right,Europe,2005-03,2008-07
VS31,E91,BMW,330i,Touring,N52B30O0,190,Rear-Wheel Drive,left,Europe,2004-12,2007-08
VS32,E91,BMW,330i,Touring,N52B30O0,190,Rear-Wheel Drive,right,Europe,2005-04,2007-08
VV71,E91,BMW,330i,Touring,N53B30O0,200,Rear-Wheel Drive,left,Europe,2007-02,2008-08
VV72,E91,BMW,330i,Touring,N53B30O0,200,Rear-Wheel Drive,right,Europe,2007-04,2008-07
VY31,E91,BMW,330i,Touring,N52B30O1,200,Rear-Wheel Drive,left,Europe,2006-09,2008-04
VY32,E91,BMW,330i,Touring,N52B30O1,200,Rear-Wheel Drive,right,Europe,2006-11,2008-01
VT91,E91,BMW,330xd,Touring,M57D30O2,170,All Wheel-Drive,left,Europe,2004-12,2008-08
VT31,E91,BMW,330xi,Touring,N52B30O0,190,All Wheel-Drive,left,Europe,2004-03,2007-08
VV91,E91,BMW,330xi,Touring,N53B30O0,200,All Wheel-Drive,left,Europe,2007-02,2008-08
VS91,E91,BMW,335d,Touring,M57D30T2,210,Rear-Wheel Drive,left,Europe,2006-03,2008-08
VS92,E91,BMW,335d,Touring,M57D30T2,210,Rear-Wheel Drive,right,Europe,2006-03,2008-08
VS71,E91,BMW,335i,Touring,N54B30O0,225,Rear-Wheel Drive,left,Europe,2006-03,2008-07
VS72,E91,BMW,335i,Touring,N54B30O0,225,Rear-Wheel Drive,right,Europe,2006-03,2008-08
VT51,E91,BMW,335xi,Touring,N54B30O0,225,All Wheel-Drive,left,Europe,2006-09,2008-08
UY51,E91 (MUE),BMW,316d,Touring,N47D20K1,85,Rear-Wheel Drive,left,Europe,2009-09,2009-10
US11,E91 (MUE),BMW,316i,Touring,N43B16O0,90,Rear-Wheel Drive,left,Europe,2008-05,2010-02
UT31,E91 (MUE),BMW,318d,Touring,N47D20U1,105,Rear-Wheel Drive,left,Europe,2009-09,2009-12
UT32,E91 (MUE),BMW,318d,Touring,N47D20U1,105,Rear-Wheel Drive,right,Europe,2009-10,2009-10
UX11,E91 (MUE),BMW,318d,Touring,N47D20U0,105,Rear-Wheel Drive,left,Europe,2008-02,2010-02
UX12,E91 (MUE),BMW,318d,Touring,N47D20U0,105,Rear-Wheel Drive,right,Europe,2008-05,2010-02
US31,E91 (MUE),BMW,318i,Touring,N43B20U0,105,Rear-Wheel Drive,left,Europe,2008-06,2010-02
US32,E91 (MUE),BMW,318i,Touring,N43B20U0,105,Rear-Wheel Drive,right,Europe,2008-06,2010-02
US51,E91 (MUE),BMW,318i,Touring,N46B20U2,100,Rear-Wheel Drive,left,Europe,2008-06,2009-09
US52,E91 (MUE),BMW,318i,Touring,N46B20U2,100,Rear-Wheel Drive,right,Europe,2008-05,2008-05
UX31,E91 (MUE),BMW,320d,Touring,N47D20O0,130,Rear-Wheel Drive,left,Europe,2007-07,2010-02
UX32,E91 (MUE),BMW,320d,Touring,N47D20O0,130,Rear-Wheel Drive,right,Europe,2008-03,2010-02
UY11,E91 (MUE),BMW,320d,Touring,N47D20O1,135,Rear-Wheel Drive,left,Europe,2009-09,2009-12
UY12,E91 (MUE),BMW,320d,Touring,N47D20O1,135,Rear-Wheel Drive,right,Europe,2009-10,2009-10
UY71,E91 (MUE),BMW,320d EfficientDynamics Edition,Touring,N47D20O1,120,Rear-Wheel Drive,left,Europe,,
US71,E91 (MUE),BMW,320i,Touring,N46B20O2,115,Rear-Wheel Drive,left,Europe,2008-05,2009-06
US72,E91 (MUE),BMW,320i,Touring,N46B20O2,115,Rear-Wheel Drive,right,Europe,2008-03,2010-01
US91,E91 (MUE),BMW,320i,Touring,N43B20O0,125,Rear-Wheel Drive,left,Europe,2007-07,2010-02
US92,E91 (MUE),BMW,320i,Touring,N43B20O0,125,Rear-Wheel Drive,right,Europe,2008-06,2010-02
UW71,E91 (MUE),BMW,320xd,Touring,N47D20O0,130,All Wheel-Drive,left,Europe,2007-07,2010-02
UY31,E91 (MUE),BMW,320xd,Touring,N47D20O1,135,All Wheel-Drive,left,Europe,2009-09,2009-12
UT52,E91 (MUE),BMW,323i,Touring,N52B25U1,140,Rear-Wheel Drive,right,Europe,2008-06,2010-01
UX51,E91 (MUE),BMW,325d,Touring,M57D30U2,145,Rear-Wheel Drive,left,Europe,2008-06,2010-02
UX52,E91 (MUE),BMW,325d,Touring,M57D30U2,145,Rear-Wheel Drive,right,Europe,2008-05,2010-02
UX91,E91 (MUE),BMW,325d,Touring,N57D30U0,150,Rear-Wheel Drive,left,Europe,2009-09,2009-12
UX92,E91 (MUE),BMW,325d,Touring,N57D30U0,150,Rear-Wheel Drive,right,Europe,2009-09,2009-10
UT71,E91 (MUE),BMW,325i,Touring,N53B30U0,160,Rear-Wheel Drive,left,Europe,2008-03,2010-02
UT72,E91 (MUE),BMW,325i,Touring,N53B30U0,160,Rear-Wheel Drive,right,Europe,2008-08,2010-02
UT91,E91 (MUE),BMW,325i,Touring,N52B25O1,150,Rear-Wheel Drive,left,Europe,2008-09,2009-10
UT92,E91 (MUE),BMW,325i,Touring,N52B25O1,150,Rear-Wheel Drive,right,Europe,2008-06,2009-11
UU31,E91 (MUE),BMW,325xi,Touring,N52B25O1,150,All Wheel-Drive,left,Europe,2008-05,2009-06
UU51,E91 (MUE),BMW,325xi,Touring,N53B30U0,160,All Wheel-Drive,left,Europe,2008-05,2010-02
UT93,E91 (MUE),BMW,328i,Touring,N52B30M1,172,Rear-Wheel Drive,left,USA,2007-07,2010-02
UU33,E91 (MUE),BMW,328xi,Touring,N52B30M1,172,All Wheel-Drive,left,USA,2008-06,2010-01
UY91,E91 (MUE),BMW,330d,Touring,N57D30O0,180,Rear-Wheel Drive,left,Europe,2007-07,2010-02
UY92,E91 (MUE),BMW,330d,Touring,N57D30O0,180,Rear-Wheel Drive,right,Europe,2007-07,2010-02
UW91,E91 (MUE),BMW,330d xDrive,Touring,N57D30O0,180,All Wheel-Drive,left,Europe,2007-07,2010-02
UV31,E91 (MUE),BMW,330i,Touring,N52B30O1,200,Rear-Wheel Drive,left,Europe,2008-05,2008-05
UV32,E91 (MUE),BMW,330i,Touring,N52B30O1,200,Rear-Wheel Drive,right,Europe,2009-01,2009-01
UV51,E91 (MUE),BMW,330i,Touring,N53B30O0,200,Rear-Wheel Drive,left,Europe,2008-03,2010-02
UV52,E91 (MUE),BMW,330i,Touring,N53B30O0,200,Rear-Wheel Drive,right,Europe,2008-08,2010-02
UU71,E91 (MUE),BMW,330xi,Touring,N53B30O0,200,All Wheel-Drive,left,Europe,2008-06,2010-02
UX71,E91 (MUE),BMW,335d,Touring,M57D30T2,210,Rear-Wheel Drive,left,Europe,2008-03,2010-02
UX72,E91 (MUE),BMW,335d,Touring,M57D30T2,210,Rear-Wheel Drive,right,Europe,2008-05,2010-01
UV71,E91 (MUE),BMW,335i,Touring,N54B30O0,225,Rear-Wheel Drive,left,Europe,2007-07,2010-02
UV72,E91 (MUE),BMW,335i,Touring,N54B30O0,225,Rear-Wheel Drive,right,Europe,2008-05,2010-02
UV91,E91 (MUE),BMW,335i,Touring,N55B30M0,225,Rear-Wheel Drive,left,Europe,2009-09,2009-12
UV92,E91 (MUE),BMW,335i,Touring,N55B30M0,225,Rear-Wheel Drive,right,Europe,2009-10,2009-10
UU11,E91 (MUE),BMW,335i xDrive,Touring,N55B30M0,225,All Wheel-Drive,left,Europe,2009-09,2009-12
UU91,E91 (MUE),BMW,335xi,Touring,N54B30O0,225,All Wheel-Drive,left,Europe,2008-05,2010-02
WA11,E92,BMW,316i,Coupe,N43B16O0,90,Rear-Wheel Drive,left,Europe,2007-03,2010-02
WA12,E92,BMW,316i,Coupe,N43B16O0,90,Rear-Wheel Drive,right,Europe,2008-04,2010-01
WD11,E92,BMW,320d,Coupe,N47D20O0,130,Rear-Wheel Drive,left,Europe,2005-06,2010-02
WD12,E92,BMW,320d,Coupe,N47D20O0,130,Rear-Wheel Drive,right,Europe,2006-11,2010-02
WA51,E92,BMW,320i,Coupe,N46B20O2,115,Rear-Wheel Drive,left,Europe,2006-09,2010-01
WA52,E92,BMW,320i,Coupe,N46B20O2,115,Rear-Wheel Drive,right,Europe,2006-10,2010-01
WA71,E92,BMW,320i,Coupe,N43B20O0,125,Rear-Wheel Drive,left,Europe,2006-09,2010-02
WA72,E92,BMW,320i,Coupe,N43B20O0,125,Rear-Wheel Drive,right,Europe,2006-09,2010-02
WC11,E92,BMW,320xd,Coupe,N47D20O0,130,All Wheel-Drive,left,Europe,2008-03,2010-02
WB12,E92,BMW,323i,Coupe,N52B25U1,140,Rear-Wheel Drive,right,Europe,2006-04,2009-11
WD31,E92,BMW,325d,Coupe,M57D30U2,145,Rear-Wheel Drive,left,Europe,2006-09,2010-02
WD32,E92,BMW,325d,Coupe,M57D30U2,145,Rear-Wheel Drive,right,Europe,2006-11,2010-01
WB31,E92,BMW,325i,Coupe,N52B25O1,160,Rear-Wheel Drive,left,Europe,2005-05,2010-02
WB32,E92,BMW,325i,Coupe,N52B25O1,160,Rear-Wheel Drive,right,Europe,2005-06,2010-01
WE31,E92,BMW,325i,Coupe,N53B30U0,160,Rear-Wheel Drive,left,Europe,2005-05,2010-02
WE32,E92,BMW,325i,Coupe,N53B30U0,160,Rear-Wheel Drive,right,Europe,2005-12,2010-02
WC31,E92,BMW,325xi,Coupe,N52B25O1,160,All Wheel-Drive,left,Europe,2005-11,2010-02
WE51,E92,BMW,325xi,Coupe,N53B30U0,160,All Wheel-Drive,left,Europe,2007-03,2010-01
WB33,E92,BMW,328i,Coupe,N52B30M1,172,Rear-Wheel Drive,left,USA,2005-05,2010-02
WV13,E92,BMW,328i,Coupe,N51B30M1,172,Rear-Wheel Drive,left,USA,2005-12,2010-02
WC33,E92,BMW,328xi,Coupe,N52B30M1,172,All Wheel-Drive,left,USA,2006-03,2010-02
WV53,E92,BMW,328xi,Coupe,N51B30M1,172,All Wheel-Drive,left,USA,2005-06,2010-02
WA91,E92,BMW,330d,Coupe,N57D30O0,180,Rear-Wheel Drive,left,Europe,2008-03,2010-02
WA92,E92,BMW,330d,Coupe,N57D30O0,180,Rear-Wheel Drive,right,Europe,2008-04,2010-02
WD51,E92,BMW,330d,Coupe,M57D30O2,170,Rear-Wheel Drive,left,Europe,2005-05,2008-08
WD52,E92,BMW,330d,Coupe,M57D30O2,170,Rear-Wheel Drive,right,Europe,2006-03,2008-08
WB91,E92,BMW,330d xDrive,Coupe,N57D30O0,180,All Wheel-Drive,left,Europe,2008-03,2010-02
WB51,E92,BMW,330i,Coupe,N52B30O1,200,Rear-Wheel Drive,left,Europe,2005-05,2010-02
WB52,E92,BMW,330i,Coupe,N52B30O1,200,Rear-Wheel Drive,right,Europe,2006-03,2010-01
WE71,E92,BMW,330i,Coupe,N53B30O0,200,Rear-Wheel Drive,left,Europe,2005-06,2010-01
WE72,E92,BMW,330i,Coupe,N53B30O0,200,Rear-Wheel Drive,right,Europe,2007-04,2010-02
WC91,E92,BMW,330xd,Coupe,M57D30O2,170,All Wheel-Drive,left,Europe,2005-05,2008-08
WC51,E92,BMW,330xi,Coupe,N52B30O1,200,All Wheel-Drive,left,Europe,2005-06,2007-08
WE91,E92,BMW,330xi,Coupe,N53B30O0,200,All Wheel-Drive,left,Europe,2007-03,2010-01
WD71,E92,BMW,335d,Coupe,M57D30T2,210,Rear-Wheel Drive,left,Europe,2005-05,2010-02
WD72,E92,BMW,335d,Coupe,M57D30T2,210,Rear-Wheel Drive,right,Europe,2005-05,2010-01
WB71,E92,BMW,335i,Coupe,N54B30O0,225,Rear-Wheel Drive,left,Europe,2005-11,2010-02
WB72,E92,BMW,335i,Coupe,N54B30O0,225,Rear-Wheel Drive,right,Europe,2005-11,2010-02
WB73,E92,BMW,335i,Coupe,N54B30O0,225,Rear-Wheel Drive,left,USA,2005-06,2010-02
WC71,E92,BMW,335xi,Coupe,N54B30O0,225,All Wheel-Drive,left,Europe,2007-03,2010-02
WC73,E92,BMW,335xi,Coupe,N54B30O0,225,All Wheel-Drive,left,USA,2007-03,2010-02
KG91,E92 (M3),BMW,M3,Coupe,S65B40O0,309,Rear-Wheel Drive,left,Europe,2009-09,2009-12
KG92,E92 (M3),BMW,M3,Coupe,S65B40O0,309,Rear-Wheel Drive,right,Europe,2009-09,2009-10
KG93,E92 (M3),BMW,M3,Coupe,S65B40O0,309,Rear-Wheel Drive,left,USA,2009-09,2009-12
WD91,E92 (M3),BMW,M3,Coupe,S65B40O0,309,Rear-Wheel Drive,left,Europe,2006-07,2010-02
WD92,E92 (M3),BMW,M3,Coupe,S65B40O0,309,Rear-Wheel Drive,right,Europe,2006-07,2010-01
WD93,E92 (M3),BMW,M3,Coupe,S65B40O0,309,Rear-Wheel Drive,left,USA,2006-07,2010-01
KD11,E92 (MUE),BMW,316i,Coupe,N43B16O0,90,Rear-Wheel Drive,left,Europe,2009-12,2009-12
KD12,E92 (MUE),BMW,316i,Coupe,N43B16O0,90,Rear-Wheel Drive,right,Europe,,
KD91,E92 (MUE),BMW,318i,Coupe,N43B20U0,105,Rear-Wheel Drive,left,Europe,2009-10,2009-11
KD92,E92 (MUE),BMW,318i,Coupe,N43B20U0,105,Rear-Wheel Drive,right,Europe,,
KK31,E92 (MUE),BMW,320d,Coupe,N47D20O1,135,Rear-Wheel Drive,left,Europe,2008-11,2009-12
KK32,E92 (MUE),BMW,320d,Coupe,N47D20O1,135,Rear-Wheel Drive,right,Europe,,
KH31,E92 (MUE),BMW,320d xDrive,Coupe,N47D20O1,135,All Wheel-Drive,left,Europe,2008-11,2009-09
KD51,E92 (MUE),BMW,320i,Coupe,N46B20O2,115,Rear-Wheel Drive,left,Europe,2009-09,2009-12
KD52,E92 (MUE),BMW,320i,Coupe,N46B20O2,115,Rear-Wheel Drive,right,Europe,,
KD71,E92 (MUE),BMW,320i,Coupe,N43B20O0,125,Rear-Wheel Drive,left,Europe,2009-10,2009-10
KD72,E92 (MUE),BMW,320i,Coupe,N43B20O0,125,Rear-Wheel Drive,right,Europe,2008-11,2009-09
KE12,E92 (MUE),BMW,323I R,Coupe,N52B25U1,140,Rear-Wheel Drive,right,Europe,2009-11,2009-11
KK51,E92 (MUE),BMW,325d,Coupe,N57D30U0,150,Rear-Wheel Drive,left,Europe,2009-09,2009-12
KK52,E92 (MUE),BMW,325d,Coupe,N57D30U0,150,Rear-Wheel Drive,right,Europe,,
KE31,E92 (MUE),BMW,325i,Coupe,N52B25O1,150,Rear-Wheel Drive,left,Europe,2009-09,2009-12
KE32,E92 (MUE),BMW,325i,Coupe,N52B25O1,150,Rear-Wheel Drive,right,Europe,2009-11,2009-11
KE51,E92 (MUE),BMW,325i,Coupe,N53B30U0,160,Rear-Wheel Drive,left,Europe,2009-11,2009-11
KE52,E92 (MUE),BMW,325i,Coupe,N53B30U0,160,Rear-Wheel Drive,right,Europe,2009-10,2009-10
KF31,E92 (MUE),BMW,325i xDrive,Coupe,N52B25O1,150,All Wheel-Drive,left,Europe,,
KF51,E92 (MUE),BMW,325i xDrive,Coupe,N53B30U0,160,All Wheel-Drive,left,Europe,,
KE33,E92 (MUE),BMW,328i,Coupe,N52B30M1,172,Rear-Wheel Drive,left,USA,2009-10,2009-10
KE53,E92 (MUE),BMW,328i,Coupe,N51B30M1,172,Rear-Wheel Drive,left,USA,2009-10,2009-10
KF33,E92 (MUE),BMW,328i xDrive,Coupe,N52B30M1,172,All Wheel-Drive,left,USA,2009-10,2009-10
KF53,E92 (MUE),BMW,328i xDrive,Coupe,N51B30M1,172,All Wheel-Drive,left,USA,2009-09,2009-09
KK71,E92 (MUE),BMW,330d,Coupe,N57D30O0,180,Rear-Wheel Drive,left,Europe,2009-07,2009-09
KK72,E92 (MUE),BMW,330d,Coupe,N57D30O0,180,Rear-Wheel Drive,right,Europe,2009-09,2009-09
KH51,E92 (MUE),BMW,330d xDrive,Coupe,N57D30O0,180,All Wheel-Drive,left,Europe,,
KG31,E92 (MUE),BMW,330i,Coupe,N52B30O1,190,Rear-Wheel Drive,left,Europe,2009-09,2009-12
KG32,E92 (MUE),BMW,330i,Coupe,N52B30O1,190,Rear-Wheel Drive,right,Europe,,
KG51,E92 (MUE),BMW,330i,Coupe,N53B30O0,200,Rear-Wheel Drive,left,Europe,2009-11,2009-11
KG52,E92 (MUE),BMW,330i,Coupe,N53B30O0,200,Rear-Wheel Drive,right,Europe,,
KF71,E92 (MUE),BMW,330i xDrive,Coupe,N53B30O0,200,All Wheel-Drive,left,Europe,,
KK91,E92 (MUE),BMW,335d,Coupe,M57D30T2,210,Rear-Wheel Drive,left,Europe,2009-10,2009-10
KK92,E92 (MUE),BMW,335d,Coupe,M57D30T2,210,Rear-Wheel Drive,right,Europe,,
KG71,E92 (MUE),BMW,335i,Coupe,N55B30M0,225,Rear-Wheel Drive,left,Europe,2008-11,2009-12
KG72,E92 (MUE),BMW,335i,Coupe,N55B30M0,225,Rear-Wheel Drive,right,Europe,2009-09,2009-09
KG73,E92 (MUE),BMW,335i,Coupe,N55B30M0,225,Rear-Wheel Drive,left,USA,2008-12,2009-11
KF91,E92 (MUE),BMW,335i xDrive,Coupe,N55B30M0,225,All Wheel-Drive,left,Europe,2008-11,2009-11
KF93,E92 (MUE),BMW,335i xDrive,Coupe,N55B30M0,225,All Wheel-Drive,left,USA,2008-11,2009-11
KG13,E92 (MUE),BMW,335is,Coupe,N54B30T0,240,Rear-Wheel Drive,left,USA,,
WM31,E93,BMW,320d,Convertible,N47D20O0,130,Rear-Wheel Drive,left,Europe,2007-09,2010-02
WM32,E93,BMW,320d,Convertible,N47D20O0,130,Rear-Wheel Drive,right,Europe,2007-10,2010-02
WK51,E93,BMW,320i,Convertible,N46B20O2,115,Rear-Wheel Drive,left,Europe,2005-09,2010-02
WK52,E93,BMW,320i,Convertible,N46B20O2,115,Rear-Wheel Drive,right,Europe,2006-10,2010-01
WK71,E93,BMW,320i,Convertible,N43B20O0,125,Rear-Wheel Drive,left,Europe,2005-10,2010-02
WK72,E93,BMW,320i,Convertible,N43B20O0,125,Rear-Wheel Drive,right,Europe,2005-10,2010-02
WL32,E93,BMW,323i,Convertible,N52B25U1,140,Rear-Wheel Drive,right,Europe,2007-03,2009-12
WM71,E93,BMW,325d,Convertible,M57D30U2,145,Rear-Wheel Drive,left,Europe,2007-03,2010-02
WM72,E93,BMW,325d,Convertible,M57D30U2,145,Rear-Wheel Drive,right,Europe,2007-03,2010-01
WL11,E93,BMW,325i,Convertible,N52B25O1,160,Rear-Wheel Drive,left,Europe,2006-06,2010-02
WL12,E93,BMW,325i,Convertible,N52B25O1,160,Rear-Wheel Drive,right,Europe,2006-08,2010-01
WN31,E93,BMW,325i,Convertible,N53B30U0,160,Rear-Wheel Drive,left,Europe,2006-06,2010-02
WN32,E93,BMW,325i,Convertible,N53B30U0,160,Rear-Wheel Drive,right,Europe,2006-07,2010-02
WL13,E93,BMW,328i,Convertible,N52B30M1,172,Rear-Wheel Drive,left,USA,2005-09,2010-02
WR31,E93,BMW,328i,Convertible,N51B30M1,172,Rear-Wheel Drive,left,Europe,2006-06,2010-01
WR33,E93,BMW,328i,Convertible,N51B30M1,172,Rear-Wheel Drive,left,USA,2005-10,2010-02
WM51,E93,BMW,330d,Convertible,M57D30O2,170,Rear-Wheel Drive,left,Europe,2005-09,2009-02
WM52,E93,BMW,330d,Convertible,M57D30O2,170,Rear-Wheel Drive,right,Europe,2005-10,2009-02
WM91,E93,BMW,330d,Convertible,N57D30O0,180,Rear-Wheel Drive,left,Europe,2008-09,2010-02
WM92,E93,BMW,330d,Convertible,N57D30O0,180,Rear-Wheel Drive,right,Europe,2008-10,2010-01
WL51,E93,BMW,330i,Convertible,N52B30O1,200,Rear-Wheel Drive,left,Europe,2005-10,2010-02
WL52,E93,BMW,330i,Convertible,N52B30O1,200,Rear-Wheel Drive,right,Europe,2005-10,2010-01
WN71,E93,BMW,330i,Convertible,N53B30O0,200,Rear-Wheel Drive,left,Europe,2006-09,2010-02
WN72,E93,BMW,330i,Convertible,N53B30O0,200,Rear-Wheel Drive,right,Europe,2005-09,2010-02
WL71,E93,BMW,335i,Convertible,N54B30O0,225,Rear-Wheel Drive,left,Europe,2005-10,2010-02
WL72,E93,BMW,335i,Convertible,N54B30O0,225,Rear-Wheel Drive,right,Europe,2006-06,2010-01
WL73,E93,BMW,335i,Convertible,N54B30O0,225,Rear-Wheel Drive,left,USA,2005-10,2010-02
DX91,E93 (M3),BMW,M3,Convertible,S65B40O0,309,Rear-Wheel Drive,left,Europe,2009-07,2009-09
DX92,E93 (M3),BMW,M3,Convertible,S65B40O0,309,Rear-Wheel Drive,right,Europe,2009-10,2009-10
DX93,E93 (M3),BMW,M3,Convertible,S65B40O0,309,Rear-Wheel Drive,left,USA,2009-09,2009-09
WL91,E93 (M3),BMW,M3,Convertible,S65B40O0,309,Rear-Wheel Drive,left,Europe,2007-03,2010-02
WL92,E93 (M3),BMW,M3,Convertible,S65B40O0,309,Rear-Wheel Drive,right,Europe,2007-05,2010-02
WL93,E93 (M3),BMW,M3,Convertible,S65B40O0,309,Rear-Wheel Drive,left,USA,2007-03,2010-01
DV71,E93 (MUE),BMW,318i,Convertible,N43B20U0,105,Rear-Wheel Drive,left,Europe,2009-10,2009-10
DY31,E93 (MUE),BMW,320d,Convertible,N47D20O1,135,Rear-Wheel Drive,left,Europe,2008-11,2009-12
DY32,E93 (MUE),BMW,320d,Convertible,N47D20O1,135,Rear-Wheel Drive,right,Europe,2009-12,2009-12
DV31,E93 (MUE),BMW,320i,Convertible,N46B20O2,115,Rear-Wheel Drive,left,Europe,2009-09,2009-12
DV32,E93 (MUE),BMW,320i,Convertible,N46B20O2,115,Rear-Wheel Drive,right,Europe,,
DV51,E93 (MUE),BMW,320i,Convertible,N43B20O0,125,Rear-Wheel Drive,left,Europe,2009-09,2009-10
DV52,E93 (MUE),BMW,320i,Convertible,N43B20O0,125,Rear-Wheel Drive,right,Europe,2009-10,2009-10
DW12,E93 (MUE),BMW,323I RL,Convertible,N52B25U1,140,Rear-Wheel Drive,right,Europe,,
DY51,E93 (MUE),BMW,325d,Convertible,N57D30U0,150,Rear-Wheel Drive,left,Europe,2009-09,2009-10
DY52,E93 (MUE),BMW,325d,Convertible,N57D30U0,150,Rear-Wheel Drive,right,Europe,,
DW31,E93 (MUE),BMW,325i,Convertible,N52B25O1,150,Rear-Wheel Drive,left,Europe,2009-09,2009-12
DW32,E93 (MUE),BMW,325i,Convertible,N52B25O1,150,Rear-Wheel Drive,right,Europe,,
DW51,E93 (MUE),BMW,325i,Convertible,N53B30U0,160,Rear-Wheel Drive,left,Europe,2009-07,2009-07
DW52,E93 (MUE),BMW,325i,Convertible,N53B30U0,160,Rear-Wheel Drive,right,Europe,2009-09,2009-09
DW33,E93 (MUE),BMW,328i,Convertible,N52B30M1,172,Rear-Wheel Drive,left,USA,2009-10,2009-10
DW73,E93 (MUE),BMW,328i,Convertible,N51B30M1,172,Rear-Wheel Drive,left,USA,2009-11,2009-11
DW71,E93 (MUE),BMW,328I KOR,Convertible,N51B30M1,172,Rear-Wheel Drive,left,Europe,2009-12,2009-12
DY71,E93 (MUE),BMW,330d,Convertible,N57D30O0,180,Rear-Wheel Drive,left,Europe,2009-10,2009-12
DY72,E93 (MUE),BMW,330d,Convertible,N57D30O0,180,Rear-Wheel Drive,right,Europe,,
DX31,E93 (MUE),BMW,330i,Convertible,N52B30O1,190,Rear-Wheel Drive,left,Europe,2009-09,2009-12
DX32,E93 (MUE),BMW,330i,Convertible,N52B30O1,200,Rear-Wheel Drive,right,Europe,,
DX51,E93 (MUE),BMW,330i,Convertible,N53B30O0,200,Rear-Wheel Drive,left,Europe,2009-10,2009-11
DX52,E93 (MUE),BMW,330i,Convertible,N53B30O0,200,Rear-Wheel Drive,right,Europe,,
DX71,E93 (MUE),BMW,335i,Convertible,N55B30M0,225,Rear-Wheel Drive,left,Europe,2008-11,2009-12
DX72,E93 (MUE),BMW,335i,Convertible,N55B30M0,225,Rear-Wheel Drive,right,Europe,2008-12,2009-10
DX73,E93 (MUE),BMW,335i,Convertible,N55B30M0,225,Rear-Wheel Drive,left,USA,2008-11,2009-10
DX13,E93 (MUE),BMW,335is,Convertible,N54B30T0,240,Rear-Wheel Drive,left,USA,2009-09,2009-11
KM21,F01,BMW,730d,Sedan,N57D30O0,180,Rear-Wheel Drive,left,Europe,2007-09,2010-02
KM22,F01,BMW,730d,Sedan,N57D30O0,180,Rear-Wheel Drive,right,Europe,2007-09,2010-02
KA21,F01,BMW,730i,Sedan,N52B30O2,190,Rear-Wheel Drive,left,Europe,2008-06,2010-01
KM81,F01,BMW,740d,Sedan,N57D30T0,225,Rear-Wheel Drive,left,Europe,2007-10,2010-02
KM82,F01,BMW,740d,Sedan,N57D30T0,225,Rear-Wheel Drive,right,Europe,2008-06,2010-02
KC01,F01,BMW,740d xDrive,Sedan,N57D30T0,225,All Wheel-Drive,left,Europe,,
KA41,F01,BMW,740i,Sedan,N54B30O0,240,Rear-Wheel Drive,left,Europe,2007-09,2010-02
KA42,F01,BMW,740i,Sedan,N54B30O0,240,Rear-Wheel Drive,right,Europe,2007-09,2010-02
KA43,F01,BMW,740i,Sedan,N54B30O0,240,Rear-Wheel Drive,left,USA,2009-09,2009-11
KA81,F01,BMW,750i,Sedan,N63B44O0,300,Rear-Wheel Drive,left,Europe,2007-06,2010-01
KA82,F01,BMW,750i,Sedan,N63B44O0,300,Rear-Wheel Drive,right,Europe,2007-09,2010-01
KA83,F01,BMW,750i,Sedan,N63B44O0,300,Rear-Wheel Drive,left,USA,2007-09,2010-01
KC61,F01,BMW,750i xDrive,Sedan,N63B44O0,300,All Wheel-Drive,left,Europe,2007-09,2010-02
KC63,F01,BMW,750i xDrive,Sedan,N63B44O0,300,All Wheel-Drive,left,USA,2008-05,2010-01
KA01,F01,BMW,760i,Sedan,N74B60U0,400,Rear-Wheel Drive,left,Europe,2007-09,2010-01
KA73,F01,BMW,ALPINA B7 Bi-Turbo,Sedan,N63,373,Rear-Wheel Drive,left,USA,2009-11,2009-11
KC53,F01,BMW,ALPINA B7 Bi-Turbo Allrad,Sedan,N63,373,All Wheel-Drive,left,USA,,
YC21,F01 (MUE),BMW,730d,Sedan,N57D30O1,190,Rear-Wheel Drive,left,Europe,,
YC22,F01 (MUE),BMW,730d,Sedan,N57D30O1,190,Rear-Wheel Drive,right,Europe,,
YC41,F01 (MUE),BMW,730d xDrive,Sedan,N57D30O1,190,All Wheel-Drive,left,Europe,,
YA21,F01 (MUE),BMW,730i,Sedan,N52B30O2,190,Rear-Wheel Drive,left,Europe,,
YC81,F01 (MUE),BMW,740d,Sedan,N57D30T1,230,Rear-Wheel Drive,left,Europe,,
YC82,F01 (MUE),BMW,740d,Sedan,N57D30T1,230,Rear-Wheel Drive,right,Europe,,
YB01,F01 (MUE),BMW,740d xDrive,Sedan,N57D30T1,230,All Wheel-Drive,left,Europe,,
YA61,F01 (MUE),BMW,740i,Sedan,N55B30O0,235,Rear-Wheel Drive,left,Europe,,
YA62,F01 (MUE),BMW,740i,Sedan,N55B30O0,235,Rear-Wheel Drive,right,Europe,,
YA63,F01 (MUE),BMW,740i,Sedan,N55B30O0,235,Rear-Wheel Drive,left,USA,,
YB81,F01 (MUE),BMW,750d xDrive,Sedan,N57D30S1,280,All Wheel-Drive,left,Europe,,
YA81,F01 (MUE),BMW,750i,Sedan,N63B44O1,330,Rear-Wheel Drive,left,Europe,,
YA82,F01 (MUE),BMW,750i,Sedan,N63B44O1,330,Rear-Wheel Drive,right,Europe,,
YA83,F01 (MUE),BMW,750i,Sedan,N63B44O1,330,Rear-Wheel Drive,left,USA,,
YB61,F01 (MUE),BMW,750i xDrive,Sedan,N63B44O1,330,All Wheel-Drive,left,Europe,,
YB63,F01 (MUE),BMW,750i xDrive,Sedan,N63B44O1,330,All Wheel-Drive,left,USA,,
YA41,F01 (MUE),BMW,760i,Sedan,N74B60U0,400,Rear-Wheel Drive,left,Europe,,
YA01,F01 (MUE),BMW,ActiveHybrid 7,Sedan,N55B30O0,235,Rear-Wheel Drive,left,Europe,,
YA02,F01 (MUE),BMW,ActiveHybrid 7,Sedan,N55B30O0,235,Rear-Wheel Drive,right,Europe,,
YA73,F01 (MUE),BMW,ALPINA B7 Bi-Turbo,Sedan,N63N,397,Rear-Wheel Drive,left,USA,,
YB53,F01 (MUE),BMW,ALPINA B7 Bi-Turbo Allrad,Sedan,N63N,397,All Wheel-Drive,left,USA,,
KM41,F02,BMW,730Ld,Sedan,N57D30O0,180,Rear-Wheel Drive,left,Europe,2007-09,2010-02
KM42,F02,BMW,730Ld,Sedan,N57D30O0,180,Rear-Wheel Drive,right,Europe,2008-11,2010-02
KM45,F02,BMW,730Ld,Sedan,N57D30O0,180,Rear-Wheel Drive,right,Thailand,2009-04,2009-12
KM47,F02,BMW,730Ld,Sedan,N57D30O0,180,Rear-Wheel Drive,right,Indien,,
KB21,F02,BMW,730Li,Sedan,N52B30O2,190,Rear-Wheel Drive,left,Europe,2007-09,2010-02
KB22,F02,BMW,730Li,Sedan,N52B30O2,190,Rear-Wheel Drive,right,Europe,2008-07,2010-02
KB25,F02,BMW,730Li,Sedan,N52B30O2,190,Rear-Wheel Drive,right,Thailand,2009-09,2010-02
KB41,F02,BMW,740Li,Sedan,N54B30O0,240,Rear-Wheel Drive,left,Europe,2007-09,2010-02
KB42,F02,BMW,740Li,Sedan,N54B30O0,240,Rear-Wheel Drive,right,Europe,2008-03,2010-02
KB43,F02,BMW,740Li,Sedan,N54B30O0,240,Rear-Wheel Drive,left,USA,2009-09,2009-09
KB45,F02,BMW,740Li,Sedan,N54B30O0,240,Rear-Wheel Drive,right,Thailand,2008-12,2009-12
KB66,F02,BMW,740Li,Sedan,N54B30O0,240,Rear-Wheel Drive,left,Egypt,,
KB81,F02,BMW,750Li,Sedan,N63B44O0,300,Rear-Wheel Drive,left,Europe,2007-07,2010-02
KB82,F02,BMW,750Li,Sedan,N63B44O0,300,Rear-Wheel Drive,right,Europe,2007-10,2010-02
KB83,F02,BMW,750Li,Sedan,N63B44O0,300,Rear-Wheel Drive,left,USA,2007-07,2010-01
KB86,F02,BMW,750Li,Sedan,N63B44O0,300,Rear-Wheel Drive,left,Egypt,2008-12,2010-01
KC81,F02,BMW,750Li xDrive,Sedan,N63B44O0,300,All Wheel-Drive,left,Europe,2007-09,2010-02
KC83,F02,BMW,750Li xDrive,Sedan,N63B44O0,300,All Wheel-Drive,left,USA,2008-04,2010-02
KB01,F02,BMW,760Li,Sedan,N74B60U0,400,Rear-Wheel Drive,left,Europe,2007-09,2010-02
KB02,F02,BMW,760Li,Sedan,N74B60U0,400,Rear-Wheel Drive,right,Europe,2008-04,2010-01
KB03,F02,BMW,760Li,Sedan,N74B60U0,400,Rear-Wheel Drive,left,USA,2007-09,2010-01
KB73,F02,BMW,ALPINA B7 Bi-Turbo,Sedan,N63,373,Rear-Wheel Drive,left,USA,2009-11,2009-11
KC73,F02,BMW,ALPINA B7 Bi-Turbo Allrad,Sedan,N63,373,All Wheel-Drive,left,USA,,
YG41,F02 (MUE),BMW,730Ld,Sedan,N57D30O1,190,Rear-Wheel Drive,left,Europe,,
YG42,F02 (MUE),BMW,730Ld,Sedan,N57D30O1,190,Rear-Wheel Drive,right,Europe,,
YG44,F02 (MUE),BMW,730Ld,Sedan,N57D30O1,190,Rear-Wheel Drive,right,Thailand,,
YG47,F02 (MUE),BMW,730Ld,Sedan,N57D30O1,190,Rear-Wheel Drive,right,Indien,,
YE21,F02 (MUE),BMW,730Li,Sedan,N52B30O2,190,Rear-Wheel Drive,left,Europe,,
YE22,F02 (MUE),BMW,730Li,Sedan,N52B30O2,190,Rear-Wheel Drive,right,Europe,,
YE25,F02 (MUE),BMW,730Li,Sedan,N52B30O2,190,Rear-Wheel Drive,right,Thailand,,
YG63,F02 (MUE),BMW,740Ld xDrive,Sedan,N57D30O1,190,All Wheel-Drive,left,USA,,
YE41,F02 (MUE),BMW,740Li,Sedan,N55B30O0,235,Rear-Wheel Drive,left,Europe,,
YE42,F02 (MUE),BMW,740Li,Sedan,N55B30O0,235,Rear-Wheel Drive,right,Europe,,
YE43,F02 (MUE),BMW,740Li,Sedan,N55B30O0,235,Rear-Wheel Drive,left,USA,,
YE44,F02 (MUE),BMW,740Li,Sedan,N55B30O0,235,Rear-Wheel Drive,right,Thailand,,
YE45,F02 (MUE),BMW,740Li,Sedan,N55B30O0,235,Rear-Wheel Drive,left,Egypt,,
YF41,F02 (MUE),BMW,740Li xDrive,Sedan,N55B30O0,235,All Wheel-Drive,left,Europe,,
YF43,F02 (MUE),BMW,740Li xDrive,Sedan,N55B30O0,235,All Wheel-Drive,left,USA,,
YF61,F02 (MUE),BMW,750Ld xDrive,Sedan,N57D30S1,280,All Wheel-Drive,left,Europe,,
YE81,F02 (MUE),BMW,750Li,Sedan,N63B44O1,330,Rear-Wheel Drive,left,Europe,,
YE82,F02 (MUE),BMW,750Li,Sedan,N63B44O1,330,Rear-Wheel Drive,right,Europe,,
YE83,F02 (MUE),BMW,750Li,Sedan,N63B44O1,330,Rear-Wheel Drive,left,USA,,
YF01,F02 (MUE),BMW,750Li xDrive,Sedan,N63T,300,All Wheel-Drive,left,Europe,,
YF81,F02 (MUE),BMW,750Li xDrive,Sedan,N63B44O1,330,All Wheel-Drive,left,Europe,,
YF83,F02 (MUE),BMW,750Li xDrive,Sedan,N63B44O1,330,All Wheel-Drive,left,USA,,
YG01,F02 (MUE),BMW,760Li,Sedan,N74B60U0,400,Rear-Wheel Drive,left,Europe,,
YG02,F02 (MUE),BMW,760Li,Sedan,N74B60U0,400,Rear-Wheel Drive,right,Europe,,
YG03,F02 (MUE),BMW,760Li,Sedan,N74B60U0,400,Rear-Wheel Drive,left,USA,,
YE03,F02 (MUE),BMW,Active Hybrid 7,Sedan,N55B30O0,235,Rear-Wheel Drive,left,USA,,
YE01,F02 (MUE),BMW,ActiveHybrid 7,Sedan,N55B30O0,235,Rear-Wheel Drive,left,Europe,,
YE02,F02 (MUE),BMW,ActiveHybrid 7,Sedan,N55B30O0,235,Rear-Wheel Drive,right,Europe,,
YE73,F02 (MUE),BMW,ALPINA B7 Bi-Turbo,Sedan,N63N,397,Rear-Wheel Drive,left,USA,,
YF73,F02 (MUE),BMW,ALPINA B7 Bi-Turbo Allrad,Sedan,N63N,397,All Wheel-Drive,left,USA,,
LK21,F03,BMW,750Li,Sedan,N63B44O0,300,Rear-Wheel Drive,left,Europe,2008-06,2009-11
LK22,F03,BMW,750Li,Sedan,N63B44O0,300,Rear-Wheel Drive,right,Europe,,
LK41,F03,BMW,760Li,Sedan,N74B60U0,400,Rear-Wheel Drive,left,Europe,2008-04,2009-12
LK42,F03,BMW,760Li,Sedan,N74B60U0,400,Rear-Wheel Drive,right,Europe,2009-07,2009-07
GX21,F03 (MUE),BMW,750Li,Sedan,N63B44O0,300,Rear-Wheel Drive,left,Europe,,
HP41,F03 (MUE),BMW,760Li,Sedan,N74B60U0,400,Rear-Wheel Drive,left,Europe,,
HP42,F03 (MUE),BMW,760Li,Sedan,N74B60U0,400,Rear-Wheel Drive,right,Europe,,
KX61,F04,BMW,ActiveHybrid 7,Sedan,N63B44O1,330,Rear-Wheel Drive,left,Europe,2008-11,2009-12
KX63,F04,BMW,ActiveHybrid 7,Sedan,N63B44O1,330,Rear-Wheel Drive,left,USA,2008-10,2009-12
KX81,F04,BMW,ActiveHybrid 7L,Sedan,N63B44O1,330,Rear-Wheel Drive,left,Europe,2008-11,2009-11
KX83,F04,BMW,ActiveHybrid 7L,Sedan,N63B44O1,330,Rear-Wheel Drive,left,USA,2008-10,2009-12
6A61,F06,BMW,640d,Coupe,N57D30T1,230,Rear-Wheel Drive,left,Europe,,
6A62,F06,BMW,640d,Coupe,N57D30T1,230,Rear-Wheel Drive,right,Europe,,
6A81,F06,BMW,640d xDrive,Coupe,N57D30T1,230,All Wheel-Drive,left,Europe,,
6A01,F06,BMW,640i,Coupe,N55B30O0,235,Rear-Wheel Drive,left,Europe,,
6A02,F06,BMW,640i,Coupe,N55B30O0,235,Rear-Wheel Drive,right,Europe,,
6A03,F06,BMW,640i,Coupe,N55B30O0,235,Rear-Wheel Drive,left,USA,,
6B81,F06,BMW,640i xDrive,Coupe,N55B30O0,235,All Wheel-Drive,left,Europe,,
6B83,F06,BMW,640i xDrive,Coupe,N55B30O0,235,All Wheel-Drive,left,USA,,
6B21,F06,BMW,650i,Coupe,N63B44O1,330,Rear-Wheel Drive,left,Europe,,
6B22,F06,BMW,650i,Coupe,N63B44O1,330,Rear-Wheel Drive,right,Europe,,
6B23,F06,BMW,650i,Coupe,N63B44O1,330,Rear-Wheel Drive,left,USA,,
6B41,F06,BMW,650i xDrive,Coupe,N63B44O1,330,All Wheel-Drive,left,Europe,,
6B43,F06,BMW,650i xDrive,Coupe,N63B44O1,330,All Wheel-Drive,left,USA,,
6B61,F06,BMW,650i xDrive,Coupe,N63T,300,All Wheel-Drive,left,Europe,,
6C91,F06 (M6),BMW,M6,Coupe,S63B44T0,412,Rear-Wheel Drive,left,Europe,,
6C92,F06 (M6),BMW,M6,Coupe,S63B44T0,412,Rear-Wheel Drive,right,Europe,,
6C93,F06 (M6),BMW,M6,Coupe,S63B44T0,412,Rear-Wheel Drive,left,USA,,
6E91,F06 (M6),BMW,M6,Coupe,S63B44T0,412,Rear-Wheel Drive,left,Europe,,
6E92,F06 (M6),BMW,M6,Coupe,S63B44T0,412,Rear-Wheel Drive,right,Europe,,
6E93,F06 (M6),BMW,M6,Coupe,S63B44T0,412,Rear-Wheel Drive,left,USA,,
XC01,F07,BMW,520d,Gran Turismo,N47D20O1,135,Rear-Wheel Drive,left,Europe,,
XC02,F07,BMW,520d,Gran Turismo,N47D20O1,135,Rear-Wheel Drive,right,Europe,,
SN61,F07,BMW,530d,Gran Turismo,N57D30O0,180,Rear-Wheel Drive,left,Europe,2008-09,2010-02
SN62,F07,BMW,530d,Gran Turismo,N57D30O0,180,Rear-Wheel Drive,right,Europe,2009-01,2010-02
SZ01,F07,BMW,530d,Gran Turismo,N57D30U0,155,Rear-Wheel Drive,left,Europe,,
XC61,F07,BMW,530d,Gran Turismo,N57D30O1,190,Rear-Wheel Drive,left,Europe,,
XC62,F07,BMW,530d,Gran Turismo,N57D30O1,190,Rear-Wheel Drive,right,Europe,,
SP61,F07,BMW,530d xDrive,Gran Turismo,N57D30O0,180,All Wheel-Drive,left,Europe,,
XC21,F07,BMW,530d xDrive,Gran Turismo,N57D30O1,190,All Wheel-Drive,left,Europe,,
SN81,F07,BMW,535d,Gran Turismo,N57D30T0,220,Rear-Wheel Drive,left,Europe,2009-05,2009-11
SN82,F07,BMW,535d,Gran Turismo,N57D30T0,220,Rear-Wheel Drive,right,Europe,2009-06,2009-11
XC81,F07,BMW,535d,Gran Turismo,N57D30T1,230,Rear-Wheel Drive,left,Europe,,
XC82,F07,BMW,535d,Gran Turismo,N57D30T1,230,Rear-Wheel Drive,right,Europe,,
SP81,F07,BMW,535d xDrive,Gran Turismo,N57D30T0,220,All Wheel-Drive,left,Europe,,
XC41,F07,BMW,535d xDrive,Gran Turismo,N57D30T1,230,All Wheel-Drive,left,Europe,,
SN21,F07,BMW,535i,Gran Turismo,N55B30M0,225,Rear-Wheel Drive,left,Europe,2008-09,2010-02
SN22,F07,BMW,535i,Gran Turismo,N55B30M0,225,Rear-Wheel Drive,right,Europe,2008-09,2010-02
SN23,F07,BMW,535i,Gran Turismo,N55B30M0,225,Rear-Wheel Drive,left,USA,2008-09,2009-11
SP21,F07,BMW,535i xDrive,Gran Turismo,N55B30M0,225,All Wheel-Drive,left,Europe,,
SP23,F07,BMW,535i xDrive,Gran Turismo,N55B30M0,225,All Wheel-Drive,left,USA,,
SN01,F07,BMW,550i,Gran Turismo,N63B44O1,330,Rear-Wheel Drive,left,Europe,,
SN02,F07,BMW,550i,Gran Turismo,N63B44O1,330,Rear-Wheel Drive,right,Europe,,
SN03,F07,BMW,550i,Gran Turismo,N63B44O1,330,Rear-Wheel Drive,left,USA,,
SN41,F07,BMW,550i,Gran Turismo,N63B44O0,300,Rear-Wheel Drive,left,Europe,2008-09,2010-02
SN42,F07,BMW,550i,Gran Turismo,N63B44O0,300,Rear-Wheel Drive,right,Europe,2009-01,2010-01
SN43,F07,BMW,550i,Gran Turismo,N63B44O0,300,Rear-Wheel Drive,left,USA,2008-09,2010-02
SP01,F07,BMW,550i xDrive,Gran Turismo,N63B44O1,330,All Wheel-Drive,left,Europe,,
SP03,F07,BMW,550i xDrive,Gran Turismo,N63B44O1,330,All Wheel-Drive,left,USA,,
SP41,F07,BMW,550i xDrive,Gran Turismo,N63B44O0,300,All Wheel-Drive,left,Europe,,
SP43,F07,BMW,550i xDrive,Gran Turismo,N63B44O0,300,All Wheel-Drive,left,USA,,
SZ41,F07,BMW,550i xDrive,Gran Turismo,N63T,300,All Wheel-Drive,left,Europe,,
5N21,F07 (MUE),BMW,520d,Gran Turismo,N47D20O1,135,Rear-Wheel Drive,left,Europe,,
5N22,F07 (MUE),BMW,520d,Gran Turismo,N47D20O1,135,Rear-Wheel Drive,right,Europe,,
SZ61,F07 (MUE),BMW,528i,Gran Turismo,N20B20O0,180,Rear-Wheel Drive,left,Europe,,
SZ62,F07 (MUE),BMW,528i,Gran Turismo,N20B20O0,180,Rear-Wheel Drive,right,Europe,,
5N41,F07 (MUE),BMW,530d,Gran Turismo,N57D30O1,190,Rear-Wheel Drive,left,Europe,,
5N42,F07 (MUE),BMW,530d,Gran Turismo,N57D30O1,190,Rear-Wheel Drive,right,Europe,,
5N61,F07 (MUE),BMW,530d xDrive,Gran Turismo,N57D30O1,190,All Wheel-Drive,left,Europe,,
5N81,F07 (MUE),BMW,535d,Gran Turismo,N57D30T1,230,Rear-Wheel Drive,left,Europe,,
5N82,F07 (MUE),BMW,535d,Gran Turismo,N57D30T1,230,Rear-Wheel Drive,right,Europe,,
5N01,F07 (MUE),BMW,535d xDrive,Gran Turismo,N57D30T1,230,All Wheel-Drive,left,Europe,,
5M21,F07 (MUE),BMW,535i,Gran Turismo,N55B30M0,225,Rear-Wheel Drive,left,Europe,,
5M22,F07 (MUE),BMW,535i,Gran Turismo,N55B30M0,225,Rear-Wheel Drive,right,Europe,,
5M23,F07 (MUE),BMW,535i,Gran Turismo,N55B30M0,225,Rear-Wheel Drive,left,USA,,
5M41,F07 (MUE),BMW,535i xDrive,Gran Turismo,N55B30M0,225,All Wheel-Drive,left,Europe,,
5M43,F07 (MUE),BMW,535i xDrive,Gran Turismo,N55B30M0,225,All Wheel-Drive,left,USA,,
5M61,F07 (MUE),BMW,550i,Gran Turismo,N63B44O1,330,Rear-Wheel Drive,left,Europe,,
5M62,F07 (MUE),BMW,550i,Gran Turismo,N63B44O1,330,Rear-Wheel Drive,right,Europe,,
5M63,F07 (MUE),BMW,550i,Gran Turismo,N63B44O1,330,Rear-Wheel Drive,left,USA,,
5M01,F07 (MUE),BMW,550i xDrive,Gran Turismo,N63B44O1,330,All Wheel-Drive,left,Europe,,
5M81,F07 (MUE),BMW,550i xDrive,Gran Turismo,N63T,300,All Wheel-Drive,left,Europe,,
5M03,F07 (MUE),BMW,550ix,Gran Turismo,N63B44O1,330,All Wheel-Drive,left,USA,,
FW11,F10,BMW,520d,Sedan,N47D20O1,135,Rear-Wheel Drive,left,Europe,,
FW12,F10,BMW,520d,Sedan,N47D20O1,135,Rear-Wheel Drive,right,Europe,,
FW16,F10,BMW,520d,Sedan,N47D20O1,135,Rear-Wheel Drive,right,Indonesia,,
FW18,F10,BMW,520d,Sedan,N47D20O1,135,Rear-Wheel Drive,right,Thailand,,
FW54,F10,BMW,520d,Sedan,N47D20O1,135,Rear-Wheel Drive,right,Malaysia,,
FW75,F10,BMW,520d,Sedan,N47D20O1,135,Rear-Wheel Drive,right,Indien,,
FW91,F10,BMW,520d EfficientDynamics Edition,Sedan,N47D20O1,135,Rear-Wheel Drive,left,Europe,,
FW92,F10,BMW,520d EfficientDynamics Edition,Sedan,N47D20O1,135,Rear-Wheel Drive,right,Europe,,
XG11,F10,BMW,520i,Sedan,N20B20U0,135,Rear-Wheel Drive,left,Europe,,
XG12,F10,BMW,520i,Sedan,N20B20U0,135,Rear-Wheel Drive,right,Europe,,
XG14,F10,BMW,520i,Sedan,N20B20U0,135,Rear-Wheel Drive,right,Malaysia,,
XG15,F10,BMW,520i,Sedan,N20B20U0,135,Rear-Wheel Drive,right,Indien,,
XG16,F10,BMW,520i,Sedan,N20B20U0,135,Rear-Wheel Drive,left,Egypt,,
XG18,F10,BMW,520i,Sedan,N20B20U0,135,Rear-Wheel Drive,right,Thailand,,
XG55,F10,BMW,520i,Sedan,N20B20U0,135,Rear-Wheel Drive,left,Russia,,
XG56,F10,BMW,520i,Sedan,N20B20U0,135,Rear-Wheel Drive,right,Indonesia,,
FP15,F10,BMW,523i,Sedan,N52B25O2,150,Rear-Wheel Drive,left,Russia,,
FP31,F10,BMW,523i,Sedan,N52B25O2,150,Rear-Wheel Drive,left,Europe,2009-02,2010-02
FP32,F10,BMW,523i,Sedan,N52B25O2,150,Rear-Wheel Drive,right,Europe,2009-01,2009-12
FP34,F10,BMW,523i,Sedan,N52B25O2,150,Rear-Wheel Drive,right,Malaysia,,
FP35,F10,BMW,523i,Sedan,N52B25O2,150,Rear-Wheel Drive,right,Indien,,
FP36,F10,BMW,523i,Sedan,N52B25O2,150,Rear-Wheel Drive,left,Egypt,,
FP38,F10,BMW,523i,Sedan,N52B25O2,150,Rear-Wheel Drive,right,Thailand,,
FS11,F10,BMW,523i,Sedan,N53B30U0,150,Rear-Wheel Drive,left,Europe,2009-02,2010-01
FS12,F10,BMW,523i,Sedan,N53B30U0,150,Rear-Wheel Drive,right,Europe,2009-12,2010-01
FW31,F10,BMW,525d,Sedan,N57D30U0,150,Rear-Wheel Drive,left,Europe,2009-02,2009-12
FW32,F10,BMW,525d,Sedan,N57D30U0,150,Rear-Wheel Drive,right,Europe,2009-09,2009-11
FW35,F10,BMW,525d,Sedan,N57D30U0,150,Rear-Wheel Drive,right,Indien,,
FW38,F10,BMW,525d,Sedan,N57D30U0,150,Rear-Wheel Drive,right,Thailand,,
XA31,F10,BMW,525d,Sedan,N47D20T1,160,Rear-Wheel Drive,left,Europe,,
XA32,F10,BMW,525d,Sedan,N47D20T1,160,Rear-Wheel Drive,right,Europe,,
XG35,F10,BMW,525d,Sedan,N47D20T1,160,Rear-Wheel Drive,right,Indien,,
XG58,F10,BMW,525d,Sedan,N47D20T1,160,Rear-Wheel Drive,right,Thailand,,
XA11,F10,BMW,525d xDrive,Sedan,N47D20T1,160,All Wheel-Drive,left,Europe,,
XA15,F10,BMW,525d xDrive,Sedan,N47D20T1,160,All Wheel-Drive,left,Russia,,
FR13,F10,BMW,528i,Sedan,N52B30O2,190,Rear-Wheel Drive,left,USA,,
FR14,F10,BMW,528i,Sedan,N52B30O2,190,Rear-Wheel Drive,right,Malaysia,,
FR15,F10,BMW,528i,Sedan,N52B30O2,190,Rear-Wheel Drive,left,Russia,,
FR16,F10,BMW,528i,Sedan,N52B30O2,190,Rear-Wheel Drive,left,Egypt,,
FS51,F10,BMW,528i,Sedan,N53B30O0,190,Rear-Wheel Drive,left,Europe,2009-02,2009-11
FS52,F10,BMW,528i,Sedan,N53B30O0,190,Rear-Wheel Drive,right,Europe,2009-02,2009-07
XG31,F10,BMW,528i,Sedan,N20B20O0,180,Rear-Wheel Drive,left,Europe,,
XG32,F10,BMW,528i,Sedan,N20B20O0,180,Rear-Wheel Drive,right,Europe,,
XG34,F10,BMW,528i,Sedan,N20B20O0,180,Rear-Wheel Drive,right,Malaysia,,
XG36,F10,BMW,528i,Sedan,N20B20O0,180,Rear-Wheel Drive,left,Egypt,,
XG38,F10,BMW,528i,Sedan,N20B20O0,180,Rear-Wheel Drive,right,Thailand,,
XG53,F10,BMW,528i,Sedan,N20B20O0,180,Rear-Wheel Drive,left,USA,,
XG75,F10,BMW,528i,Sedan,N20B20O0,180,Rear-Wheel Drive,left,Russia,,
XG76,F10,BMW,528i,Sedan,N20B20O0,180,Rear-Wheel Drive,right,Indonesia,,
XH15,F10,BMW,528i xDrive,Sedan,N20B20O0,180,All Wheel-Drive,left,Russia,,
XH31,F10,BMW,528i xDrive,Sedan,N20B20O0,180,All Wheel-Drive,left,Europe,,
XH53,F10,BMW,528i xDrive,Sedan,N20B20O0,180,All Wheel-Drive,left,USA,,
FW51,F10,BMW,530d,Sedan,N57D30O0,180,Rear-Wheel Drive,left,Europe,2009-01,2010-01
FW52,F10,BMW,530d,Sedan,N57D30O0,180,Rear-Wheel Drive,right,Europe,2009-07,2010-01
FW55,F10,BMW,530d,Sedan,N57D30O0,180,Rear-Wheel Drive,right,Indien,,
XA51,F10,BMW,530d,Sedan,N57D30O1,190,Rear-Wheel Drive,left,Europe,,
XA52,F10,BMW,530d,Sedan,N57D30O1,190,Rear-Wheel Drive,right,Europe,,
XA55,F10,BMW,530d,Sedan,N57D30O1,190,Rear-Wheel Drive,right,Indien,,
FV15,F10,BMW,530d xDrive,Sedan,N57D30O1,190,All Wheel-Drive,left,Russia,,
FV31,F10,BMW,530d xDrive,Sedan,N57D30O1,190,All Wheel-Drive,left,Europe,,
FR11,F10,BMW,530i,Sedan,N52B30O2,190,Rear-Wheel Drive,left,Europe,2009-02,2009-09
FR12,F10,BMW,530i,Sedan,N52B30O2,190,Rear-Wheel Drive,right,Europe,2009-07,2009-11
XH71,F10,BMW,530i,Sedan,N53B30O0,200,Rear-Wheel Drive,left,Europe,,
XH72,F10,BMW,530i,Sedan,N53B30O0,200,Rear-Wheel Drive,right,Europe,,
FW71,F10,BMW,535d,Sedan,N57D30T0,220,Rear-Wheel Drive,left,Europe,,
FW72,F10,BMW,535d,Sedan,N57D30T0,220,Rear-Wheel Drive,right,Europe,,
XA71,F10,BMW,535d,Sedan,N57D30T1,230,Rear-Wheel Drive,left,Europe,,
XA72,F10,BMW,535d,Sedan,N57D30T1,230,Rear-Wheel Drive,right,Europe,,
XA91,F10,BMW,535d xDrive,Sedan,N57D30T1,230,All Wheel-Drive,left,Europe,,
FR71,F10,BMW,535i,Sedan,N55B30M0,225,Rear-Wheel Drive,left,Europe,2009-01,2010-01
FR72,F10,BMW,535i,Sedan,N55B30M0,225,Rear-Wheel Drive,right,Europe,2009-02,2010-01
FR73,F10,BMW,535i,Sedan,N55B30M0,225,Rear-Wheel Drive,left,USA,2009-01,2009-11
FR76,F10,BMW,535i,Sedan,N55B30M0,225,Rear-Wheel Drive,left,Egypt,,
FU71,F10,BMW,535i xDrive,Sedan,N55B30M0,225,All Wheel-Drive,left,Europe,,
FU73,F10,BMW,535i xDrive,Sedan,N55B30M0,225,All Wheel-Drive,left,USA,,
FR91,F10,BMW,550i,Sedan,N63B44O0,300,Rear-Wheel Drive,left,Europe,2009-02,2009-12
FR92,F10,BMW,550i,Sedan,N63B44O0,300,Rear-Wheel Drive,right,Europe,2009-10,2009-10
FR93,F10,BMW,550i,Sedan,N63B44O0,300,Rear-Wheel Drive,left,USA,2009-01,2009-11
FU91,F10,BMW,550i xDrive,Sedan,N63B44O0,300,All Wheel-Drive,left,Europe,,
FU93,F10,BMW,550i xDrive,Sedan,N63B44O0,300,All Wheel-Drive,left,USA,,
FZ91,F10,BMW,ActiveHybrid 5,Sedan,N55B30M0,225,Rear-Wheel Drive,left,Europe,,
FZ92,F10,BMW,ActiveHybrid 5,Sedan,N55B30M0,225,Rear-Wheel Drive,right,Europe,,
FZ93,F10,BMW,ActiveHybrid 5,Sedan,N55B30M0,225,Rear-Wheel Drive,left,USA,,
FV71,F10,BMW,M550d xDrive,Sedan,N57D30S1,280,All Wheel-Drive,left,Europe,,
FV91,F10 (M5),BMW,M5,Sedan,S63B44T0,412,Rear-Wheel Drive,left,Europe,,
FV92,F10 (M5),BMW,M5,Sedan,S63B44T0,412,Rear-Wheel Drive,right,Europe,,
FV93,F10 (M5),BMW,M5,Sedan,S63B44T0,412,Rear-Wheel Drive,left,USA,,
5C11,F10 (MUE),BMW,518d,Sedan,N47D20U1,105,Rear-Wheel Drive,left,Europe,,
5C12,F10 (MUE),BMW,518d,Sedan,N47D20U1,105,Rear-Wheel Drive,right,Europe,,
5E31,F10 (MUE),BMW,518d,Sedan,B47D20O0,110,Rear-Wheel Drive,left,Europe,,
5E32,F10 (MUE),BMW,518d,Sedan,B47D20O0,110,Rear-Wheel Drive,right,Europe,,
5C31,F10 (MUE),BMW,520d,Sedan,N47D20O1,135,Rear-Wheel Drive,left,Europe,,
5C32,F10 (MUE),BMW,520d,Sedan,N47D20O1,135,Rear-Wheel Drive,right,Europe,,
5C34,F10 (MUE),BMW,520d,Sedan,N47D20O1,135,Rear-Wheel Drive,right,Thailand,,
5C36,F10 (MUE),BMW,520d,Sedan,N47D20O1,135,Rear-Wheel Drive,right,Indonesia,,
5C37,F10 (MUE),BMW,520d,Sedan,N47D20O1,135,Rear-Wheel Drive,right,Indien,,
5C38,F10 (MUE),BMW,520d,Sedan,N47D20O1,135,Rear-Wheel Drive,right,Malaysia,,
5C39,F10 (MUE),BMW,520d,Sedan,N47D20O1,135,Rear-Wheel Drive,left,Russia,,
5E51,F10 (MUE),BMW,520d,Sedan,B47D20O0,140,Rear-Wheel Drive,left,Europe,,
5E52,F10 (MUE),BMW,520d,Sedan,B47D20O0,140,Rear-Wheel Drive,right,Europe,,
5E54,F10 (MUE),BMW,520d,Sedan,B47D20O0,140,Rear-Wheel Drive,right,Thailand,,
5E56,F10 (MUE),BMW,520d,Sedan,B47D20O0,140,Rear-Wheel Drive,right,Indonesia,,
5E57,F10 (MUE),BMW,520d,Sedan,B47D20O0,140,Rear-Wheel Drive,right,Indien,,
5E58,F10 (MUE),BMW,520d,Sedan,B47O,140,Rear-Wheel Drive,right,Malaysia,,
5E59,F10 (MUE),BMW,520d,Sedan,B47D20O0,140,Rear-Wheel Drive,left,Russia,,
5B91,F10 (MUE),BMW,520d xDrive,Sedan,N47D20O1,135,All Wheel-Drive,left,Europe,,
5E71,F10 (MUE),BMW,520d xDrive,Sedan,B47D20O0,140,All Wheel-Drive,left,Europe,,
5A11,F10 (MUE),BMW,520i,Sedan,N20B16U0,125,Rear-Wheel Drive,left,Europe,,
5A31,F10 (MUE),BMW,520i,Sedan,N20B20U0,135,Rear-Wheel Drive,left,Europe,,
5A32,F10 (MUE),BMW,520i,Sedan,N20B20U0,135,Rear-Wheel Drive,right,Europe,,
5A34,F10 (MUE),BMW,520i,Sedan,N20B20U0,135,Rear-Wheel Drive,right,Thailand,,
5A35,F10 (MUE),BMW,520i,Sedan,N20B20U0,135,Rear-Wheel Drive,left,Egypt,,
5A36,F10 (MUE),BMW,520i,Sedan,N20B20U0,135,Rear-Wheel Drive,right,Indonesia,,
5A38,F10 (MUE),BMW,520i,Sedan,N20B20U0,135,Rear-Wheel Drive,right,Malaysia,,
5A39,F10 (MUE),BMW,520i,Sedan,N20B20U0,135,Rear-Wheel Drive,left,Russia,,
5C71,F10 (MUE),BMW,525d,Sedan,N47D20T1,160,Rear-Wheel Drive,left,Europe,,
5C72,F10 (MUE),BMW,525d,Sedan,N47D20T1,160,Rear-Wheel Drive,right,Europe,,
5C74,F10 (MUE),BMW,525d,Sedan,N47D20T1,160,Rear-Wheel Drive,right,Thailand,,
5C77,F10 (MUE),BMW,525d,Sedan,N47D20T1,160,Rear-Wheel Drive,right,Indien,,
5C91,F10 (MUE),BMW,525d xDrive,Sedan,N47D20T1,160,All Wheel-Drive,left,Europe,,
5C99,F10 (MUE),BMW,525d xDrive,Sedan,N47D20T1,160,All Wheel-Drive,left,Russia,,
5A51,F10 (MUE),BMW,528i,Sedan,N20B20O0,180,Rear-Wheel Drive,left,Europe,,
5A52,F10 (MUE),BMW,528i,Sedan,N20B20O0,180,Rear-Wheel Drive,right,Europe,,
5A53,F10 (MUE),BMW,528i,Sedan,N20B20O0,180,Rear-Wheel Drive,left,USA,,
5A54,F10 (MUE),BMW,528i,Sedan,N20B20O0,180,Rear-Wheel Drive,right,Thailand,,
5A55,F10 (MUE),BMW,528i,Sedan,N20B20O0,180,Rear-Wheel Drive,left,Egypt,,
5A56,F10 (MUE),BMW,528i,Sedan,N20B20O0,180,Rear-Wheel Drive,right,Indonesia,,
5A58,F10 (MUE),BMW,528i,Sedan,N20B20O0,180,Rear-Wheel Drive,right,Malaysia,,
5A71,F10 (MUE),BMW,528i xDrive,Sedan,N20B20O0,180,All Wheel-Drive,left,Europe,,
5A73,F10 (MUE),BMW,528i xDrive,Sedan,N20B20O0,180,All Wheel-Drive,left,USA,,
5A79,F10 (MUE),BMW,528i xDrive,Sedan,N20B20O0,180,All Wheel-Drive,left,Russia,,
5D11,F10 (MUE),BMW,530d,Sedan,N57D30O1,190,Rear-Wheel Drive,left,Europe,,
5D12,F10 (MUE),BMW,530d,Sedan,N57D30O1,190,Rear-Wheel Drive,right,Europe,,
5D17,F10 (MUE),BMW,530d,Sedan,N57D30O1,190,Rear-Wheel Drive,right,Indien,,
5D19,F10 (MUE),BMW,530d,Sedan,N57D30O1,190,Rear-Wheel Drive,left,Russia,,
5D39,F10 (MUE),BMW,530d,Sedan,N57D30O1,190,All Wheel-Drive,left,Russia,,
5D31,F10 (MUE),BMW,530d xDrive,Sedan,N57D30O1,190,All Wheel-Drive,left,Europe,,
5D51,F10 (MUE),BMW,535d,Sedan,N57D30T1,230,Rear-Wheel Drive,left,Europe,,
5D52,F10 (MUE),BMW,535d,Sedan,N57D30T1,230,Rear-Wheel Drive,right,Europe,,
XA53,F10 (MUE),BMW,535d,Sedan,N57D30O1,190,Rear-Wheel Drive,left,USA,,
5D71,F10 (MUE),BMW,535d xDrive,Sedan,N57D30T1,230,All Wheel-Drive,left,Europe,,
FV33,F10 (MUE),BMW,535d xDrive,Sedan,N57D30O1,190,All Wheel-Drive,left,USA,,
5B11,F10 (MUE),BMW,535i,Sedan,N55B30M0,225,Rear-Wheel Drive,left,Europe,,
5B12,F10 (MUE),BMW,535i,Sedan,N55B30M0,225,Rear-Wheel Drive,right,Europe,,
5B13,F10 (MUE),BMW,535i,Sedan,N55B30M0,225,Rear-Wheel Drive,left,USA,,
5B15,F10 (MUE),BMW,535i,Sedan,N55B30M0,225,Rear-Wheel Drive,left,Egypt,,
5E11,F10 (MUE),BMW,535i,Sedan,N55B30M0,225,Rear-Wheel Drive,left,Europe,,
5E12,F10 (MUE),BMW,535i,Sedan,N55B30M0,225,Rear-Wheel Drive,right,Europe,,
5E13,F10 (MUE),BMW,535i,Sedan,N55B30M0,225,Rear-Wheel Drive,left,USA,,
5B31,F10 (MUE),BMW,535i xDrive,Sedan,N55B30M0,225,All Wheel-Drive,left,Europe,,
5B33,F10 (MUE),BMW,535i xDrive,Sedan,N55B30M0,225,All Wheel-Drive,left,USA,,
KN91,F10 (MUE),BMW,550i,Sedan,N63B44O1,330,Rear-Wheel Drive,left,Europe,,
KN92,F10 (MUE),BMW,550i,Sedan,N63B44O1,330,Rear-Wheel Drive,right,Europe,,
KN93,F10 (MUE),BMW,550i,Sedan,N63B44O1,330,Rear-Wheel Drive,left,USA,,
KP91,F10 (MUE),BMW,550i xDrive,Sedan,N63B44O1,330,All Wheel-Drive,left,Europe,,
KP93,F10 (MUE),BMW,550i xDrive,Sedan,N63B44O1,330,All Wheel-Drive,left,USA,,
5D91,F10 (MUE),BMW,M550d xDrive,Sedan,N57D30S1,280,All Wheel-Drive,left,Europe,,
MX11,F11,BMW,520d,Touring,N47D20O1,135,Rear-Wheel Drive,left,Europe,,
MX12,F11,BMW,520d,Touring,N47D20O1,135,Rear-Wheel Drive,right,Europe,,
XL11,F11,BMW,520i,Touring,N20B20U0,135,Rear-Wheel Drive,left,Europe,,
XL12,F11,BMW,520i,Touring,N20B20U0,135,Rear-Wheel Drive,right,Europe,,
MT11,F11,BMW,523i,Touring,N53B30U0,150,Rear-Wheel Drive,left,Europe,,
MT12,F11,BMW,523i,Touring,N53B30U0,150,Rear-Wheel Drive,right,Europe,,
MT51,F11,BMW,523i,Touring,N52B25O2,150,Rear-Wheel Drive,left,Europe,,
MT52,F11,BMW,523i,Touring,N52B25O2,150,Rear-Wheel Drive,right,Europe,,
MX31,F11,BMW,525d,Touring,N57D30U0,150,Rear-Wheel Drive,left,Europe,,
MX32,F11,BMW,525d,Touring,N57D30U0,150,Rear-Wheel Drive,right,Europe,,
XB31,F11,BMW,525d,Touring,N47D20T1,160,Rear-Wheel Drive,left,Europe,,
XB32,F11,BMW,525d,Touring,N47D20T1,160,Rear-Wheel Drive,right,Europe,,
XB91,F11,BMW,525d xDrive,Touring,N47D20T1,160,All Wheel-Drive,left,Europe,,
MY51,F11,BMW,528i,Touring,N53B30O0,190,Rear-Wheel Drive,left,Europe,,
MY52,F11,BMW,528i,Touring,N53B30O0,190,Rear-Wheel Drive,right,Europe,,
XL31,F11,BMW,528i,Touring,N20B20O0,180,Rear-Wheel Drive,left,Europe,,
XL32,F11,BMW,528i,Touring,N20B20O0,180,Rear-Wheel Drive,right,Europe,,
XL51,F11,BMW,528i xDrive,Touring,N20B20O0,180,All Wheel-Drive,left,Europe,,
MX51,F11,BMW,530d,Touring,N57D30O0,180,Rear-Wheel Drive,left,Europe,,
MX52,F11,BMW,530d,Touring,N57D30O0,180,Rear-Wheel Drive,right,Europe,,
XB51,F11,BMW,530d,Touring,N57D30O1,190,Rear-Wheel Drive,left,Europe,,
XB52,F11,BMW,530d,Touring,N57D30O1,190,Rear-Wheel Drive,right,Europe,,
MW91,F11,BMW,530d xDrive,Touring,N57D30O1,190,All Wheel-Drive,left,Europe,,
MU31,F11,BMW,530i,Touring,N52B30O2,190,Rear-Wheel Drive,left,Europe,,
MU32,F11,BMW,530i,Touring,N52B30O2,190,Rear-Wheel Drive,right,Europe,,
MZ71,F11,BMW,530i,Touring,N53B30O0,200,Rear-Wheel Drive,left,Europe,,
MZ72,F11,BMW,530i,Touring,N53B30O0,200,Rear-Wheel Drive,right,Europe,,
MX71,F11,BMW,535d,Touring,N57D30T0,220,Rear-Wheel Drive,left,Europe,,
MX72,F11,BMW,535d,Touring,N57D30T0,220,Rear-Wheel Drive,right,Europe,,
XB71,F11,BMW,535d,Touring,N57D30T1,230,Rear-Wheel Drive,left,Europe,,
XB72,F11,BMW,535d,Touring,N57D30T1,230,Rear-Wheel Drive,right,Europe,,
XB11,F11,BMW,535d xDrive,Touring,N57D30T1,230,All Wheel-Drive,left,Europe,,
MU71,F11,BMW,535i,Touring,N55B30M0,225,Rear-Wheel Drive,left,Europe,,
MU72,F11,BMW,535i,Touring,N55B30M0,225,Rear-Wheel Drive,right,Europe,,
MW51,F11,BMW,535i xDrive,Touring,N55B30M0,225,All Wheel-Drive,left,Europe,,
MU91,F11,BMW,550i,Touring,N63B44O0,300,Rear-Wheel Drive,left,Europe,,
MU92,F11,BMW,550i,Touring,N63B44O0,300,Rear-Wheel Drive,right,Europe,,
MY91,F11,BMW,M550d xDrive,Touring,N57D30S1,280,All Wheel-Drive,left,Europe,,
5J11,F11 (MUE),BMW,518d,Touring,N47D20U1,105,Rear-Wheel Drive,left,Europe,,
5J12,F11 (MUE),BMW,518d,Touring,N47D20U1,105,Rear-Wheel Drive,right,Europe,,
5L11,F11 (MUE),BMW,518d,Touring,B47D20O0,110,Rear-Wheel Drive,left,Europe,,
5L12,F11 (MUE),BMW,518d,Touring,B47D20O0,110,Rear-Wheel Drive,right,Europe,,
5J31,F11 (MUE),BMW,520d,Touring,N47D20O1,135,Rear-Wheel Drive,left,Europe,,
5J32,F11 (MUE),BMW,520d,Touring,N47D20O1,135,Rear-Wheel Drive,right,Europe,,
5L31,F11 (MUE),BMW,520d,Touring,B47D20O0,140,Rear-Wheel Drive,left,Europe,,
5L32,F11 (MUE),BMW,520d,Touring,B47D20O0,140,Rear-Wheel Drive,right,Europe,,
5J51,F11 (MUE),BMW,520d xDrive,Touring,N47D20O1,135,All Wheel-Drive,left,Europe,,
5L51,F11 (MUE),BMW,520d xDrive,Touring,B47D20O0,140,All Wheel-Drive,left,Europe,,
5G11,F11 (MUE),BMW,520i,Touring,N20B20U0,135,Rear-Wheel Drive,left,Europe,,
5G12,F11 (MUE),BMW,520i,Touring,N20B20U0,135,Rear-Wheel Drive,right,Europe,,
5J71,F11 (MUE),BMW,525d,Touring,N47D20T1,160,Rear-Wheel Drive,left,Europe,,
5J72,F11 (MUE),BMW,525d,Touring,N47D20T1,160,Rear-Wheel Drive,right,Europe,,
5J91,F11 (MUE),BMW,525d xDrive,Touring,N47D20T1,160,All Wheel-Drive,left,Europe,,
5G51,F11 (MUE),BMW,528i,Touring,N20B20O0,180,Rear-Wheel Drive,left,Europe,,
5G52,F11 (MUE),BMW,528i,Touring,N20B20O0,180,Rear-Wheel Drive,right,Europe,,
5G71,F11 (MUE),BMW,528i xdriv,Touring,N20B20O0,180,All Wheel-Drive,left,Europe,,
5K11,F11 (MUE),BMW,530d,Touring,N57D30O1,190,Rear-Wheel Drive,left,Europe,,
5K12,F11 (MUE),BMW,530d,Touring,N57D30O1,190,Rear-Wheel Drive,right,Europe,,
5K31,F11 (MUE),BMW,530d xDrive,Touring,N57D30O1,190,All Wheel-Drive,left,Europe,,
5K51,F11 (MUE),BMW,535d,Touring,N57D30T1,230,Rear-Wheel Drive,left,Europe,,
5K52,F11 (MUE),BMW,535d,Touring,N57D30T1,230,Rear-Wheel Drive,right,Europe,,
5K71,F11 (MUE),BMW,535d xDrive,Touring,N57D30T1,230,All Wheel-Drive,left,Europe,,
5H11,F11 (MUE),BMW,535i,Touring,N55B30M0,225,Rear-Wheel Drive,left,Europe,,
5H12,F11 (MUE),BMW,535i,Touring,N55B30M0,225,Rear-Wheel Drive,right,Europe,,
5H31,F11 (MUE),BMW,535i xDrive,Touring,N55B30M0,225,All Wheel-Drive,left,Europe,,
HR91,F11 (MUE),BMW,550i,Touring,N63B44O1,330,Rear-Wheel Drive,left,Europe,,
HR92,F11 (MUE),BMW,550i,Touring,N63B44O1,330,Rear-Wheel Drive,right,Europe,,
5K91,F11 (MUE),BMW,M550d xDrive,Touring,N57D30S1,280,All Wheel-Drive,left,Europe,,
LZ71,F12,BMW,640d,Convertible,N57D30T1,230,Rear-Wheel Drive,left,Europe,,
LZ72,F12,BMW,640d,Convertible,N57D30T1,230,Rear-Wheel Drive,right,Europe,,
YP31,F12,BMW,640d xDrive,Convertible,N57D30T1,230,All Wheel-Drive,left,Europe,,
LW71,F12,BMW,640i,Convertible,N55B30O0,235,Rear-Wheel Drive,left,Europe,,
LW72,F12,BMW,640i,Convertible,N55B30O0,235,Rear-Wheel Drive,right,Europe,,
LW73,F12,BMW,640i,Convertible,N55B30O0,235,Rear-Wheel Drive,left,USA,,
YP51,F12,BMW,640i xDrive,Convertible,N55B30O0,235,All Wheel-Drive,left,Europe,,
YP53,F12,BMW,640i xDrive,Convertible,N55B30O0,235,All Wheel-Drive,left,USA,,
LZ31,F12,BMW,650i,Convertible,N63B44O0,300,Rear-Wheel Drive,left,Europe,,
LZ32,F12,BMW,650i,Convertible,N63B44O0,300,Rear-Wheel Drive,right,Europe,,
LZ33,F12,BMW,650i,Convertible,N63B44O0,300,Rear-Wheel Drive,left,USA,,
YP91,F12,BMW,650i,Convertible,N63B44O1,330,Rear-Wheel Drive,left,Europe,,
YP92,F12,BMW,650i,Convertible,N63B44O1,330,Rear-Wheel Drive,right,Europe,,
YP93,F12,BMW,650i,Convertible,N63B44O1,330,Rear-Wheel Drive,left,USA,,
LW91,F12,BMW,650i xDrive,Convertible,N63T,300,All Wheel-Drive,left,Europe,,
LZ51,F12,BMW,650i xDrive,Convertible,N63B44O0,300,All Wheel-Drive,left,Europe,,
LZ53,F12,BMW,650i xDrive,Convertible,N63B44O0,300,All Wheel-Drive,left,USA,,
YP11,F12,BMW,650i xDrive,Convertible,N63B44O1,330,All Wheel-Drive,left,Europe,,
YP13,F12,BMW,650i xDrive,Convertible,N63B44O1,330,All Wheel-Drive,left,USA,,
6G91,F12 (M6),BMW,M6,Convertible,S63B44T0,412,Rear-Wheel Drive,left,Europe,,
6G92,F12 (M6),BMW,M6,Convertible,S63B44T0,412,Rear-Wheel Drive,right,Europe,,
6G93,F12 (M6),BMW,M6,Convertible,S63B44T0,412,Rear-Wheel Drive,left,USA,,
LZ91,F12 (M6),BMW,M6,Convertible,S63B44T0,412,Rear-Wheel Drive,left,Europe,,
LZ92,F12 (M6),BMW,M6,Convertible,S63B44T0,412,Rear-Wheel Drive,right,Europe,,
LZ93,F12 (M6),BMW,M6,Convertible,S63B44T0,412,Rear-Wheel Drive,left,USA,,
LX71,F13,BMW,640d,Coupe,N57D30T1,230,Rear-Wheel Drive,left,Europe,,
LX72,F13,BMW,640d,Coupe,N57D30T1,230,Rear-Wheel Drive,right,Europe,,
YM31,F13,BMW,640d xDrive,Coupe,N57D30T1,230,All Wheel-Drive,left,Europe,,
LW31,F13,BMW,640i,Coupe,N55B30O0,235,Rear-Wheel Drive,left,Europe,,
LW32,F13,BMW,640i,Coupe,N55B30O0,235,Rear-Wheel Drive,right,Europe,,
LW33,F13,BMW,640i,Coupe,N55B30O0,235,Rear-Wheel Drive,left,USA,,
LY11,F13,BMW,640i xDrive,Coupe,N55B30O0,235,All Wheel-Drive,left,Europe,,
LY13,F13,BMW,640i xDrive,Coupe,N55B30O0,235,All Wheel-Drive,left,USA,,
LX31,F13,BMW,650i,Coupe,N63B44O0,300,Rear-Wheel Drive,left,Europe,,
LX32,F13,BMW,650i,Coupe,N63B44O0,300,Rear-Wheel Drive,right,Europe,,
LX33,F13,BMW,650i,Coupe,N63B44O0,300,Rear-Wheel Drive,left,USA,,
YM91,F13,BMW,650i,Coupe,N63B44O1,330,Rear-Wheel Drive,left,Europe,,
YM92,F13,BMW,650i,Coupe,N63B44O1,330,Rear-Wheel Drive,right,Europe,,
YM93,F13,BMW,650i,Coupe,N63B44O1,330,Rear-Wheel Drive,left,USA,,
LX51,F13,BMW,650i xDrive,Coupe,N63B44O0,300,All Wheel-Drive,left,Europe,,
LX53,F13,BMW,650i xDrive,Coupe,N63B44O0,300,All Wheel-Drive,left,USA,,
YM11,F13,BMW,650i xDrive,Coupe,N63B44O1,330,All Wheel-Drive,left,Europe,,
YM13,F13,BMW,650i xDrive,Coupe,N63B44O1,330,All Wheel-Drive,left,USA,,
YM51,F13,BMW,650i xDrive,Coupe,N63T,300,All Wheel-Drive,left,Europe,,
6J91,F13 (M6),BMW,M6,Coupe,S63B44T0,412,Rear-Wheel Drive,left,Europe,,
6J92,F13 (M6),BMW,M6,Coupe,S63B44T0,412,Rear-Wheel Drive,right,Europe,,
6J93,F13 (M6),BMW,M6,Coupe,S63B44T0,412,Rear-Wheel Drive,left,USA,,
LX91,F13 (M6),BMW,M6,Coupe,S63B44T0,412,Rear-Wheel Drive,left,Europe,,
LX92,F13 (M6),BMW,M6,Coupe,S63B44T0,412,Rear-Wheel Drive,right,Europe,,
LX93,F13 (M6),BMW,M6,Coupe,S63B44T0,412,Rear-Wheel Drive,left,USA,,
KS81,F15,BMW,X5 M50d,Sports Activity Vehicle,N57D30S1,280,All Wheel-Drive,left,Europe,,
KS82,F15,BMW,X5 M50d,Sports Activity Vehicle,N57D30S1,280,All Wheel-Drive,right,Europe,,
KS01,F15,BMW,X5 sDrive25d,Sports Activity Vehicle,N47D20T1,160,Rear-Wheel Drive,left,Europe,,
KS02,F15,BMW,X5 sDrive25d,Sports Activity Vehicle,N47D20T1,160,Rear-Wheel Drive,right,Europe,,
KS04,F15,BMW,X5 sDrive25d,Sports Activity Vehicle,N47D20T1,160,Rear-Wheel Drive,right,Thailand,,
KT41,F15,BMW,X5 sDrive25d,Sports Activity Vehicle,B47D20T0,170,Rear-Wheel Drive,left,Europe,,
KT42,F15,BMW,X5 sDrive25d,Sports Activity Vehicle,B47D20T0,170,Rear-Wheel Drive,right,Europe,,
KR23,F15,BMW,X5 sDrive35i,Sports Activity Vehicle,N55B30M0,225,Rear-Wheel Drive,left,USA,,
KS21,F15,BMW,X5 xDrive25d,Sports Activity Vehicle,N47D20T1,160,All Wheel-Drive,left,Europe,,
KS22,F15,BMW,X5 xDrive25d,Sports Activity Vehicle,N47D20T1,160,All Wheel-Drive,right,Europe,,
KS26,F15,BMW,X5 xDrive25d,Sports Activity Vehicle,N47D20T1,160,All Wheel-Drive,right,Indonesia,,
KT29,F15,BMW,X5 xDrive25d,Sports Activity Vehicle,N57D30O1,190,All Wheel-Drive,left,Russia,,
LS01,F15,BMW,X5 xDrive25d,Sports Activity Vehicle,B47D20T0,170,All Wheel-Drive,left,Europe,,
LS02,F15,BMW,X5 Xdrive25d,Sports Activity Vehicle,B47T,170,All Wheel-Drive,right,Europe,,
LS21,F15,BMW,x5 xdrive28i,Sports Activity Vehicle,N20,180,All Wheel-Drive,left,Europe,,
KS41,F15,BMW,X5 xDrive30d,Sports Activity Vehicle,N57D30O1,190,All Wheel-Drive,left,Europe,,
KS42,F15,BMW,X5 xDrive30d,Sports Activity Vehicle,N57D30O1,190,All Wheel-Drive,right,Europe,,
KS44,F15,BMW,X5 xDrive30d,Sports Activity Vehicle,N57D30O1,190,All Wheel-Drive,right,Thailand,,
KS47,F15,BMW,X5 xDrive30d,Sports Activity Vehicle,N57D30O1,190,All Wheel-Drive,right,Indien,,
KS48,F15,BMW,x5 xdrive30d,Sports Activity Vehicle,N57T,190,All Wheel-Drive,right,Malaysia,,
KS49,F15,BMW,X5 xDrive30d,Sports Activity Vehicle,N57D30O1,190,All Wheel-Drive,left,Russia,,
KS43,F15,BMW,X5 xDrive35d,Sports Activity Vehicle,N57D30O1,190,All Wheel-Drive,left,USA,,
KR01,F15,BMW,X5 xDrive35i,Sports Activity Vehicle,N55B30M0,225,All Wheel-Drive,left,Europe,,
KR02,F15,BMW,X5 xDrive35i,Sports Activity Vehicle,N55B30M0,225,All Wheel-Drive,right,Europe,,
KR03,F15,BMW,X5 xDrive35i,Sports Activity Vehicle,N55B30M0,225,All Wheel-Drive,left,USA,,
KR06,F15,BMW,X5 xDrive35i,Sports Activity Vehicle,N55B30M0,225,All Wheel-Drive,right,Indonesia,,
KR08,F15,BMW,X5 xDrive35i,Sports Activity Vehicle,N55B30M0,225,All Wheel-Drive,right,Malaysia,,
KR09,F15,BMW,X5 xDrive35i,Sports Activity Vehicle,N55B30M0,225,All Wheel-Drive,left,Russia,,
KS61,F15,BMW,X5 xDrive40d,Sports Activity Vehicle,N57D30T1,230,All Wheel-Drive,left,Europe,,
KS62,F15,BMW,X5 xDrive40d,Sports Activity Vehicle,N57D30T1,230,All Wheel-Drive,right,Europe,,
KS69,F15,BMW,X5 xDrive40d,Sports Activity Vehicle,N57D30T1,230,All Wheel-Drive,left,Russia,,
KT01,F15,BMW,x5 xdrive40e,Sports Activity Vehicle,N20,230,All Wheel-Drive,left,Europe,,
KT02,F15,BMW,x5 xdrive40e,Sports Activity Vehicle,N20,230,All Wheel-Drive,right,Europe,,
KT03,F15,BMW,x5 xdrive40e,Sports Activity Vehicle,N20,230,All Wheel-Drive,left,USA,,
KR61,F15,BMW,X5 xDrive50i,Sports Activity Vehicle,N63B44O1,330,All Wheel-Drive,left,Europe,,
KR62,F15,BMW,X5 xDrive50i,Sports Activity Vehicle,N63B44O1,330,All Wheel-Drive,right,Europe,,
KR63,F15,BMW,X5 xDrive50i,Sports Activity Vehicle,N63B44O1,330,All Wheel-Drive,left,USA,,
KR65,F15,BMW,x5 xdrive50i,Sports Activity Vehicle,N63T,330,All Wheel-Drive,left,Egypt,,
KR81,F15,BMW,X5 xDrive50i,Sports Activity Vehicle,N63T,300,All Wheel-Drive,left,China,,
KV61,F16,BMW,X6 M50d,Sports Activity Coupe,N57D30S1,280,All Wheel-Drive,left,Europe,,
KV62,F16,BMW,X6 M50d,Sports Activity Coupe,N57D30S1,280,All Wheel-Drive,right,Europe,,
KU03,F16,BMW,X6 sDrive35i,Sports Activity Coupe,N55B30M0,225,Rear-Wheel Drive,left,USA,,
KV21,F16,BMW,X6 xDrive30d,Sports Activity Coupe,N57D30O1,190,All Wheel-Drive,left,Europe,,
KV22,F16,BMW,X6 xDrive30d,Sports Activity Coupe,N57D30O1,190,All Wheel-Drive,right,Europe,,
KV29,F16,BMW,X6 xDrive30d,Sports Activity Coupe,N57T,183,All Wheel-Drive,left,Russia,,
KU21,F16,BMW,X6 xDrive35i,Sports Activity Coupe,N55B30M0,225,All Wheel-Drive,left,Europe,,
KU22,F16,BMW,X6 xDrive35i,Sports Activity Coupe,N55B30M0,225,All Wheel-Drive,right,Europe,,
KU23,F16,BMW,X6 xDrive35i,Sports Activity Coupe,N55B30M0,225,All Wheel-Drive,left,USA,,
KU29,F16,BMW,x6 xdrive35i,Sports Activity Coupe,N55,225,All Wheel-Drive,left,Russia,,
KV41,F16,BMW,X6 xDrive40d,Sports Activity Coupe,N57D30T1,230,All Wheel-Drive,left,Europe,,
KV42,F16,BMW,X6 xDrive40d,Sports Activity Coupe,N57D30T1,230,All Wheel-Drive,right,Europe,,
KU41,F16,BMW,X6 xDrive50i,Sports Activity Coupe,N63T,300,All Wheel-Drive,left,Europe,,
KU61,F16,BMW,X6 xDrive50i,Sports Activity Coupe,N63B44O1,330,All Wheel-Drive,left,Europe,,
KU62,F16,BMW,X6 xDrive50i,Sports Activity Coupe,N63B44O1,330,All Wheel-Drive,right,Europe,,
KU63,F16,BMW,X6 xDrive50i,Sports Activity Coupe,N63B44O1,330,All Wheel-Drive,left,USA,,
CU11,F18,BMW,520Li,Sedan,N20B20U0,135,Rear-Wheel Drive,left,China,,
FP19,F18,BMW,520Li,Sedan,N52B25U2,130,Rear-Wheel Drive,left,China,,
FP39,F18,BMW,523Li,Sedan,N52B25O2,150,Rear-Wheel Drive,left,China,,
CU31,F18,BMW,525Li,Sedan,N20B20M0,160,Rear-Wheel Drive,left,China,,
FR19,F18,BMW,528Li,Sedan,N52B30O2,190,Rear-Wheel Drive,left,China,,
CU51,F18,BMW,530Li,Sedan,N52B30O2,190,Rear-Wheel Drive,left,China,,
CU71,F18,BMW,535Li,Sedan,N55B30M0,225,Rear-Wheel Drive,left,China,,
FR79,F18,BMW,535Li,Sedan,N55B30M0,225,Rear-Wheel Drive,left,China,,
5S11,F18 (MUE),BMW,520Li,Sedan,N20B20U0,135,Rear-Wheel Drive,left,China,,
5S31,F18 (MUE),BMW,525Li,Sedan,N20B20M0,160,Rear-Wheel Drive,left,China,,
5T31,F18 (MUE),BMW,528l,Sedan,N20B20O0,180,Rear-Wheel Drive,left,China,,
5T11,F18 (MUE),BMW,528Li xDrive,Sedan,N20B20O0,180,All Wheel-Drive,left,China,,
5S51,F18 (MUE),BMW,530i,Sedan,N52B30O2,190,Rear-Wheel Drive,left,China,,
5S91,F18 (MUE),BMW,530Li,Sedan,N20B20M0,160,Rear-Wheel Drive,left,China,,
5S71,F18 (MUE),BMW,535i,Sedan,N55B30M0,225,Rear-Wheel Drive,left,China,,
1T91,F20,BMW,114d,Sports Hatch,N47D16U1,70,Rear-Wheel Drive,left,Europe,,
1T92,F20,BMW,114d,Sports Hatch,N47D16U1,70,Rear-Wheel Drive,right,Europe,,
1R11,F20,BMW,114i,Sports Hatch,N13B16K0,75,Rear-Wheel Drive,left,Europe,,
1R12,F20,BMW,114i,Sports Hatch,N13B16K0,75,Rear-Wheel Drive,right,Europe,,
1C71,F20,BMW,116d,Sports Hatch,N47D20K1,85,Rear-Wheel Drive,left,Europe,,
1C72,F20,BMW,116d,Sports Hatch,N47D20K1,85,Rear-Wheel Drive,right,Europe,,
1C91,F20,BMW,116d EfficientDynamics Edition,Sports Hatch,N47D16U1,85,Rear-Wheel Drive,left,Europe,,
1C92,F20,BMW,116d EfficientDynamics Edition,Sports Hatch,N47D16U1,85,Rear-Wheel Drive,right,Europe,,
1A11,F20,BMW,116i,Sports Hatch,N13B16U0,100,Rear-Wheel Drive,left,Europe,,
1A12,F20,BMW,116i,Sports Hatch,N13B16U0,100,Rear-Wheel Drive,right,Europe,,
1A14,F20,BMW,116i,Sports Hatch,N13B16U0,100,Rear-Wheel Drive,right,Thailand,,
1A17,F20,BMW,116i,Sports Hatch,N13B16U0,100,Rear-Wheel Drive,right,Indien,,
1A18,F20,BMW,116i,Sports Hatch,N13B16U0,100,Rear-Wheel Drive,right,Malaysia,,
1C11,F20,BMW,118d,Sports Hatch,N47D20U1,105,Rear-Wheel Drive,left,Europe,,
1C12,F20,BMW,118d,Sports Hatch,N47D20U1,105,Rear-Wheel Drive,right,Europe,,
1C17,F20,BMW,118d,Sports Hatch,N47D20U1,105,Rear-Wheel Drive,right,Indien,,
1T51,F20,BMW,118d xDrive,Sports Hatch,N47D20U1,105,All Wheel-Drive,left,Europe,,
1A31,F20,BMW,118i,Sports Hatch,N13B16M0,125,Rear-Wheel Drive,left,Europe,,
1A32,F20,BMW,118i,Sports Hatch,N13B16M0,125,Rear-Wheel Drive,right,Europe,,
1A38,F20,BMW,118i,Sports Hatch,N13B16M0,125,Rear-Wheel Drive,right,Malaysia,,
1C31,F20,BMW,120d,Sports Hatch,N47D20O1,135,Rear-Wheel Drive,left,Europe,,
1C32,F20,BMW,120d,Sports Hatch,N47D20O1,135,Rear-Wheel Drive,right,Europe,,
1B51,F20,BMW,120d xDrive,Sports Hatch,N47D20O1,135,All Wheel-Drive,left,Europe,,
1T72,F20,BMW,120d xDrive,Sports Hatch,N47D20O1,135,All Wheel-Drive,right,Europe,,
1C51,F20,BMW,125d,Sports Hatch,N47D20T1,160,Rear-Wheel Drive,left,Europe,,
1C52,F20,BMW,125d,Sports Hatch,N47D20T1,160,Rear-Wheel Drive,right,Europe,,
1A50,F20,BMW,125i,Sports Hatch,N20B20M0,160,Rear-Wheel Drive,left,Brasil,,
1A51,F20,BMW,125i,Sports Hatch,N20B20M0,160,Rear-Wheel Drive,left,Europe,,
1A52,F20,BMW,125i,Sports Hatch,N20B20M0,160,Rear-Wheel Drive,right,Europe,,
1B71,F20,BMW,M135i,Sports Hatch,N55B30O0,235,Rear-Wheel Drive,left,Europe,,
1B72,F20,BMW,M135i,Sports Hatch,N55B30O0,235,Rear-Wheel Drive,right,Europe,,
1B91,F20,BMW,M135i xDrive,Sports Hatch,N55B30O0,235,All Wheel-Drive,left,Europe,,
1V51,F20 (MUE),BMW,114d,Sports Hatch,B37K,70,Rear-Wheel Drive,left,Europe,,
1V52,F20 (MUE),BMW,114d,Sports Hatch,B37K,70,Rear-Wheel Drive,right,Europe,,
2R51,F20 (MUE),BMW,114d,Sports Hatch,N47D16U1,70,Rear-Wheel Drive,left,Europe,,
1V71,F20 (MUE),BMW,116d,Sports Hatch,B37D15U0,85,Rear-Wheel Drive,left,Europe,,
1V72,F20 (MUE),BMW,116d,Sports Hatch,B37D15U0,85,Rear-Wheel Drive,right,Europe,,
1V91,F20 (MUE),BMW,116d effdyn edition,Sports Hatch,B37D15U0,85,Rear-Wheel Drive,left,Europe,,
1V92,F20 (MUE),BMW,116d effdyn edition,Sports Hatch,B37D15U0,85,Rear-Wheel Drive,right,Europe,,
2R11,F20 (MUE),BMW,116i,Sports Hatch,B38B15M0,80,Rear-Wheel Drive,left,Europe,,
1S51,F20 (MUE),BMW,118d,Sports Hatch,B47U,110,Rear-Wheel Drive,left,Europe,,
1S52,F20 (MUE),BMW,118d,Sports Hatch,B47U,110,Rear-Wheel Drive,right,Europe,,
1U51,F20 (MUE),BMW,118d xDrive,Sports Hatch,B47U,110,All Wheel-Drive,left,Europe,,
1R51,F20 (MUE),BMW,118i,Sports Hatch,B38M,100,Rear-Wheel Drive,left,Europe,,
1R52,F20 (MUE),BMW,118i,Sports Hatch,B38M,100,Rear-Wheel Drive,right,Europe,,
1R54,F20 (MUE),BMW,118i,Sports Hatch,B38M,100,Rear-Wheel Drive,right,Thailand,,
2R31,F20 (MUE),BMW,118i,Sports Hatch,N13B16U0,100,Rear-Wheel Drive,left,Europe,,
2R32,F20 (MUE),BMW,118i,Sports Hatch,N13B16U0,100,Rear-Wheel Drive,right,Europe,,
2R34,F20 (MUE),BMW,118i,Sports Hatch,N13,100,Rear-Wheel Drive,right,Thailand,,
1S71,F20 (MUE),BMW,120d,Sports Hatch,B47D20O0,140,Rear-Wheel Drive,left,Europe,,
1S72,F20 (MUE),BMW,120d,Sports Hatch,B47D20O0,140,Rear-Wheel Drive,right,Europe,,
1T11,F20 (MUE),BMW,120d xDrive,Sports Hatch,B47O,140,All Wheel-Drive,left,Europe,,
1T12,F20 (MUE),BMW,120d xdrive,Sports Hatch,B47D20O0,140,All Wheel-Drive,right,Europe,,
1U71,F20 (MUE),BMW,120i,Sports Hatch,N13B16M0,130,Rear-Wheel Drive,left,Europe,,
1U72,F20 (MUE),BMW,120i,Sports Hatch,N13B16M0,130,Rear-Wheel Drive,right,Europe,,
1U78,F20 (MUE),BMW,120i,Sports Hatch,N13B16M0,130,Rear-Wheel Drive,right,Malaysia,,
1T31,F20 (MUE),BMW,125d,Sports Hatch,B47D20T0,165,Rear-Wheel Drive,left,Europe,,
1T32,F20 (MUE),BMW,125d,Sports Hatch,B47D20T0,165,Rear-Wheel Drive,right,Europe,,
1U90,F20 (MUE),BMW,125i,Sports Hatch,N20,160,Rear-Wheel Drive,left,Brasil,,
1U91,F20 (MUE),BMW,125i,Sports Hatch,N20B20M0,160,Rear-Wheel Drive,left,Europe,,
1U92,F20 (MUE),BMW,125i,Sports Hatch,N20B20M0,160,Rear-Wheel Drive,right,Europe,,
2R90,F20 (MUE),BMW,125i,Sports Hatch,N20,160,Rear-Wheel Drive,left,Brasil,,
1V11,F20 (MUE),BMW,M135i,Sports Hatch,N55B30O0,240,Rear-Wheel Drive,left,Europe,,
1V12,F20 (MUE),BMW,M135i,Sports Hatch,N55B30O0,240,Rear-Wheel Drive,right,Europe,,
1V31,F20 (MUE),BMW,M135i xDrive,Sports Hatch,N55B30O0,240,All Wheel-Drive,left,Europe,,
1N51,F21,BMW,114d,Hatch Coupe,N47D16U1,70,Rear-Wheel Drive,left,Europe,,
1N52,F21,BMW,114d,Hatch Coupe,N47D16U1,70,Rear-Wheel Drive,right,Europe,,
1P11,F21,BMW,114i,Hatch Coupe,N13B16K0,75,Rear-Wheel Drive,left,Europe,,
1P12,F21,BMW,114i,Hatch Coupe,N13B16K0,75,Rear-Wheel Drive,right,Europe,,
1N11,F21,BMW,116d,Hatch Coupe,N47D20K1,85,Rear-Wheel Drive,left,Europe,,
1N12,F21,BMW,116d,Hatch Coupe,N47D20K1,85,Rear-Wheel Drive,right,Europe,,
1N31,F21,BMW,116d EfficientDynamics Edition,Hatch Coupe,N47D16U1,85,Rear-Wheel Drive,left,Europe,,
1N32,F21,BMW,116d EfficientDynamics Edition,Hatch Coupe,N47D16U1,85,Rear-Wheel Drive,right,Europe,,
1D11,F21,BMW,116i,Hatch Coupe,N13B16U0,100,Rear-Wheel Drive,left,Europe,,
1D12,F21,BMW,116i,Hatch Coupe,N13B16U0,100,Rear-Wheel Drive,right,Europe,,
1E11,F21,BMW,118d,Hatch Coupe,N47D20U1,105,Rear-Wheel Drive,left,Europe,,
1E12,F21,BMW,118d,Hatch Coupe,N47D20U1,105,Rear-Wheel Drive,right,Europe,,
1X51,F21,BMW,118d xDrive,Hatch Coupe,N47D20U1,105,All Wheel-Drive,left,Europe,,
1D31,F21,BMW,118i,Hatch Coupe,N13B16M0,125,Rear-Wheel Drive,left,Europe,,
1D32,F21,BMW,118i,Hatch Coupe,N13B16M0,125,Rear-Wheel Drive,right,Europe,,
1E31,F21,BMW,120d,Hatch Coupe,N47D20O1,135,Rear-Wheel Drive,left,Europe,,
1E32,F21,BMW,120d,Hatch Coupe,N47D20O1,135,Rear-Wheel Drive,right,Europe,,
1E51,F21,BMW,120d xDrive,Hatch Coupe,N47D20O1,135,All Wheel-Drive,left,Europe,,
1E71,F21,BMW,125d,Hatch Coupe,N47D20T1,160,Rear-Wheel Drive,left,Europe,,
1E72,F21,BMW,125d,Hatch Coupe,N47D20T1,160,Rear-Wheel Drive,right,Europe,,
1D51,F21,BMW,125i,Hatch Coupe,N20B20M0,160,Rear-Wheel Drive,left,Europe,,
1D52,F21,BMW,125i,Hatch Coupe,N20B20M0,160,Rear-Wheel Drive,right,Europe,,
1N71,F21,BMW,M135i,Hatch Coupe,N55B30O0,235,Rear-Wheel Drive,left,Europe,,
1N72,F21,BMW,M135i,Hatch Coupe,N55B30O0,235,Rear-Wheel Drive,right,Europe,,
1N91,F21,BMW,M135i xDrive,Hatch Coupe,N55B30O0,235,All Wheel-Drive,left,Europe,,
2P11,F21 (MUE),BMW,114d,Hatch Coupe,B37K,70,Rear-Wheel Drive,left,Europe,,
2S11,F21 (MUE),BMW,114d,Hatch Coupe,N47D16U1,70,Rear-Wheel Drive,left,Europe,,
2P31,F21 (MUE),BMW,116d,Hatch Coupe,B37D15U0,85,Rear-Wheel Drive,left,Europe,,
2P32,F21 (MUE),BMW,116d,Hatch Coupe,B37D15U0,85,Rear-Wheel Drive,right,Europe,,
2P51,F21 (MUE),BMW,116d effdyn edition,Hatch Coupe,B37D15U0,85,Rear-Wheel Drive,left,Europe,,
2P52,F21 (MUE),BMW,116d effdyn edition,Hatch Coupe,B37U,85,Rear-Wheel Drive,right,Europe,,
2P71,F21 (MUE),BMW,116i,Hatch Coupe,B38B15M0,80,Rear-Wheel Drive,left,Europe,,
2P72,F21 (MUE),BMW,116i,Hatch Coupe,B38M,80,Rear-Wheel Drive,right,Europe,,
1W51,F21 (MUE),BMW,118d,Hatch Coupe,B47U,110,Rear-Wheel Drive,left,Europe,,
1W52,F21 (MUE),BMW,118d,Hatch Coupe,B47U,110,Rear-Wheel Drive,right,Europe,,
1Y51,F21 (MUE),BMW,118d xDrive,Hatch Coupe,B47U,110,All Wheel-Drive,left,Europe,,
1P51,F21 (MUE),BMW,118i,Hatch Coupe,B38B15M0,100,Rear-Wheel Drive,left,Europe,,
1P52,F21 (MUE),BMW,118i,Hatch Coupe,B38M,100,Rear-Wheel Drive,right,Europe,,
2P91,F21 (MUE),BMW,118i,Hatch Coupe,N13B16U0,100,Rear-Wheel Drive,left,Europe,,
2P92,F21 (MUE),BMW,118i,Hatch Coupe,N13B16U0,100,Rear-Wheel Drive,right,Europe,,
1W71,F21 (MUE),BMW,120d,Hatch Coupe,B47D20O0,140,Rear-Wheel Drive,left,Europe,,
1W72,F21 (MUE),BMW,120d,Hatch Coupe,B47D20O0,140,Rear-Wheel Drive,right,Europe,,
1X11,F21 (MUE),BMW,120d xDrive,Hatch Coupe,B47O,140,All Wheel-Drive,left,Europe,,
1Y11,F21 (MUE),BMW,120i,Hatch Coupe,N13B16M0,130,Rear-Wheel Drive,left,Europe,,
1Y12,F21 (MUE),BMW,120i,Hatch Coupe,N13,130,Rear-Wheel Drive,right,Europe,,
1X31,F21 (MUE),BMW,125d,Hatch Coupe,B47D20T0,165,Rear-Wheel Drive,left,Europe,,
1X32,F21 (MUE),BMW,125d,Hatch Coupe,B47D20T0,165,Rear-Wheel Drive,right,Europe,,
1Y31,F21 (MUE),BMW,125i,Hatch Coupe,N20B20M0,160,Rear-Wheel Drive,left,Europe,,
1Y32,F21 (MUE),BMW,125i,Hatch Coupe,N20B20M0,160,Rear-Wheel Drive,right,Europe,,
1Y71,F21 (MUE),BMW,M135i,Hatch Coupe,N55B30O0,240,Rear-Wheel Drive,left,Europe,,
1Y72,F21 (MUE),BMW,M135i,Hatch Coupe,N55B30O0,240,Rear-Wheel Drive,right,Europe,,
1Y91,F21 (MUE),BMW,M135i xDrive,Hatch Coupe,N55B30O0,240,All Wheel-Drive,left,Europe,,
1H31,F22,BMW,218d,Coupe,N47D20U1,105,Rear-Wheel Drive,left,Europe,,
1H32,F22,BMW,218d,Coupe,N47D20U1,105,Rear-Wheel Drive,right,Europe,,
2G51,F22,BMW,218d,Coupe,B47U,110,Rear-Wheel Drive,left,Europe,,
2G52,F22,BMW,218d,Coupe,B47U,110,Rear-Wheel Drive,right,Europe,,
2F11,F22,BMW,218i,Coupe,B38B15M0,100,Rear-Wheel Drive,left,Europe,,
2F12,F22,BMW,218i,Coupe,B38B15M0,100,Rear-Wheel Drive,right,Europe,,
1H11,F22,BMW,220d,Coupe,N47D20O1,135,Rear-Wheel Drive,left,Europe,,
1H12,F22,BMW,220d,Coupe,N47D20O1,135,Rear-Wheel Drive,right,Europe,,
2G71,F22,BMW,220d,Coupe,B47D20O0,140,Rear-Wheel Drive,left,Europe,,
2G72,F22,BMW,220d,Coupe,B47D20O0,140,Rear-Wheel Drive,right,Europe,,
2G91,F22,BMW,220d xDrive,Coupe,B47D20O0,140,All Wheel-Drive,left,Europe,,
2G92,F22,BMW,220d xDrive,Coupe,B47D20O0,140,All Wheel-Drive,right,Europe,,
1J11,F22,BMW,220i,Coupe,N20B20U0,135,Rear-Wheel Drive,left,Europe,,
1J12,F22,BMW,220i,Coupe,N20B20U0,135,Rear-Wheel Drive,right,Europe,,
1H71,F22,BMW,225d,Coupe,N47D20T1,160,Rear-Wheel Drive,left,Europe,,
1H72,F22,BMW,225d,Coupe,N47D20T1,160,Rear-Wheel Drive,right,Europe,,
2H11,F22,BMW,225d,Coupe,B47D20T0,165,Rear-Wheel Drive,left,Europe,,
1F51,F22,BMW,228i,Coupe,N20B20O0,180,Rear-Wheel Drive,left,Europe,,
1F52,F22,BMW,228i,Coupe,N20B20O0,180,Rear-Wheel Drive,right,Europe,,
1F53,F22,BMW,228i,Coupe,N20B20O0,180,Rear-Wheel Drive,left,USA,,
1F93,F22,BMW,228i,Coupe,N26B20O0,180,Rear-Wheel Drive,left,USA,,
1F73,F22,BMW,228i xDrive,Coupe,N20B20O0,180,All Wheel-Drive,left,USA,,
1G93,F22,BMW,228i xDrive,Coupe,N26B20O0,180,All Wheel-Drive,left,USA,,
1J71,F22,BMW,M235i,Coupe,N55B30O0,240,Rear-Wheel Drive,left,Europe,,
1J72,F22,BMW,M235i,Coupe,N55B30O0,240,Rear-Wheel Drive,right,Europe,,
1J73,F22,BMW,M235i,Coupe,N55B30O0,240,Rear-Wheel Drive,left,USA,,
1J91,F22,BMW,M235i xDrive,Coupe,N55B30O0,240,All Wheel-Drive,left,Europe,,
1J93,F22,BMW,M235i xDrive,Coupe,N55B30O0,240,All Wheel-Drive,left,USA,,
2L51,F23,BMW,218d,Convertible,B47U,110,Rear-Wheel Drive,left,Europe,,
2L52,F23,BMW,218d,Convertible,B47U,110,Rear-Wheel Drive,right,Europe,,
1M31,F23,BMW,218i,Convertible,B38B15M0,100,Rear-Wheel Drive,left,Europe,,
1M32,F23,BMW,218i,Convertible,B38B15M0,100,Rear-Wheel Drive,right,Europe,,
2L71,F23,BMW,220d,Convertible,B47D20O0,140,Rear-Wheel Drive,left,Europe,,
2L72,F23,BMW,220d,Convertible,B47D20O0,140,Rear-Wheel Drive,right,Europe,,
1L71,F23,BMW,220i,Convertible,N20B20U0,135,Rear-Wheel Drive,left,Europe,,
1L72,F23,BMW,220i,Convertible,N20B20U0,135,Rear-Wheel Drive,right,Europe,,
2L91,F23,BMW,225d,Convertible,B47D20T0,165,Rear-Wheel Drive,left,Europe,,
1K51,F23,BMW,228i,Convertible,N20B20O0,180,Rear-Wheel Drive,left,Europe,,
1K52,F23,BMW,228i,Convertible,N20B20O0,180,Rear-Wheel Drive,right,Europe,,
1K53,F23,BMW,228i,Convertible,N20B20O0,180,Rear-Wheel Drive,left,USA,,
1K93,F23,BMW,228i,Convertible,N26B20O0,180,Rear-Wheel Drive,left,USA,,
1K73,F23,BMW,228i xDrive,Convertible,N20B20O0,180,All Wheel-Drive,left,USA,,
1L93,F23,BMW,228i xDrive,Convertible,N26B20O0,180,All Wheel-Drive,left,USA,,
1M11,F23,BMW,M235i,Convertible,N55B30O0,240,Rear-Wheel Drive,left,Europe,,
1M12,F23,BMW,M235i,Convertible,N55B30O0,240,Rear-Wheel Drive,right,Europe,,
1M13,F23,BMW,M235i,Convertible,N55B30O0,240,Rear-Wheel Drive,left,USA,,
1M51,F23,BMW,M235i xDrive,Convertible,N55B30O0,240,All Wheel-Drive,left,Europe,,
1M53,F23,BMW,M235i xDrive,Convertible,N55B30O0,240,All Wheel-Drive,left,USA,,
WY11,F25,BMW,X3 sDrive18d,Sports Activity Vehicle,N47D20O1,105,Rear-Wheel Drive,left,Europe,,
WY12,F25,BMW,X3 sDrive18d,Sports Activity Vehicle,N47D20O1,105,Rear-Wheel Drive,right,Europe,,
WZ31,F25,BMW,X3 sDrive18d,Sports Activity Vehicle,B47D20O0,110,Rear-Wheel Drive,left,Europe,,
WZ32,F25,BMW,X3 sDrive18d,Sports Activity Vehicle,B47D20O0,110,Rear-Wheel Drive,right,Europe,,
WW11,F25,BMW,X3 sDrive20i,Sports Activity Vehicle,N20B16U0,125,Rear-Wheel Drive,left,Europe,,
WY91,F25,BMW,X3 sDrive20i,Sports Activity Vehicle,N20B20U0,135,Rear-Wheel Drive,left,Europe,,
WY92,F25,BMW,X3 sDrive20i,Sports Activity Vehicle,N20B20U0,135,Rear-Wheel Drive,right,Europe,,
WZ73,F25,BMW,X3 sDrive28i,Sports Activity Vehicle,N20B20O0,180,Rear-Wheel Drive,left,USA,,
WY31,F25,BMW,X3 xDrive20d,Sports Activity Vehicle,N47D20O1,135,All Wheel-Drive,left,Europe,,
WY32,F25,BMW,X3 xDrive20d,Sports Activity Vehicle,N47D20O1,135,All Wheel-Drive,right,Europe,,
WY34,F25,BMW,X3 xDrive20d,Sports Activity Vehicle,N47D20O1,135,All Wheel-Drive,right,Thailand,,
WY36,F25,BMW,X3 xDrive20d,Sports Activity Vehicle,N47D20O1,135,All Wheel-Drive,right,Indonesia,,
WY37,F25,BMW,X3 xDrive20d,Sports Activity Vehicle,N47D20O1,135,All Wheel-Drive,right,Indien,,
WY38,F25,BMW,X3 xDrive20d,Sports Activity Vehicle,N47D20O1,135,All Wheel-Drive,right,Malaysia,,
WY39,F25,BMW,X3 xDrive20d,Sports Activity Vehicle,N47D20O1,135,All Wheel-Drive,left,Russia,,
WZ51,F25,BMW,X3 xDrive20d,Sports Activity Vehicle,B47D20O0,140,All Wheel-Drive,left,Europe,,
WZ52,F25,BMW,X3 xDrive20d,Sports Activity Vehicle,B47D20O0,140,All Wheel-Drive,right,Europe,,
WZ54,F25,BMW,X3 xDrive20d,Sports Activity Vehicle,B47D20O0,140,All Wheel-Drive,right,Thailand,,
WZ56,F25,BMW,X3 xDrive20d,Sports Activity Vehicle,B47D20O0,140,All Wheel-Drive,right,Indonesia,,
WZ57,F25,BMW,X3 xDrive20d,Sports Activity Vehicle,B47D20O0,140,All Wheel-Drive,right,Indien,,
WZ58,F25,BMW,X3 xDrive20d,Sports Activity Vehicle,B47D20O0,140,All Wheel-Drive,right,Malaysia,,
WZ59,F25,BMW,X3 xDrive20d,Sports Activity Vehicle,B47D20O0,140,All Wheel-Drive,left,Russia,,
WX30,F25,BMW,x3 xdrive20i,Sports Activity Vehicle,N20,135,All Wheel-Drive,left,Brasil,,
WX31,F25,BMW,X3 xDrive20i,Sports Activity Vehicle,N20B20U0,135,All Wheel-Drive,left,Europe,,
WX32,F25,BMW,X3 xDrive20i,Sports Activity Vehicle,N20B20U0,135,All Wheel-Drive,right,Europe,,
WX34,F25,BMW,X3 xDrive20i,Sports Activity Vehicle,N20B20U0,135,All Wheel-Drive,right,Thailand,,
WX35,F25,BMW,X3 xDrive20i,Sports Activity Vehicle,N20B20U0,135,All Wheel-Drive,left,Egypt,,
WX36,F25,BMW,X3 xDrive20i,Sports Activity Vehicle,N20B20U0,135,All Wheel-Drive,right,Indonesia,,
WX38,F25,BMW,X3 xDrive20i,Sports Activity Vehicle,N20B20U0,135,All Wheel-Drive,right,Malaysia,,
WX39,F25,BMW,X3 xDrive20i,Sports Activity Vehicle,N20B20U0,135,All Wheel-Drive,left,Russia,,
WY33,F25,BMW,X3 xDrive28d,Sports Activity Vehicle,N47D20O1,135,All Wheel-Drive,left,USA,,
WX51,F25,BMW,X3 xDrive28i,Sports Activity Vehicle,N52B30O2,190,All Wheel-Drive,left,Europe,,
WX52,F25,BMW,X3 xDrive28i,Sports Activity Vehicle,N52B30O2,190,All Wheel-Drive,right,Europe,,
WX53,F25,BMW,X3 xDrive28i,Sports Activity Vehicle,N52B30O2,190,All Wheel-Drive,left,USA,,
WX59,F25,BMW,X3 xDrive28i,Sports Activity Vehicle,N52B30O2,190,All Wheel-Drive,left,Russia,,
WX91,F25,BMW,X3 xDrive28i,Sports Activity Vehicle,N20B20O0,180,All Wheel-Drive,left,Europe,,
WX92,F25,BMW,X3 xDrive28i,Sports Activity Vehicle,N20B20O0,180,All Wheel-Drive,right,Europe,,
WX93,F25,BMW,X3 xDrive28i,Sports Activity Vehicle,N20B20O0,180,All Wheel-Drive,left,USA,,
WX99,F25,BMW,X3 xDrive28i,Sports Activity Vehicle,N20B20O0,180,All Wheel-Drive,left,Russia,,
WY51,F25,BMW,X3 xDrive30d,Sports Activity Vehicle,N57D30O1,190,All Wheel-Drive,left,Europe,,
WY52,F25,BMW,X3 xDrive30d,Sports Activity Vehicle,N57D30O1,190,All Wheel-Drive,right,Europe,,
WY57,F25,BMW,X3 xDrive30d,Sports Activity Vehicle,N57D30O1,190,All Wheel-Drive,right,Indien,,
WY59,F25,BMW,X3 xDrive30d,Sports Activity Vehicle,N57T,183,All Wheel-Drive,left,Russia,,
WY71,F25,BMW,X3 xDrive35d,Sports Activity Vehicle,N57D30T1,230,All Wheel-Drive,left,Europe,,
WY72,F25,BMW,X3 xDrive35d,Sports Activity Vehicle,N57D30T1,230,All Wheel-Drive,right,Europe,,
WX70,F25,BMW,x3 xdrive35i,Sports Activity Vehicle,N55,225,All Wheel-Drive,left,Brasil,,
WX71,F25,BMW,X3 xDrive35i,Sports Activity Vehicle,N55B30M0,225,All Wheel-Drive,left,Europe,,
WX72,F25,BMW,X3 xDrive35i,Sports Activity Vehicle,N55B30M0,225,All Wheel-Drive,right,Europe,,
WX73,F25,BMW,X3 xDrive35i,Sports Activity Vehicle,N55B30M0,225,All Wheel-Drive,left,USA,,
WX75,F25,BMW,X3 xDrive35i,Sports Activity Vehicle,N55B30M0,225,All Wheel-Drive,left,Egypt,,
WX79,F25,BMW,X3 xDrive35i,Sports Activity Vehicle,N55B30M0,225,All Wheel-Drive,left,Russia,,
XW71,F26,BMW,X4 M40i,Sports Activity Coupe,N55,265,All Wheel-Drive,left,Europe,,
XW73,F26,BMW,X4 M40i,Sports Activity Coupe,N55,265,All Wheel-Drive,left,USA,,
XX11,F26,BMW,X4 xDrive20d,Sports Activity Coupe,B47D20O0,140,All Wheel-Drive,left,Europe,,
XX12,F26,BMW,X4 xDrive20d,Sports Activity Coupe,B47D20O0,140,All Wheel-Drive,right,Europe,,
XX19,F26,BMW,X4 Xdrive20d,Sports Activity Coupe,B47O,140,All Wheel-Drive,left,Russia,,
XW11,F26,BMW,X4 xDrive20i,Sports Activity Coupe,N20B20U0,135,All Wheel-Drive,left,Europe,,
XW12,F26,BMW,X4 xDrive20i,Sports Activity Coupe,N20B20U0,135,All Wheel-Drive,right,Europe,,
XW19,F26,BMW,X4 Xdrive20i,Sports Activity Coupe,N20,135,All Wheel-Drive,left,Russia,,
XW31,F26,BMW,X4 xDrive28i,Sports Activity Coupe,N20B20O0,180,All Wheel-Drive,left,Europe,,
XW32,F26,BMW,X4 xDrive28i,Sports Activity Coupe,N20B20U0,180,All Wheel-Drive,right,Europe,,
XW33,F26,BMW,X4 xDrive28i,Sports Activity Coupe,N20B20O0,180,All Wheel-Drive,left,USA,,
XW39,F26,BMW,X4 Xdrive28i,Sports Activity Coupe,N20,180,All Wheel-Drive,left,Russia,,
XX31,F26,BMW,X4 xDrive30d,Sports Activity Coupe,N57D30O1,190,All Wheel-Drive,left,Europe,,
XX32,F26,BMW,X4 xDrive30d,Sports Activity Coupe,N57D30O1,190,All Wheel-Drive,right,Europe,,
XX39,F26,BMW,X4 Xdrive30d,Sports Activity Coupe,N57T,183,All Wheel-Drive,left,Russia,,
XX51,F26,BMW,X4 xDrive35d,Sports Activity Coupe,N57D30T1,230,All Wheel-Drive,left,Europe,,
XX52,F26,BMW,X4 xDrive35d,Sports Activity Coupe,N57D30T1,230,All Wheel-Drive,right,Europe,,
XW51,F26,BMW,X4 xDrive35i,Sports Activity Coupe,N55B30M0,225,All Wheel-Drive,left,Europe,,
XW52,F26,BMW,X4 xDrive35i,Sports Activity Coupe,N55B30M0,225,All Wheel-Drive,right,Europe,,
XW53,F26,BMW,X4 xDrive35i,Sports Activity Coupe,N55B30M0,225,All Wheel-Drive,left,USA,,
3D91,F30,BMW,316d,Sedan,N47D20K1,85,Rear-Wheel Drive,left,Europe,,
3D92,F30,BMW,316d,Sedan,N47D20K1,85,Rear-Wheel Drive,right,Europe,,
3W31,F30,BMW,316d,Sedan,B47D20K0,85,Rear-Wheel Drive,left,Europe,,
3W32,F30,BMW,316d,Sedan,B47D20K0,85,Rear-Wheel Drive,right,Europe,,
3A11,F30,BMW,316i,Sedan,N13B16U0,100,Rear-Wheel Drive,left,Europe,,
3A12,F30,BMW,316i,Sedan,N13B16U0,100,Rear-Wheel Drive,right,Europe,,
3A14,F30,BMW,316i,Sedan,N13B16U0,100,Rear-Wheel Drive,left,China,,
3A15,F30,BMW,316i,Sedan,N13B16U0,100,Rear-Wheel Drive,left,Europe,,
3A16,F30,BMW,316i,Sedan,N13B16U0,100,Rear-Wheel Drive,right,Europe,,
3A18,F30,BMW,316i,Sedan,N13B16U0,100,Rear-Wheel Drive,right,Malaysia,,
3A19,F30,BMW,316i,Sedan,N13B16U0,100,Rear-Wheel Drive,left,Russia,,
3F14,F30,BMW,316i,Sedan,N13B16U0,100,Rear-Wheel Drive,right,Thailand,,
3D11,F30,BMW,318d,Sedan,N47D20U1,105,Rear-Wheel Drive,left,Europe,,
3D12,F30,BMW,318d,Sedan,N47D20U1,105,Rear-Wheel Drive,right,Europe,,
3D15,F30,BMW,318d,Sedan,N47D20U1,105,Rear-Wheel Drive,left,Europe,,
3D16,F30,BMW,318d,Sedan,N47D20U1,105,Rear-Wheel Drive,right,Europe,,
3J31,F30,BMW,318d xDrive,Sedan,N47D20U1,105,All Wheel-Drive,left,Europe,,
3D31,F30,BMW,320d,Sedan,N47D20O1,135,Rear-Wheel Drive,left,Europe,,
3D32,F30,BMW,320d,Sedan,N47D20O1,135,Rear-Wheel Drive,right,Europe,,
3D35,F30,BMW,320d,Sedan,N47D20O1,135,Rear-Wheel Drive,left,Europe,,
3D36,F30,BMW,320d,Sedan,N47D20O1,135,Rear-Wheel Drive,right,Europe,,
3D38,F30,BMW,320d,Sedan,N47D20O1,135,Rear-Wheel Drive,right,Malaysia,,
3F17,F30,BMW,320d,Sedan,N47D20O1,135,Rear-Wheel Drive,right,Thailand,,
3F37,F30,BMW,320d,Sedan,N47D20O1,135,Rear-Wheel Drive,right,Indien,,
3F38,F30,BMW,320d,Sedan,N47D20O1,135,Rear-Wheel Drive,right,Indonesia,,
3E11,F30,BMW,320d EfficientDynamics Edition,Sedan,N47D20O1,120,Rear-Wheel Drive,left,Europe,,
3E12,F30,BMW,320d EfficientDynamics Edition,Sedan,N47D20O1,120,Rear-Wheel Drive,right,Europe,,
3E15,F30,BMW,320d EfficientDynamics Edition,Sedan,N47D20O1,120,Rear-Wheel Drive,left,Europe,,
3E16,F30,BMW,320d EfficientDynamics Edition,Sedan,N47D20O1,120,Rear-Wheel Drive,right,Europe,,
3D51,F30,BMW,320d xDrive,Sedan,N47D20O1,135,All Wheel-Drive,left,Europe,,
3D59,F30,BMW,320d xDrive,Sedan,N47D20O1,135,All Wheel-Drive,left,Russia,,
3W52,F30,BMW,320d xDrive,Sedan,N47D20O1,135,All Wheel-Drive,right,Europe,,
3B10,F30,BMW,320i,Sedan,N20B20U0,135,Rear-Wheel Drive,left,Brasil,,
3B11,F30,BMW,320i,Sedan,N20B20U0,135,Rear-Wheel Drive,left,Europe,,
3B12,F30,BMW,320i,Sedan,N20B20U0,135,Rear-Wheel Drive,right,Europe,,
3B13,F30,BMW,320i,Sedan,N20B20U0,135,Rear-Wheel Drive,left,USA,,
3B14,F30,BMW,320i,Sedan,N20B20U0,135,Rear-Wheel Drive,left,China,,
3B15,F30,BMW,320i,Sedan,N20B20U0,135,Rear-Wheel Drive,left,Europe,,
3B16,F30,BMW,320i,Sedan,N20B20U0,135,Rear-Wheel Drive,right,Europe,,
3B17,F30,BMW,320i,Sedan,N20B20U0,135,Rear-Wheel Drive,left,USA,,
3B18,F30,BMW,320i,Sedan,N20B20U0,135,Rear-Wheel Drive,right,Malaysia,,
3B19,F30,BMW,320i,Sedan,N20B20U0,135,Rear-Wheel Drive,left,Russia,,
3F15,F30,BMW,320i,Sedan,N20B20U0,135,Rear-Wheel Drive,right,Thailand,,
3F19,F30,BMW,320i,Sedan,N20B20U0,135,Rear-Wheel Drive,right,Indonesia,,
3F34,F30,BMW,320i,Sedan,N20B20U0,135,Rear-Wheel Drive,right,Indien,,
3F54,F30,BMW,320i,Sedan,N20B20U0,135,Rear-Wheel Drive,left,Egypt,,
8M10,F30,BMW,320i,Sedan,N20,135,Rear-Wheel Drive,left,Brasil,,
3J91,F30,BMW,320i EfficientDynamics Edition,Sedan,N13B16M0,125,Rear-Wheel Drive,left,Europe,,
3J92,F30,BMW,320i EfficientDynamics Edition,Sedan,N13B16M0,125,Rear-Wheel Drive,right,Europe,,
3C31,F30,BMW,320i xDrive,Sedan,N20B20U0,135,All Wheel-Drive,left,Europe,,
3C32,F30,BMW,320i xDrive,Sedan,N20B20U0,135,All Wheel-Drive,right,Europe,,
3C33,F30,BMW,320i xDrive,Sedan,N20B20U0,135,All Wheel-Drive,left,USA,,
3C36,F30,BMW,320i xDrive,Sedan,N20B20U0,135,All Wheel-Drive,right,Europe,,
3C37,F30,BMW,320i xDrive,Sedan,N20B20U0,135,All Wheel-Drive,left,USA,,
3C39,F30,BMW,320i xDrive,Sedan,N20B20U0,135,All Wheel-Drive,left,Russia,,
3D71,F30,BMW,325d,Sedan,N47D20T1,160,Rear-Wheel Drive,left,Europe,,
3D72,F30,BMW,325d,Sedan,N47D20T1,160,Rear-Wheel Drive,right,Europe,,
3F18,F30,BMW,325d,Sedan,N47D20T1,160,Rear-Wheel Drive,right,Thailand,,
3D33,F30,BMW,328d,Sedan,N47D20O1,135,Rear-Wheel Drive,left,USA,,
3D53,F30,BMW,328d xDrive,Sedan,N47D20O1,135,All Wheel-Drive,left,USA,,
3A50,F30,BMW,328i,Sedan,N20B20O0,180,Rear-Wheel Drive,left,Brasil,,
3A51,F30,BMW,328i,Sedan,N20B20O0,180,Rear-Wheel Drive,left,Europe,,
3A52,F30,BMW,328i,Sedan,N20B20O0,180,Rear-Wheel Drive,right,Europe,,
3A53,F30,BMW,328i,Sedan,N20B20O0,180,Rear-Wheel Drive,left,USA,,
3A54,F30,BMW,328i,Sedan,N20B20O0,180,Rear-Wheel Drive,left,China,,
3A55,F30,BMW,328i,Sedan,N20B20O0,180,Rear-Wheel Drive,left,Europe,,
3A56,F30,BMW,328i,Sedan,N20B20O0,180,Rear-Wheel Drive,right,Europe,,
3A57,F30,BMW,328i,Sedan,N20B20O0,180,Rear-Wheel Drive,left,USA,,
3A58,F30,BMW,328i,Sedan,N20B20O0,180,Rear-Wheel Drive,right,Malaysia,,
3A59,F30,BMW,328i,Sedan,N20B20O0,180,Rear-Wheel Drive,left,Russia,,
3C11,F30,BMW,328i,Sedan,N26B20O0,180,Rear-Wheel Drive,left,Europe,,
3C13,F30,BMW,328i,Sedan,N26B20O0,180,Rear-Wheel Drive,left,USA,,
3C15,F30,BMW,328i,Sedan,N26B20O0,180,Rear-Wheel Drive,left,Europe,,
3C17,F30,BMW,328i,Sedan,N26B20O0,180,Rear-Wheel Drive,left,USA,,
3F35,F30,BMW,328i,Sedan,N20B20O0,180,Rear-Wheel Drive,right,Indien,,
3F39,F30,BMW,328i,Sedan,N20B20O0,180,Rear-Wheel Drive,right,Thailand,,
3F55,F30,BMW,328i,Sedan,N20B20O0,180,Rear-Wheel Drive,left,Egypt,,
3F59,F30,BMW,328i,Sedan,N20B20O0,180,Rear-Wheel Drive,right,Indonesia,,
3B33,F30,BMW,328i xDrive,Sedan,N20B20O0,180,All Wheel-Drive,left,USA,,
3B37,F30,BMW,328i xDrive,Sedan,N20B20O0,180,All Wheel-Drive,left,USA,,
3B51,F30,BMW,328i xDrive,Sedan,N20B20O0,180,All Wheel-Drive,left,Europe,,
3B53,F30,BMW,328i xDrive,Sedan,N26B20O0,180,All Wheel-Drive,left,USA,,
3B54,F30,BMW,328i xDrive,Sedan,N20B20O0,180,All Wheel-Drive,left,China,,
3B57,F30,BMW,328i xDrive,Sedan,N26B20O0,180,All Wheel-Drive,left,USA,,
3B59,F30,BMW,328i xDrive,Sedan,N20B20O0,180,All Wheel-Drive,left,Russia,,
3E51,F30,BMW,330d,Sedan,N57D30O1,190,Rear-Wheel Drive,left,Europe,,
3E52,F30,BMW,330d,Sedan,N57D30O1,190,Rear-Wheel Drive,right,Europe,,
3E56,F30,BMW,330d,Sedan,N57D30O1,190,Rear-Wheel Drive,right,Europe,,
3E31,F30,BMW,330d xDrive,Sedan,N57D30O1,190,All Wheel-Drive,left,Europe,,
3E32,F30,BMW,330d xDrive,Sedan,N57D30O1,190,All Wheel-Drive,right,Europe,,
3J71,F30,BMW,335d xDrive,Sedan,N57D30T1,230,All Wheel-Drive,left,Europe,,
3J72,F30,BMW,335d xDrive,Sedan,N57D30T1,230,All Wheel-Drive,right,Europe,,
3A91,F30,BMW,335i,Sedan,N55B30M0,225,Rear-Wheel Drive,left,Europe,,
3A92,F30,BMW,335i,Sedan,N55B30M0,225,Rear-Wheel Drive,right,Europe,,
3A93,F30,BMW,335i,Sedan,N55B30M0,225,Rear-Wheel Drive,left,USA,,
3A95,F30,BMW,335i,Sedan,N55B30M0,225,Rear-Wheel Drive,left,Europe,,
3A96,F30,BMW,335i,Sedan,N55B30M0,225,Rear-Wheel Drive,right,Europe,,
3A97,F30,BMW,335i,Sedan,N55B30M0,225,Rear-Wheel Drive,left,USA,,
3F56,F30,BMW,335i,Sedan,N55B30M0,225,Rear-Wheel Drive,left,Egypt,,
3B91,F30,BMW,335i xDrive,Sedan,N55B30M0,225,All Wheel-Drive,left,Europe,,
3B93,F30,BMW,335i xDrive,Sedan,N55B30M0,225,All Wheel-Drive,left,USA,,
3B97,F30,BMW,335i xDrive,Sedan,N55B30M0,225,All Wheel-Drive,left,USA,,
3F91,F30,BMW,ActiveHybrid 3,Sedan,N55B30M0,225,Rear-Wheel Drive,left,Europe,,
3F92,F30,BMW,ActiveHybrid 3,Sedan,N55B30M0,225,Rear-Wheel Drive,right,Europe,,
3F93,F30,BMW,ActiveHybrid 3,Sedan,N55B30M0,225,Rear-Wheel Drive,left,USA,,
8F91,F30 (MUE),BMW,316d,Sedan,B47D20K0,85,Rear-Wheel Drive,left,Europe,,
8E34,F30 (MUE),BMW,316i,Sedan,N13,100,Rear-Wheel Drive,left,China,,
8C31,F30 (MUE),BMW,318d,Sedan,B47U,110,Rear-Wheel Drive,left,Europe,,
8C32,F30 (MUE),BMW,318d,Sedan,B47U,110,Rear-Wheel Drive,right,Europe,,
8C35,F30 (MUE),BMW,318d,Sedan,B47U,110,Rear-Wheel Drive,left,Europe,,
8C11,F30 (MUE),BMW,318d xDrive,Sedan,B47U,110,All Wheel-Drive,left,Europe,,
8E31,F30 (MUE),BMW,318i,Sedan,B38M,100,Rear-Wheel Drive,left,Europe,,
8E32,F30 (MUE),BMW,318i,Sedan,B38M,100,Rear-Wheel Drive,right,Europe,,
8E35,F30 (MUE),BMW,318i,Sedan,B38M,100,Rear-Wheel Drive,left,Europe,,
8E36,F30 (MUE),BMW,318i,Sedan,B38M,100,Rear-Wheel Drive,right,Europe,,
8E38,F30 (MUE),BMW,318i,Sedan,B38M,100,Rear-Wheel Drive,right,Malaysia,,
8B52,F30 (MUE),BMW,320d,Sedan,N47T,135,Rear-Wheel Drive,right,Europe,,
8B56,F30 (MUE),BMW,320d,Sedan,N47T,135,Rear-Wheel Drive,right,Europe,,
8C51,F30 (MUE),BMW,320d,Sedan,B47D20O0,140,Rear-Wheel Drive,left,Europe,,
8C52,F30 (MUE),BMW,320d,Sedan,B47D20O0,140,Rear-Wheel Drive,right,Europe,,
8C56,F30 (MUE),BMW,320d,Sedan,B47D20O0,140,Rear-Wheel Drive,right,Europe,,
8C74,F30 (MUE),BMW,320d,Sedan,B47O,140,Rear-Wheel Drive,right,Thailand,,
8C77,F30 (MUE),BMW,320d,Sedan,B47O,140,Rear-Wheel Drive,right,Indien,,
8D11,F30 (MUE),BMW,320d EfficientDynamics Edition,Sedan,B47D20O0,120,Rear-Wheel Drive,left,Europe,,
8D12,F30 (MUE),BMW,320d EfficientDynamics Edition,Sedan,B47D20O0,120,Rear-Wheel Drive,right,Europe,,
8C91,F30 (MUE),BMW,320d xDrive,Sedan,B47D20O0,140,All Wheel-Drive,left,Europe,,
8C92,F30 (MUE),BMW,320d xDrive,Sedan,B47D20O0,140,All Wheel-Drive,right,Europe,,
8A11,F30 (MUE),BMW,320i,Sedan,B48B20M0,135,Rear-Wheel Drive,left,Europe,,
8A12,F30 (MUE),BMW,320i,Sedan,B48B20M0,135,Rear-Wheel Drive,right,Europe,,
8A15,F30 (MUE),BMW,320i,Sedan,B48B20M0,135,Rear-Wheel Drive,left,Europe,,
8A16,F30 (MUE),BMW,320i,Sedan,B48B20M0,135,Rear-Wheel Drive,right,Europe,,
8A34,F30 (MUE),BMW,320i,Sedan,B48B20M0,135,Rear-Wheel Drive,right,Thailand,,
8A35,F30 (MUE),BMW,320i,Sedan,B48B20M0,135,Rear-Wheel Drive,left,Egypt,,
8A36,F30 (MUE),BMW,320i,Sedan,B48B20M0,135,Rear-Wheel Drive,right,Indonesia,,
8A38,F30 (MUE),BMW,320i,Sedan,B48B20M0,135,Rear-Wheel Drive,right,Malaysia,,
8A91,F30 (MUE),BMW,320i,Sedan,N20,135,Rear-Wheel Drive,left,Europe,,
8A93,F30 (MUE),BMW,320i,Sedan,N20,135,Rear-Wheel Drive,left,USA,,
8A94,F30 (MUE),BMW,320i,Sedan,N20,135,Rear-Wheel Drive,left,China,,
8E17,F30 (MUE),BMW,320i,Sedan,N20,135,Rear-Wheel Drive,left,USA,,
8N90,F30 (MUE),BMW,320i,Sedan,N20,135,Rear-Wheel Drive,left,Brasil,,
8D51,F30 (MUE),BMW,320i EfficientDynamics Edition,Sedan,N13,125,Rear-Wheel Drive,left,Europe,,
8A33,F30 (MUE),BMW,320i xDrive,Sedan,N20,135,All Wheel-Drive,left,USA,,
8A51,F30 (MUE),BMW,320i xDrive,Sedan,B48B20M0,135,All Wheel-Drive,left,Europe,,
8A59,F30 (MUE),BMW,320i xDrive,Sedan,B48B20M0,135,All Wheel-Drive,left,Russia,,
8E57,F30 (MUE),BMW,320i xDrive,Sedan,N20,135,All Wheel-Drive,left,USA,,
8F11,F30 (MUE),BMW,325d,Sedan,N47T,160,Rear-Wheel Drive,left,Europe,,
8E53,F30 (MUE),BMW,328d,Sedan,N47T,135,Rear-Wheel Drive,left,USA,,
8F13,F30 (MUE),BMW,328d xDrive,Sedan,N47T,135,All Wheel-Drive,left,USA,,
8E73,F30 (MUE),BMW,328i,Sedan,N20,180,Rear-Wheel Drive,left,USA,,
8E74,F30 (MUE),BMW,328i,Sedan,N20,180,Rear-Wheel Drive,left,China,,
8E93,F30 (MUE),BMW,328i,Sedan,N26,180,Rear-Wheel Drive,left,USA,,
8E97,F30 (MUE),BMW,328i,Sedan,N26,180,Rear-Wheel Drive,left,USA,,
8E33,F30 (MUE),BMW,328i xDrive,Sedan,N26,180,All Wheel-Drive,left,USA,,
8E37,F30 (MUE),BMW,328i xDrive,Sedan,N26,180,All Wheel-Drive,left,USA,,
8E54,F30 (MUE),BMW,328i xDrive,Sedan,N20,180,All Wheel-Drive,left,China,,
8F31,F30 (MUE),BMW,330d,Sedan,N57T,190,Rear-Wheel Drive,left,Europe,,
8F32,F30 (MUE),BMW,330d,Sedan,N57T,190,Rear-Wheel Drive,right,Europe,,
8F51,F30 (MUE),BMW,330d xDrive,Sedan,N57T,190,All Wheel-Drive,left,Europe,,
8F52,F30 (MUE),BMW,330d xDrive,Sedan,N57T,190,All Wheel-Drive,right,Europe,,
8E12,F30 (MUE),BMW,330e,Sedan,XB1141M0,185,Rear-Wheel Drive,right,Europe,,
8E13,F30 (MUE),BMW,330e,Sedan,XB1141M0,185,Rear-Wheel Drive,left,USA,,
8A71,F30 (MUE),BMW,330i,Sedan,B48O,185,Rear-Wheel Drive,left,Europe,,
8A72,F30 (MUE),BMW,330i,Sedan,B48O,185,Rear-Wheel Drive,right,Europe,,
8A75,F30 (MUE),BMW,330i,Sedan,B48O,185,Rear-Wheel Drive,left,Europe,,
8A76,F30 (MUE),BMW,330i,Sedan,B48O,185,Rear-Wheel Drive,right,Europe,,
8A96,F30 (MUE),BMW,330i,Sedan,B48O,185,Rear-Wheel Drive,right,Indonesia,,
8A98,F30 (MUE),BMW,330i,Sedan,B48O,185,Rear-Wheel Drive,right,Malaysia,,
8E79,F30 (MUE),BMW,330i,Sedan,B48O,185,Rear-Wheel Drive,right,Thailand,,
8B11,F30 (MUE),BMW,330i xDrive,Sedan,B48O,185,All Wheel-Drive,left,Europe,,
8F71,F30 (MUE),BMW,335d xDrive,Sedan,N57Z,230,All Wheel-Drive,left,Europe,,
8F72,F30 (MUE),BMW,335d xDrive,Sedan,N57Z,230,All Wheel-Drive,right,Europe,,
8B31,F30 (MUE),BMW,340i,Sedan,B58B30M0,240,Rear-Wheel Drive,left,Europe,,
8B32,F30 (MUE),BMW,340i,Sedan,B58M,240,Rear-Wheel Drive,right,Europe,,
8B33,F30 (MUE),BMW,340i,Sedan,B58M,240,Rear-Wheel Drive,left,USA,,
8B35,F30 (MUE),BMW,340i,Sedan,B58M,240,Rear-Wheel Drive,left,Europe,,
8B36,F30 (MUE),BMW,340i,Sedan,B58M,240,Rear-Wheel Drive,right,Europe,,
8B37,F30 (MUE),BMW,340i,Sedan,B58M,240,Rear-Wheel Drive,left,USA,,
8B55,F30 (MUE),BMW,340i,Sedan,B58M,225,Rear-Wheel Drive,left,Egypt,,
8B71,F30 (MUE),BMW,340i xDrive,Sedan,B58M,240,All Wheel-Drive,left,Europe,,
8B73,F30 (MUE),BMW,340i xDrive,Sedan,B58M,240,All Wheel-Drive,left,USA,,
8B77,F30 (MUE),BMW,340i xDrive,Sedan,B58M,240,All Wheel-Drive,left,USA,,
3K91,F31,BMW,316d,Touring,N47D20K1,85,Rear-Wheel Drive,left,Europe,,
3K92,F31,BMW,316d,Touring,N47D20K1,85,Rear-Wheel Drive,right,Europe,,
8L51,F31,BMW,316d,Touring,B47D20K0,85,Rear-Wheel Drive,left,Europe,,
3G11,F31,BMW,316i,Touring,N13B16U0,100,Rear-Wheel Drive,left,Europe,,
3G12,F31,BMW,316i,Touring,N13B16U0,100,Rear-Wheel Drive,right,Europe,,
3K11,F31,BMW,318d,Touring,N47D20U1,105,Rear-Wheel Drive,left,Europe,,
3K12,F31,BMW,318d,Touring,N47D20U1,105,Rear-Wheel Drive,right,Europe,,
8J31,F31,BMW,318d xDrive,Touring,N47D20U1,105,All Wheel-Drive,left,Europe,,
3K31,F31,BMW,320d,Touring,N47D20O1,135,Rear-Wheel Drive,left,Europe,,
3K32,F31,BMW,320d,Touring,N47D20O1,135,Rear-Wheel Drive,right,Europe,,
3L11,F31,BMW,320d EfficientDynamics Edition,Touring,N47D20O1,120,Rear-Wheel Drive,left,Europe,,
3L12,F31,BMW,320d EfficientDynamics Edition,Touring,N47D20O1,120,Rear-Wheel Drive,right,Europe,,
3K51,F31,BMW,320d xDrive,Touring,N47D20O1,135,All Wheel-Drive,left,Europe,,
3K52,F31,BMW,320d xDrive,Touring,N47D20O1,135,All Wheel-Drive,right,Europe,,
3G71,F31,BMW,320i,Touring,N20B20U0,135,Rear-Wheel Drive,left,Europe,,
3G72,F31,BMW,320i,Touring,N20B20U0,135,Rear-Wheel Drive,right,Europe,,
3H11,F31,BMW,320i xDrive,Touring,N20B20U0,135,All Wheel-Drive,left,Europe,,
3H12,F31,BMW,320i xDrive,Touring,N20B20U0,135,All Wheel-Drive,right,Europe,,
3K71,F31,BMW,325d,Touring,N47D20T1,160,Rear-Wheel Drive,left,Europe,,
3K72,F31,BMW,325d,Touring,N47D20T1,160,Rear-Wheel Drive,right,Europe,,
3K53,F31,BMW,328d xDrive,Touring,N47D20O1,135,All Wheel-Drive,left,USA,,
3G51,F31,BMW,328i,Touring,N20B20O0,180,Rear-Wheel Drive,left,Europe,,
3G52,F31,BMW,328i,Touring,N20B20O0,180,Rear-Wheel Drive,right,Europe,,
3G53,F31,BMW,328i,Touring,N20B20O0,180,Rear-Wheel Drive,left,USA,,
3G73,F31,BMW,328i xDrive,Touring,N20B20O0,180,All Wheel-Drive,left,USA,,
3H51,F31,BMW,328i xDrive,Touring,N20B20O0,180,All Wheel-Drive,left,Europe,,
3L51,F31,BMW,330d,Touring,N57D30O1,190,Rear-Wheel Drive,left,Europe,,
3L52,F31,BMW,330d,Touring,N57D30O1,190,Rear-Wheel Drive,right,Europe,,
3L31,F31,BMW,330d xDrive,Touring,N57D30O1,190,All Wheel-Drive,left,Europe,,
3L32,F31,BMW,330d xDrive,Touring,N57D30O1,190,All Wheel-Drive,right,Europe,,
8J71,F31,BMW,335d xDrive,Touring,N57D30T1,230,All Wheel-Drive,left,Europe,,
8J72,F31,BMW,335d xDrive,Touring,N57D30T1,230,All Wheel-Drive,right,Europe,,
3G91,F31,BMW,335i,Touring,N55B30M0,225,Rear-Wheel Drive,left,Europe,,
3G92,F31,BMW,335i,Touring,N55B30M0,225,Rear-Wheel Drive,right,Europe,,
3H91,F31,BMW,335i xDrive,Touring,N55B30M0,225,All Wheel-Drive,left,Europe,,
8L71,F31 (MUE),BMW,316d,Touring,B47D20K0,85,Rear-Wheel Drive,left,Europe,,
8H71,F31 (MUE),BMW,318d,Touring,B47U,110,Rear-Wheel Drive,left,Europe,,
8H72,F31 (MUE),BMW,318d,Touring,B47U,110,Rear-Wheel Drive,right,Europe,,
8H51,F31 (MUE),BMW,318d xDrive,Touring,B47U,110,All Wheel-Drive,left,Europe,,
8K11,F31 (MUE),BMW,318i,Touring,B38M,100,Rear-Wheel Drive,left,Europe,,
8H91,F31 (MUE),BMW,320d,Touring,B47D20O0,140,Rear-Wheel Drive,left,Europe,,
8H92,F31 (MUE),BMW,320d,Touring,B47D20O0,140,Rear-Wheel Drive,right,Europe,,
8L32,F31 (MUE),BMW,320d,Touring,N47T,135,Rear-Wheel Drive,right,Europe,,
8J91,F31 (MUE),BMW,320d EfficientDynamics Edition,Touring,B47D20O0,120,Rear-Wheel Drive,left,Europe,,
8J92,F31 (MUE),BMW,320d EfficientDynamics Edition,Touring,B47D20O0,120,Rear-Wheel Drive,right,Europe,,
8J11,F31 (MUE),BMW,320d xDrive,Touring,B47D20O0,140,All Wheel-Drive,left,Europe,,
8J12,F31 (MUE),BMW,320d xDrive,Touring,B47D20O0,140,All Wheel-Drive,right,Europe,,
8G31,F31 (MUE),BMW,320i,Touring,B48B20M0,135,Rear-Wheel Drive,left,Europe,,
8G32,F31 (MUE),BMW,320i,Touring,B48B20M0,135,Rear-Wheel Drive,right,Europe,,
8G51,F31 (MUE),BMW,320i xDrive,Touring,B48B20M0,135,All Wheel-Drive,left,Europe,,
8G52,F31 (MUE),BMW,320i xDrive,Touring,B48B20M0,135,All Wheel-Drive,right,Europe,,
8K51,F31 (MUE),BMW,325d,Touring,N47T,160,Rear-Wheel Drive,left,Europe,,
8J13,F31 (MUE),BMW,328d xDrive,Touring,N47T,135,All Wheel-Drive,left,USA,,
8G53,F31 (MUE),BMW,328i xDrive,Touring,N20,180,All Wheel-Drive,left,USA,,
8K71,F31 (MUE),BMW,330d,Touring,N57T,190,Rear-Wheel Drive,left,Europe,,
8K72,F31 (MUE),BMW,330d,Touring,N57T,190,Rear-Wheel Drive,right,Europe,,
8K91,F31 (MUE),BMW,330d xDrive,Touring,N57T,190,All Wheel-Drive,left,Europe,,
8K92,F31 (MUE),BMW,330d xDrive,Touring,N57T,190,All Wheel-Drive,right,Europe,,
8G71,F31 (MUE),BMW,330i,Touring,B48O,185,Rear-Wheel Drive,left,Europe,,
8G72,F31 (MUE),BMW,330i,Touring,B48O,185,Rear-Wheel Drive,right,Europe,,
8G91,F31 (MUE),BMW,330i xDrive,Touring,B48O,185,All Wheel-Drive,left,Europe,,
8L11,F31 (MUE),BMW,335d xDrive,Touring,N57Z,230,All Wheel-Drive,left,Europe,,
8L12,F31 (MUE),BMW,335d xDrive,Touring,N57Z,230,All Wheel-Drive,right,Europe,,
8H11,F31 (MUE),BMW,340i,Touring,B58M,240,Rear-Wheel Drive,left,Europe,,
8H12,F31 (MUE),BMW,340i,Touring,B58M,240,Rear-Wheel Drive,right,Europe,,
8H31,F31 (MUE),BMW,340i xDrive,Touring,B58M,240,All Wheel-Drive,left,Europe,,
4P51,F32,BMW,418d,Coupe,B47U,110,Rear-Wheel Drive,left,Europe,,
3P11,F32,BMW,420d,Coupe,N47D20O1,135,Rear-Wheel Drive,left,Europe,,
3P12,F32,BMW,420d,Coupe,N47D20O1,135,Rear-Wheel Drive,right,Europe,,
4P71,F32,BMW,420d,Coupe,B47D20O0,140,Rear-Wheel Drive,left,Europe,,
4P72,F32,BMW,420d,Coupe,B47D20O0,140,Rear-Wheel Drive,right,Europe,,
3P31,F32,BMW,420d xDrive,Coupe,N47D20O1,135,All Wheel-Drive,left,Europe,,
3P32,F32,BMW,420d xDrive,Coupe,N47D20O1,135,All Wheel-Drive,right,Europe,,
4P91,F32,BMW,420d xdrive,Coupe,B47D20O0,140,All Wheel-Drive,left,Europe,,
4P92,F32,BMW,420d xDrive,Coupe,B47D20O0,140,All Wheel-Drive,right,Europe,,
3N11,F32,BMW,420i,Coupe,N20B20U0,135,Rear-Wheel Drive,left,Europe,,
3N12,F32,BMW,420i,Coupe,N20B20U0,135,Rear-Wheel Drive,right,Europe,,
4N31,F32,BMW,420i,Coupe,B48B20M0,135,Rear-Wheel Drive,left,Europe,,
3S51,F32,BMW,420i xDrive,Coupe,N20B20U0,135,All Wheel-Drive,left,Europe,,
3S52,F32,BMW,420i xDrive,Coupe,N20B20U0,135,All Wheel-Drive,right,Europe,,
3P51,F32,BMW,425d,Coupe,N47D20T1,160,Rear-Wheel Drive,left,Europe,,
3P52,F32,BMW,425d,Coupe,N47D20T1,160,Rear-Wheel Drive,right,Europe,,
3N31,F32,BMW,428i,Coupe,N20B20O0,180,Rear-Wheel Drive,left,Europe,,
3N32,F32,BMW,428i,Coupe,N20B20O0,180,Rear-Wheel Drive,right,Europe,,
3N33,F32,BMW,428i,Coupe,N20B20O0,180,Rear-Wheel Drive,left,USA,,
3N71,F32,BMW,428i,Coupe,N26B20O0,180,Rear-Wheel Drive,left,Europe,,
3N73,F32,BMW,428i,Coupe,N26B20O0,180,Rear-Wheel Drive,left,USA,,
3N51,F32,BMW,428i xDrive,Coupe,N20B20O0,180,All Wheel-Drive,left,Europe,,
3N53,F32,BMW,428i xDrive,Coupe,N20B20O0,180,All Wheel-Drive,left,USA,,
3N93,F32,BMW,428i xDrive,Coupe,N26B20O0,180,All Wheel-Drive,left,USA,,
3P71,F32,BMW,430d,Coupe,N57D30O1,190,Rear-Wheel Drive,left,Europe,,
3P72,F32,BMW,430d,Coupe,N57D30O1,190,Rear-Wheel Drive,right,Europe,,
3S31,F32,BMW,430d xDrive,Coupe,N57D30O1,190,All Wheel-Drive,left,Europe,,
3S32,F32,BMW,430d xDrive,Coupe,N57D30O1,190,All Wheel-Drive,right,Europe,,
3S91,F32,BMW,435d xDrive,Coupe,N57D30T1,230,All Wheel-Drive,left,Europe,,
3S92,F32,BMW,435d xDrive,Coupe,N57D30T1,230,All Wheel-Drive,right,Europe,,
3R11,F32,BMW,435i,Coupe,N55B30M0,225,Rear-Wheel Drive,left,Europe,,
3R12,F32,BMW,435i,Coupe,N55B30M0,225,Rear-Wheel Drive,right,Europe,,
3R13,F32,BMW,435i,Coupe,N55B30M0,225,Rear-Wheel Drive,left,USA,,
3R51,F32,BMW,435i xDrive,Coupe,N55B30M0,225,All Wheel-Drive,left,Europe,,
3R53,F32,BMW,435i xDrive,Coupe,N55B30M0,225,All Wheel-Drive,left,USA,,
3U11,F33,BMW,420d,Convertible,N47D20O1,135,Rear-Wheel Drive,left,Europe,,
3U12,F33,BMW,420d,Convertible,N47D20O1,135,Rear-Wheel Drive,right,Europe,,
4U31,F33,BMW,420d,Convertible,B47D20O0,140,Rear-Wheel Drive,left,Europe,,
4U32,F33,BMW,420d,Convertible,B47D20O0,140,Rear-Wheel Drive,right,Europe,,
3V11,F33,BMW,420i,Convertible,N20B20U0,135,Rear-Wheel Drive,left,Europe,,
3V12,F33,BMW,420i,Convertible,N20B20U0,135,Rear-Wheel Drive,right,Europe,,
3U31,F33,BMW,425d,Convertible,N47D20T1,160,Rear-Wheel Drive,left,Europe,,
3U32,F33,BMW,425d,Convertible,N47D20T1,160,Rear-Wheel Drive,right,Europe,,
3V31,F33,BMW,428i,Convertible,N20B20O0,180,Rear-Wheel Drive,left,Europe,,
3V32,F33,BMW,428i,Convertible,N20B20O0,180,Rear-Wheel Drive,right,Europe,,
3V53,F33,BMW,428i,Convertible,N20B20O0,180,Rear-Wheel Drive,left,USA,,
3V71,F33,BMW,428i,Convertible,N26B20O0,180,Rear-Wheel Drive,left,Europe,,
3V73,F33,BMW,428i,Convertible,N26B20O0,180,Rear-Wheel Drive,left,USA,,
3T13,F33,BMW,428i xDrive,Convertible,N26B20O0,180,All Wheel-Drive,left,USA,,
3V51,F33,BMW,428i xDrive,Convertible,N20B20O0,180,All Wheel-Drive,left,Europe,,
3V93,F33,BMW,428i xDrive,Convertible,N20B20O0,180,All Wheel-Drive,left,USA,,
3U51,F33,BMW,430d,Convertible,N57D30O1,190,Rear-Wheel Drive,left,Europe,,
3U52,F33,BMW,430d,Convertible,N57D30O1,190,Rear-Wheel Drive,right,Europe,,
4T11,F33,BMW,435d xDrive,Convertible,N57D30T1,230,All Wheel-Drive,left,Europe,,
4T12,F33,BMW,435d xDrive,Convertible,N57D30T1,230,All Wheel-Drive,right,Europe,,
3T31,F33,BMW,435i,Convertible,N55B30M0,225,Rear-Wheel Drive,left,Europe,,
3T32,F33,BMW,435i,Convertible,N55B30M0,225,Rear-Wheel Drive,right,Europe,,
3T33,F33,BMW,435i,Convertible,N55B30M0,225,Rear-Wheel Drive,left,USA,,
3T71,F33,BMW,435i xDrive,Convertible,N55B30M0,225,All Wheel-Drive,left,Europe,,
3T73,F33,BMW,435i xDrive,Convertible,N55B30M0,225,All Wheel-Drive,left,USA,,
4U11,F33,BMW,440i Xdrive,Convertible,B58M,240,All Wheel-Drive,left,Europe,,
3Y11,F34,BMW,318d,Gran Turismo,N47D20U1,105,Rear-Wheel Drive,left,Europe,,
3Y12,F34,BMW,318d,Gran Turismo,N47D20U1,105,Rear-Wheel Drive,right,Europe,,
8Y51,F34,BMW,318d,Gran Turismo,B47U,110,Rear-Wheel Drive,left,Europe,,
8Y52,F34,BMW,318d,Gran Turismo,B47U,110,Rear-Wheel Drive,right,Europe,,
3Y31,F34,BMW,320d,Gran Turismo,N47D20O1,135,Rear-Wheel Drive,left,Europe,,
3Y32,F34,BMW,320d,Gran Turismo,N47D20O1,135,Rear-Wheel Drive,right,Europe,,
3Y34,F34,BMW,320d,Gran Turismo,N47D20O1,135,Rear-Wheel Drive,right,Thailand,,
3Y37,F34,BMW,320d,Gran Turismo,N47D20O1,135,Rear-Wheel Drive,right,Indien,,
8Y71,F34,BMW,320d,Gran Turismo,B47D20O0,140,Rear-Wheel Drive,left,Europe,,
8Y72,F34,BMW,320d,Gran Turismo,B47D20O0,140,Rear-Wheel Drive,right,Europe,,
8Y77,F34,BMW,320d,Gran Turismo,B47O,140,Rear-Wheel Drive,right,Indien,,
3Y51,F34,BMW,320d xDrive,Gran Turismo,N47D20O1,135,All Wheel-Drive,left,Europe,,
8Y91,F34,BMW,320d xDrive,Gran Turismo,B47D20O0,140,All Wheel-Drive,left,Europe,,
3X11,F34,BMW,320i,Gran Turismo,N20B20U0,135,Rear-Wheel Drive,left,Europe,,
3X12,F34,BMW,320i xDrive,Gran Turismo,N20B20U0,135,Rear-Wheel Drive,right,Europe,,
3Z71,F34,BMW,320i xDrive,Gran Turismo,N20B20U0,135,All Wheel-Drive,left,Europe,,
3Z72,F34,BMW,320i xDrive,Gran Turismo,N20B20U0,135,All Wheel-Drive,right,Europe,,
3Y71,F34,BMW,325d,Gran Turismo,N47D20T1,160,Rear-Wheel Drive,left,Europe,,
3Y72,F34,BMW,325d,Gran Turismo,N47D20T1,160,Rear-Wheel Drive,right,Europe,,
3X31,F34,BMW,328i,Gran Turismo,N20B20O0,180,Rear-Wheel Drive,left,Europe,,
3X32,F34,BMW,328i,Gran Turismo,N20B20O0,180,Rear-Wheel Drive,right,Europe,,
3X33,F34,BMW,328i,Gran Turismo,N20B20O0,180,Rear-Wheel Drive,left,USA,,
3X38,F34,BMW,328i,Gran Turismo,N20B20O0,180,Rear-Wheel Drive,right,Malaysia,,
8Z33,F34,BMW,328i,Gran Turismo,N26B20O0,180,Rear-Wheel Drive,left,USA,,
3X51,F34,BMW,328i xDrive,Gran Turismo,N20B20O0,180,All Wheel-Drive,left,Europe,,
3X53,F34,BMW,328i xDrive,Gran Turismo,N20B20O0,180,All Wheel-Drive,left,USA,,
8Z53,F34,BMW,328i xDrive,Gran Turismo,N26B20O0,180,All Wheel-Drive,left,USA,,
3Y91,F34,BMW,330d,Gran Turismo,N57D30O1,190,Rear-Wheel Drive,left,Europe,,
3Y92,F34,BMW,330d,Gran Turismo,N57D30O1,190,Rear-Wheel Drive,right,Europe,,
3Z51,F34,BMW,330d xDrive,Gran Turismo,N57D30O1,190,All Wheel-Drive,left,Europe,,
3Z52,F34,BMW,330d xDrive,Gran Turismo,N57D30O1,190,All Wheel-Drive,right,Europe,,
3Z91,F34,BMW,335d xDrive,Gran Turismo,N57D30T1,230,All Wheel-Drive,left,Europe,,
3Z92,F34,BMW,335d xDrive,Gran Turismo,N57D30T1,230,All Wheel-Drive,right,Europe,,
3X71,F34,BMW,335i,Gran Turismo,N55B30M0,225,Rear-Wheel Drive,left,Europe,,
3X72,F34,BMW,335i,Gran Turismo,N55B30M0,225,Rear-Wheel Drive,right,Europe,,
3X73,F34,BMW,335i,Gran Turismo,N55B30M0,225,Rear-Wheel Drive,left,USA,,
3X91,F34,BMW,335i xDrive,Gran Turismo,N55B30M0,225,All Wheel-Drive,left,Europe,,
3X93,F34,BMW,335i xDrive,Gran Turismo,N55B30M0,225,All Wheel-Drive,left,USA,,
3M01,F35,BMW,316Li,Sedan,N13B16U0,100,Rear-Wheel Drive,left,China,,
3M21,F35,BMW,320Li,Sedan,N20B20U0,135,Rear-Wheel Drive,left,China,,
3M41,F35,BMW,328Li,Sedan,N20B20O0,180,Rear-Wheel Drive,left,China,,
3M81,F35,BMW,328li xdrive,Sedan,N20B20O0,180,All Wheel-Drive,left,China,,
3M61,F35,BMW,335Li,Sedan,N55B30M0,225,Rear-Wheel Drive,left,China,,
8V31,F35 (MUE),BMW,320Li,Sedan,N20,135,Rear-Wheel Drive,left,China,,
8V51,F35 (MUE),BMW,328Li,Sedan,N20,180,Rear-Wheel Drive,left,China,,
8V71,F35 (MUE),BMW,328Li xDrive,Sedan,N20,180,All Wheel-Drive,left,China,,
4D51,F36,BMW,418d,Coupe,N47D20U1,105,Rear-Wheel Drive,left,Europe,,
4D52,F36,BMW,418d,Coupe,N47D20U1,105,Rear-Wheel Drive,right,Europe,,
4E71,F36,BMW,418d,Coupe,B47U,110,Rear-Wheel Drive,left,Europe,,
4E72,F36,BMW,418d,Coupe,B47U,110,Rear-Wheel Drive,right,Europe,,
4D11,F36,BMW,418i,Coupe,B38M,100,Rear-Wheel Drive,left,Europe,,
4B51,F36,BMW,420d,Coupe,N47D20O1,135,Rear-Wheel Drive,left,Europe,,
4B52,F36,BMW,420d,Coupe,N47D20O1,135,Rear-Wheel Drive,right,Europe,,
4E91,F36,BMW,420d,Coupe,B47D20O0,140,Rear-Wheel Drive,left,Europe,,
4E92,F36,BMW,420d,Coupe,B47D20O0,140,Rear-Wheel Drive,right,Europe,,
4B71,F36,BMW,420d xDrive,Coupe,N47D20O1,135,All Wheel-Drive,left,Europe,,
4C72,F36,BMW,420d xDrive,Coupe,N47D20O1,135,All Wheel-Drive,right,Europe,,
4F11,F36,BMW,420d xDrive,Coupe,B47O,140,All Wheel-Drive,left,Europe,,
4F12,F36,BMW,420d xdrive,Coupe,B47D20O0,140,All Wheel-Drive,right,Europe,,
4A11,F36,BMW,420i,Coupe,N20B20U0,135,Rear-Wheel Drive,left,Europe,,
4A12,F36,BMW,420i,Coupe,N20B20U0,135,Rear-Wheel Drive,right,Europe,,
4A31,F36,BMW,420i xDrive,Coupe,N20B20U0,135,All Wheel-Drive,left,Europe,,
4A32,F36,BMW,420i xDrive,Coupe,N20B20U0,135,All Wheel-Drive,right,Europe,,
4A51,F36,BMW,428i,Coupe,N20B20O0,180,Rear-Wheel Drive,left,Europe,,
4A52,F36,BMW,428i,Coupe,N20B20O0,180,Rear-Wheel Drive,right,Europe,,
4A53,F36,BMW,428i,Coupe,N20B20O0,180,Rear-Wheel Drive,left,USA,,
4A93,F36,BMW,428i,Coupe,N26B20O0,180,Rear-Wheel Drive,left,USA,,
4A71,F36,BMW,428i xDrive,Coupe,N20B20O0,180,All Wheel-Drive,left,Europe,,
4A73,F36,BMW,428i xDrive,Coupe,N20B20O0,180,All Wheel-Drive,left,USA,,
4C93,F36,BMW,428i xDrive,Coupe,N26B20O0,180,All Wheel-Drive,left,USA,,
4C11,F36,BMW,430d,Coupe,N57D30O1,190,Rear-Wheel Drive,left,Europe,,
4C12,F36,BMW,430d,Coupe,N57D30O1,190,Rear-Wheel Drive,right,Europe,,
4C31,F36,BMW,430d xDrive,Coupe,N57D30O1,190,All Wheel-Drive,left,Europe,,
4C32,F36,BMW,430d xDrive,Coupe,N57D30O1,190,All Wheel-Drive,right,Europe,,
4G11,F36,BMW,435d xDrive,Coupe,N57D30T1,230,All Wheel-Drive,left,Europe,,
4G12,F36,BMW,435d xDrive,Coupe,N57D30T1,230,All Wheel-Drive,right,Europe,,
4B11,F36,BMW,435i,Coupe,N55B30M0,225,Rear-Wheel Drive,left,Europe,,
4B12,F36,BMW,435i,Coupe,N55B30M0,225,Rear-Wheel Drive,right,Europe,,
4B13,F36,BMW,435i,Coupe,N55B30M0,225,Rear-Wheel Drive,left,USA,,
4B31,F36,BMW,435i xDrive,Coupe,N55B30M0,225,All Wheel-Drive,left,Europe,,
4B33,F36,BMW,435i xDrive,Coupe,N55B30M0,225,All Wheel-Drive,left,USA,,
2B11,F45,BMW,214d,Gran Turismo,B37C15K0,70,Front-Wheel Drive,left,Europe,,
2B12,F45,BMW,214d,Gran Turismo,B37C15K0,70,Front-Wheel Drive,right,Europe,,
2B31,F45,BMW,216d,Gran Turismo,B37C15U0,85,Front-Wheel Drive,left,Europe,,
2B32,F45,BMW,216d,Gran Turismo,B37C15U0,85,Front-Wheel Drive,right,Europe,,
2X71,F45,BMW,216i,Gran Turismo,B38U,75,Front-Wheel Drive,left,Europe,,
2X72,F45,BMW,216i,Gran Turismo,B38U,75,Front-Wheel Drive,right,Europe,,
2C11,F45,BMW,218d,Gran Turismo,B47C20U0,110,Front-Wheel Drive,left,Europe,,
2C12,F45,BMW,218d,Gran Turismo,B47C20U0,110,Front-Wheel Drive,right,Europe,,
2B91,F45,BMW,218d xDrive,Gran Turismo,B47U,110,All Wheel-Drive,left,Europe,,
2B92,F45,BMW,218d xDrive,Gran Turismo,B47U,110,All Wheel-Drive,right,Europe,,
2A31,F45,BMW,218i,Gran Turismo,B38A15M0,100,Front-Wheel Drive,left,Europe,,
2A32,F45,BMW,218i,Gran Turismo,B38A15M0,100,Front-Wheel Drive,right,Europe,,
2C31,F45,BMW,220d,Gran Turismo,B47C20O0,140,Front-Wheel Drive,left,Europe,,
2C32,F45,BMW,220d,Gran Turismo,B47C20O0,140,Front-Wheel Drive,right,Europe,,
2C51,F45,BMW,220d xDrive,Gran Turismo,B47C20O0,140,All Wheel-Drive,left,Europe,,
2C52,F45,BMW,220d xDrive,Gran Turismo,B47C20O0,140,All Wheel-Drive,right,Europe,,
2A51,F45,BMW,220i,Gran Turismo,B48A20M0,141,Front-Wheel Drive,left,Europe,,
2A52,F45,BMW,220i,Gran Turismo,B48A20M0,141,Front-Wheel Drive,right,Europe,,
2A71,F45,BMW,225i,Gran Turismo,B48A20O0,170,Front-Wheel Drive,left,Europe,,
2A72,F45,BMW,225i,Gran Turismo,B48A20O0,170,Front-Wheel Drive,right,Europe,,
2A91,F45,BMW,225i xDrive,Gran Turismo,B48A20O0,170,All Wheel-Drive,left,Europe,,
2A92,F45,BMW,225i xDrive,Gran Turismo,B48A20O0,170,All Wheel-Drive,right,Europe,,
2C71,F45,BMW,225xe,Gran Turismo,XB2H,165,All Wheel-Drive,left,Europe,,
2C72,F45,BMW,225xe,Gran Turismo,XB2H,165,All Wheel-Drive,right,Europe,,
2E11,F46,BMW,214d,,B37K,70,Front-Wheel Drive,left,Europe,,
2E12,F46,BMW,214d,,B37K,70,Front-Wheel Drive,right,Europe,,
2E31,F46,BMW,216d,,B37C15U0,85,Front-Wheel Drive,left,Europe,,
2E32,F46,BMW,216d,,B37C15U0,85,Front-Wheel Drive,right,Europe,,
2D91,F46,BMW,216i,,B38U,75,Front-Wheel Drive,left,Europe,,
2D92,F46,BMW,216i,,B38U,75,Front-Wheel Drive,right,Europe,,
2E51,F46,BMW,218d,,B47C20U0,110,Front-Wheel Drive,left,Europe,,
2E52,F46,BMW,218d,,B47C20U0,110,Front-Wheel Drive,right,Europe,,
2D31,F46,BMW,218i,,B38A15M0,100,Front-Wheel Drive,left,Europe,,
2D32,F46,BMW,218i,,B38A15M0,100,Front-Wheel Drive,right,Europe,,
2E71,F46,BMW,220d,,B47D20O0,140,Front-Wheel Drive,left,Europe,,
2E72,F46,BMW,220d,,B47D20O0,140,Front-Wheel Drive,right,Europe,,
2D71,F46,BMW,220d xDrive,,B47D20O0,140,All Wheel-Drive,left,Europe,,
2D72,F46,BMW,220d xDrive,,B47D20O0,140,All Wheel-Drive,right,Europe,,
2D51,F46,BMW,220i,,B48A20M0,141,Front-Wheel Drive,left,Europe,,
2D52,F46,BMW,220i,,B48A20M0,141,Front-Wheel Drive,right,Europe,,
HT51,F48,BMW,X1 Sdrive16d,Sports Activity Vehicle,B37U,85,Front-Wheel Drive,left,Europe,,
HT52,F48,BMW,X1 Sdrive16d,Sports Activity Vehicle,B37U,85,Front-Wheel Drive,right,Europe,,
HT71,F48,BMW,X1 sDrive18d,Sports Activity Vehicle,B47C20U0,110,Front-Wheel Drive,left,Europe,,
HT72,F48,BMW,X1 Sdrive18d,Sports Activity Vehicle,B47U,110,Front-Wheel Drive,right,Europe,,
HS11,F48,BMW,X1 Sdrive18i,Sports Activity Vehicle,B38M,100,Front-Wheel Drive,left,Europe,,
HS12,F48,BMW,X1 Sdrive18i,Sports Activity Vehicle,B38M,100,Front-Wheel Drive,right,Europe,,
HU11,F48,BMW,X1 sDrive20d,Sports Activity Vehicle,B47O,140,Front-Wheel Drive,left,Europe,,
HU12,F48,BMW,X1 Sdrive20d,Sports Activity Vehicle,B47O,140,Front-Wheel Drive,right,Europe,,
HS71,F48,BMW,X1 sDrive20i,Sports Activity Vehicle,B48M,141,Front-Wheel Drive,left,Europe,,
HS72,F48,BMW,X1 sDrive20i,Sports Activity Vehicle,B48M,141,Front-Wheel Drive,right,Europe,,
HU73,F48,BMW,X1 Sdrive28i,Sports Activity Vehicle,B46O,170,Front-Wheel Drive,left,USA,,
HT91,F48,BMW,X1 Xdrive18d,Sports Activity Vehicle,B47U,110,All Wheel-Drive,left,Europe,,
HT92,F48,BMW,X1 Xdrive18d,Sports Activity Vehicle,B47U,110,All Wheel-Drive,right,Europe,,
HU31,F48,BMW,X1 xDrive20d,Sports Activity Vehicle,B47C20O0,140,All Wheel-Drive,left,Europe,,
HU32,F48,BMW,X1 xDrive20d,Sports Activity Vehicle,B47C20O0,140,All Wheel-Drive,right,Europe,,
HS91,F48,BMW,X1 xDrive20i,Sports Activity Vehicle,B48M,141,All Wheel-Drive,left,Europe,,
HS92,F48,BMW,X1 xDrive20i,Sports Activity Vehicle,B48M,141,All Wheel-Drive,right,Europe,,
HU51,F48,BMW,X1 Xdrive25d,Sports Activity Vehicle,B47T,170,All Wheel-Drive,left,Europe,,
HU52,F48,BMW,X1 xDrive25d,Sports Activity Vehicle,B47T,170,All Wheel-Drive,right,Europe,,
HT11,F48,BMW,X1 xDrive25i,Sports Activity Vehicle,B48O,170,All Wheel-Drive,left,Europe,,
HT12,F48,BMW,X1 xDrive25i,Sports Activity Vehicle,B48O,170,All Wheel-Drive,right,Europe,,
HT33,F48,BMW,X1 xDrive28i,Sports Activity Vehicle,B46O,170,All Wheel-Drive,left,USA,,
HZ11,F49,BMW,X1 sDrive18Li,Sports Activity Vehicle,B38M,100,Front-Wheel Drive,left,China,,
HZ31,F49,BMW,X1 sDrive20Li,Sports Activity Vehicle,B48M,141,Front-Wheel Drive,left,China,,
HZ51,F49,BMW,X1 xDrive20Li,Sports Activity Vehicle,B48M,141,All Wheel-Drive,left,China,,
HY11,F49,BMW,X1 xDrive23e,Sports Activity Vehicle,XB2H,170,All Wheel-Drive,left,China,,
HZ71,F49,BMW,X1 xDrive25Li,Sports Activity Vehicle,B48O,170,All Wheel-Drive,left,China,,
3C91,F80,BMW,M3,Sedan,S55B30T0,317,Rear-Wheel Drive,left,Europe,,
3C92,F80,BMW,M3,Sedan,S55B30T0,317,Rear-Wheel Drive,right,Europe,,
3C93,F80,BMW,M3,Sedan,S55B30T0,317,Rear-Wheel Drive,left,USA,,
3R91,F82,BMW,M4,Coupe,S55B30T0,317,Rear-Wheel Drive,left,Europe,,
3R92,F82,BMW,M4,Coupe,S55B30T0,317,Rear-Wheel Drive,right,Europe,,
3R93,F82,BMW,M4,Coupe,S55B30T0,317,Rear-Wheel Drive,left,USA,,
4S91,F82,BMW,M4 Gts,Coupe,S55,368,Rear-Wheel Drive,left,Europe,,
4S93,F82,BMW,M4 Gts,Coupe,S55,368,Rear-Wheel Drive,left,USA,,
3U91,F83,BMW,M4,Convertible,S55B30T0,317,Rear-Wheel Drive,left,Europe,,
3U92,F83,BMW,M4,Convertible,S55B30T0,317,Rear-Wheel Drive,right,Europe,,
3U93,F83,BMW,M4,Convertible,S55B30T0,317,Rear-Wheel Drive,left,USA,,
KT61,F85,BMW,X5 M,Sports Activity Vehicle,S63B44T2,423,All Wheel-Drive,left,Europe,,
KT62,F85,BMW,X5 M,Sports Activity Vehicle,S63B44T2,423,All Wheel-Drive,right,Europe,,
KT63,F85,BMW,X5 M,Sports Activity Vehicle,S63B44T2,423,All Wheel-Drive,left,USA,,
KW81,F86,BMW,X6 M,Sports Activity Coupe,S63B44T2,423,All Wheel-Drive,left,Europe,,
KW82,F86,BMW,X6 M,Sports Activity Coupe,S63B44T2,423,All Wheel-Drive,right,Europe,,
KW83,F86,BMW,X6 M,Sports Activity Coupe,S63B44T2,423,All Wheel-Drive,left,USA,,
1H91,F87,BMW,M2,Coupe,N55B30T0,272,Rear-Wheel Drive,left,Europe,,
1H92,F87,BMW,M2,Coupe,N55B30T0,272,Rear-Wheel Drive,right,Europe,,
1H93,F87,BMW,M2,Coupe,N55B30T0,272,Rear-Wheel Drive,left,USA,,
7X41,G08,BMW,iX3,Sports Activity Vehicle,HA0001N0,210,Rear-Wheel Drive,left,Europe,,
7X42,G08,BMW,iX3,Sports Activity Vehicle,HA0001N0,210,Rear-Wheel Drive,right,Europe,,
41DU,G08 (MUE),BMW,iX3,Sports Activity Vehicle,HA0001N0,210,Rear-Wheel Drive,left,Europe,,
42DU,G08 (MUE),BMW,iX3,Sports Activity Vehicle,HA0001N0,210,Rear-Wheel Drive,right,Europe,,
21CS,G09,BMW,XM,Sports Activity Vehicle,XB1,480,All Wheel-Drive,left,Europe,,
22CS,G09,BMW,XM,Sports Activity Vehicle,XB1,480,All Wheel-Drive,right,Europe,,
23CS,G09,BMW,XM,Sports Activity Vehicle,XB1,480,All Wheel-Drive,left,USA,,
7C21,G11,BMW,730d,Sedan,B57D30O0,195,Rear-Wheel Drive,left,Europe,,
7C22,G11,BMW,730d,Sedan,B57D30O0,195,Rear-Wheel Drive,right,Europe,,
7C41,G11,BMW,730d xDrive,Sedan,B57D30O0,195,All Wheel-Drive,left,Europe,,
7C42,G11,BMW,730d xDrive,Sedan,B57D30O0,195,All Wheel-Drive,right,Europe,,
7C61,G11,BMW,740d xDrive,Sedan,B57D30T0,235,All Wheel-Drive,left,Europe,,
7C62,G11,BMW,740d xDrive,Sedan,B57D30T0,235,All Wheel-Drive,right,Europe,,
7A21,G11,BMW,740i,Sedan,B58B30M0,240,Rear-Wheel Drive,left,Europe,,
7A22,G11,BMW,740i,Sedan,B58B30M0,240,Rear-Wheel Drive,right,Europe,,
7A81,G11,BMW,750i,Sedan,N63B44O2,330,Rear-Wheel Drive,left,Europe,,
7A82,G11,BMW,750i,Sedan,N63B44O2,330,Rear-Wheel Drive,right,Europe,,
7B01,G11,BMW,750i xDrive,Sedan,N63B44O2,330,All Wheel-Drive,left,Europe,,
7B03,G11,BMW,750i xDrive,Sedan,N63B44O2,330,All Wheel-Drive,left,USA,,
7G41,G12,BMW,730Ld,Sedan,B57D30O0,195,Rear-Wheel Drive,left,Europe,,
7G42,G12,BMW,730Ld,Sedan,B57D30O0,195,Rear-Wheel Drive,right,Europe,,
7G44,G12,BMW,730Ld,Sedan,B57D30O0,195,Rear-Wheel Drive,right,Thailand,,
7G61,G12,BMW,730Ld xDrive,Sedan,B57D30O0,195,All Wheel-Drive,left,Europe,,
7G81,G12,BMW,740Ld xDrive,Sedan,B57D30T0,235,All Wheel-Drive,left,Europe,,
7G82,G12,BMW,740Ld xDrive,Sedan,B57D30T0,235,All Wheel-Drive,right,Europe,,
7E21,G12,BMW,740Li,Sedan,B58B30M0,240,Rear-Wheel Drive,left,Europe,,
7E22,G12,BMW,740Li,Sedan,B58B30M0,240,Rear-Wheel Drive,right,Europe,,
7E23,G12,BMW,740Li,Sedan,B58B30M0,240,Rear-Wheel Drive,left,USA,,
7F01,G12,BMW,750Li,Sedan,N63B44O2,330,Rear-Wheel Drive,left,Europe,,
7F02,G12,BMW,750Li,Sedan,N63B44O2,330,Rear-Wheel Drive,right,Europe,,
7F03,G12,BMW,750Li,Sedan,N63B44O2,330,Rear-Wheel Drive,left,USA,,
7F21,G12,BMW,750Li xDrive,Sedan,N63B44O2,330,All Wheel-Drive,left,Europe,,
7F23,G12,BMW,750Li xDrive,Sedan,N63B44O2,330,All Wheel-Drive,left,USA,,
71AW,G26,BMW,i4 eDrive40,Coupe,HA0001N0,250,Rear-Wheel Drive,left,Europe,,
72AW,G26,BMW,i4 eDrive40,Coupe,HA0001N0,250,Rear-Wheel Drive,right,Europe,,
31AW,G26,BMW,i4 M50,Coupe,XE2A02N0,400,All Wheel-Drive,left,Europe,,
32AW,G26,BMW,i4 M50,Coupe,XE2A02N0,400,All Wheel-Drive,right,Europe,,
HF51,G29,BMW,Z4 M40i,Roadster,B58C,,Rear-Wheel Drive,left,Europe,,
JC31,G30,BMW,520d,Sedan,B47D20O0,140,Rear-Wheel Drive,left,Europe,,
JC32,G30,BMW,520d,Sedan,B47D20O0,140,Rear-Wheel Drive,right,Europe,,
JE31,G30,BMW,520d EfficientDynamics Edition,Sedan,B47O,140,Rear-Wheel Drive,left,Europe,,
JC51,G30,BMW,520d xDrive,Sedan,B47D20O0,140,All Wheel-Drive,left,Europe,,
JC52,G30,BMW,520d xDrive,Sedan,B47D20O0,140,All Wheel-Drive,right,Europe,,
JC91,G30,BMW,530d,Sedan,B57D30O0,195,Rear-Wheel Drive,left,Europe,,
JC92,G30,BMW,530d,Sedan,B57D30O0,195,Rear-Wheel Drive,right,Europe,,
JD11,G30,BMW,530d xDrive,Sedan,B57D30O0,195,All Wheel-Drive,left,Europe,,
JD12,G30,BMW,530d xDrive,Sedan,B57D30O0,195,All Wheel-Drive,right,Europe,,
JA51,G30,BMW,530i,Sedan,B48O,185,Rear-Wheel Drive,left,Europe,,
JA52,G30,BMW,530i,Sedan,B48O,185,Rear-Wheel Drive,right,Europe,,
JA53,G30,BMW,530i,Sedan,B46O,185,Rear-Wheel Drive,left,USA,,
JD31,G30,BMW,530i,Sedan,B46O,185,Rear-Wheel Drive,left,Europe,,
JA71,G30,BMW,530i xDrive,Sedan,B48O,185,All Wheel-Drive,left,Europe,,
JA73,G30,BMW,530i xDrive,Sedan,B46O,185,All Wheel-Drive,left,USA,,
JD91,G30,BMW,530i xDrive,Sedan,B46O,185,All Wheel-Drive,left,Europe,,
JD13,G30,BMW,540d xDrive,Sedan,B57D30O0,195,All Wheel-Drive,left,USA,,
JB31,G30,BMW,540i,Sedan,B58B30M0,240,Rear-Wheel Drive,left,Europe,,
JB32,G30,BMW,540i,Sedan,B58B30M0,240,Rear-Wheel Drive,right,Europe,,
JE53,G30,BMW,540i,Sedan,B58B30M0,240,Rear-Wheel Drive,left,USA,,
JB51,G30,BMW,540i xDrive,Sedan,B58B30M0,240,All Wheel-Drive,left,Europe,,
JB52,G30,BMW,540i xDrive,Sedan,B58B30M0,240,All Wheel-Drive,right,Europe,,
JE73,G30,BMW,540i xDrive,Sedan,B58B30M0,240,All Wheel-Drive,left,USA,,
JB91,G30,BMW,M550i xDrive,Sedan,N63R,340,All Wheel-Drive,left,Europe,,
JB93,G30,BMW,M550i xDrive,Sedan,N63R,340,All Wheel-Drive,left,USA,,
11DM,G87,BMW,M2,Coupe,S58B30T0,338,Rear-Wheel Drive,left,Europe,,
12DM,G87,BMW,M2,Coupe,S58B30T0,338,Rear-Wheel Drive,right,Europe,,
13DM,G87,BMW,M2,Coupe,S58B30T0,338,Rear-Wheel Drive,left,USA,,
1Z21,I01,BMW,i3,Hatchback,IB1,125,Rear-Wheel Drive,left,Europe,,
1Z22,I01,BMW,i3,Hatchback,IB1,125,Rear-Wheel Drive,right,Europe,,
1Z23,I01,BMW,i3,Hatchback,IB1,125,Rear-Wheel Drive,left,USA,,
1Z41,I01,BMW,i3 REX,Hatchback,IB1,125,Rear-Wheel Drive,left,Europe,,
1Z42,I01,BMW,i3 REX,Hatchback,IB1,125,Rear-Wheel Drive,right,Europe,,
1Z43,I01,BMW,i3 REX,Hatchback,IB1,125,Rear-Wheel Drive,left,USA,,
2Z21,I12,BMW,i8,Coupe,B38K15T0,170,All Wheel-Drive,left,Europe,,
2Z22,I12,BMW,i8,Coupe,B38K15T0,170,All Wheel-Drive,right,Europe,,
2Z23,I12,BMW,i8,Coupe,B38K15T0,170,All Wheel-Drive,left,USA,,
11CF,I20,BMW,iX xDrive40,,XE2A01N0,240,All Wheel-Drive,left,Europe,,
12CF,I20,BMW,iX xDrive40,,XE2A01N0,240,All Wheel-Drive,right,Europe,,
21CF,I20,BMW,iX xDrive50,,XE2A01N0,385,All Wheel-Drive,left,Europe,,
22CF,I20,BMW,iX xDrive50,,XE2A01N0,385,All Wheel-Drive,right,Europe,,
RA11,R50 (1),MINI,MINI ONE,Coupe,W10,55,Front-Wheel Drive,left,Europe,2002-02,2004-12
RA31,R50 (1),MINI,MINI ONE,Coupe,W10,66,Front-Wheel Drive,left,Europe,2000-10,2006-11
RA32,R50 (1),MINI,MINI ONE,Coupe,W10,66,Front-Wheel Drive,right,Europe,2000-09,2006-11
RB11,R50 (1),MINI,MINI ONE,Coupe,W17,65,Front-Wheel Drive,left,Europe,2002-06,2006-07
RB12,R50 (1),MINI,MINI ONE,Coupe,W17,65,Front-Wheel Drive,right,Europe,2002-07,2006-07
RC31,R50 (2),MINI,COOPER,Coupe,W10,85,Front-Wheel Drive,left,Europe,2000-09,2006-11
RC32,R50 (2),MINI,COOPER,Coupe,W10,85,Front-Wheel Drive,right,Europe,2000-09,2006-11
RC33,R50 (2),MINI,COOPER,Coupe,W10,85,Front-Wheel Drive,left,USA,2000-10,2006-11
RF31,R52,MINI,COOPER,Convertible,W10,85,Front-Wheel Drive,left,Europe,2002-11,2008-07
RF32,R52,MINI,COOPER,Convertible,W10,85,Front-Wheel Drive,right,Europe,2003-03,2008-07
RF33,R52,MINI,COOPER,Convertible,W10,85,Front-Wheel Drive,left,USA,2003-03,2008-07
RH31,R52,MINI,COOPER S,Convertible,W11,125,Front-Wheel Drive,left,Europe,2002-11,2008-07
RH32,R52,MINI,COOPER S,Convertible,W11,125,Front-Wheel Drive,right,Europe,2003-07,2008-07
RH33,R52,MINI,COOPER S,Convertible,W11,125,Front-Wheel Drive,left,USA,2003-01,2008-07
RD31,R52,MINI,MINI ONE,Convertible,W10,66,Front-Wheel Drive,left,Europe,2003-01,2008-07
RD32,R52,MINI,MINI ONE,Convertible,W10,66,Front-Wheel Drive,right,Europe,2003-11,2008-07
RE31,R53,MINI,COOPER S,Coupe,W11,125,Front-Wheel Drive,left,Europe,2000-10,2006-11
RE32,R53,MINI,COOPER S,Coupe,W11,125,Front-Wheel Drive,right,Europe,2000-10,2006-11
RE33,R53,MINI,COOPER S,Coupe,W11,125,Front-Wheel Drive,left,USA,2000-09,2006-11
RE91,R53,MINI,COOPER S,Coupe,W11,160,Front-Wheel Drive,left,Europe,,
RE92,R53,MINI,COOPER S,Coupe,W11,160,Front-Wheel Drive,right,Europe,,
RE93,R53,MINI,COOPER S,Coupe,W11,160,Front-Wheel Drive,left,USA,,
ML31,R55,MINI,COOPER,Hatchback,N12,88,Front-Wheel Drive,left,Europe,2006-10,2010-02
ML32,R55,MINI,COOPER,Hatchback,N12,88,Front-Wheel Drive,right,Europe,2006-10,2010-02
ML33,R55,MINI,COOPER,Hatchback,N12,88,Front-Wheel Drive,left,USA,2006-10,2010-02
MN51,R55,MINI,COOPER D,Hatchback,W16,80,Front-Wheel Drive,left,Europe,2006-11,2010-02
MN52,R55,MINI,COOPER D,Hatchback,W16,80,Front-Wheel Drive,right,Europe,2007-02,2010-02
MM31,R55,MINI,COOPER S,Hatchback,N14,128,Front-Wheel Drive,left,Europe,2006-10,2010-02
MM32,R55,MINI,COOPER S,Hatchback,N14,128,Front-Wheel Drive,right,Europe,2006-11,2010-02
MM33,R55,MINI,COOPER S,Hatchback,N14,128,Front-Wheel Drive,left,USA,2006-11,2010-02
MH31,R55,MINI,MINI ONE,Hatchback,N12,70,Front-Wheel Drive,left,Europe,2008-08,2010-02
MH32,R55,MINI,Mini One,Hatchback,N12,70,Front-Wheel Drive,right,Europe,2008-09,2010-02
MM91,R55 (JCW),MINI,COOPER S,Hatchback,N14,155,Front-Wheel Drive,left,Europe,,
MM92,R55 (JCW),MINI,Cooper S,Hatchback,N14,155,Front-Wheel Drive,right,Europe,,
MM93,R55 (JCW),MINI,COOPER S,Hatchback,N14,155,Front-Wheel Drive,left,USA,,
ZG91,R55 (JCW),MINI,JOHN COO,Hatchback,N14,155,Front-Wheel Drive,left,Europe,,
ZG92,R55 (JCW),MINI,JOHN COO,Hatchback,N14,155,Front-Wheel Drive,right,Europe,,
ZG93,R55 (JCW),MINI,JOHN COO,Hatchback,N14,155,Front-Wheel Drive,left,USA,,
MH91,R55 (JCW),MINI,John Cooper Works,Hatchback,N18B16T0,155,Front-Wheel Drive,left,Europe,,
MH92,R55 (JCW),MINI,John Cooper Works,Hatchback,N18B16T0,155,Front-Wheel Drive,right,Europe,,
MH93,R55 (JCW),MINI,John Cooper Works,Hatchback,N18B16T0,155,Front-Wheel Drive,left,USA,,
ZF31,R55 (MUE),MINI,COOPER,Hatchback,N16B16M0,90,Front-Wheel Drive,left,Europe,2009-03,2009-11
ZF32,R55 (MUE),MINI,COOPER,Hatchback,N16B16M0,90,Front-Wheel Drive,right,Europe,2009-09,2009-09
ZF33,R55 (MUE),MINI,COOPER,Hatchback,N16B16M0,90,Front-Wheel Drive,left,USA,,
XE51,R55 (MUE),MINI,Cooper D,Hatchback,N47C16U1,82,Front-Wheel Drive,left,Europe,,
XE52,R55 (MUE),MINI,Cooper D,Hatchback,N47C16U1,82,Front-Wheel Drive,right,Europe,,
ZH51,R55 (MUE),MINI,Cooper D,Hatchback,N47C16U1,82,Front-Wheel Drive,left,Europe,,
ZH52,R55 (MUE),MINI,Cooper D,Hatchback,N47C16U1,82,Front-Wheel Drive,right,Europe,,
ZG31,R55 (MUE),MINI,COOPER S,Hatchback,N18B16M0,135,Front-Wheel Drive,left,Europe,2009-06,2009-11
ZG32,R55 (MUE),MINI,COOPER S,Hatchback,N18B16M0,135,Front-Wheel Drive,right,Europe,2009-09,2009-09
ZG33,R55 (MUE),MINI,COOPER S,Hatchback,N18B16M0,135,Front-Wheel Drive,left,USA,,
ZH71,R55 (MUE),MINI,Cooper SD,Hatchback,N47C20U1,105,Front-Wheel Drive,left,Europe,,
ZH72,R55 (MUE),MINI,Cooper SD,Hatchback,N47C20U1,105,Front-Wheel Drive,right,Europe,,
ZE31,R55 (MUE),MINI,MINI ONE,Hatchback,N16B16U0,72,Front-Wheel Drive,left,Europe,2009-03,2009-10
ZE32,R55 (MUE),MINI,MINI ONE,Hatchback,N16B16U0,72,Front-Wheel Drive,right,Europe,2009-09,2009-09
ZH11,R55 (MUE),MINI,One D,Hatchback,N47C16K1,66,Front-Wheel Drive,left,Europe,,
ZH12,R55 (MUE),MINI,One D,Hatchback,N47C16K1,66,Front-Wheel Drive,right,Europe,,
MF31,R56,MINI,COOPER,Coupe,N12,88,Front-Wheel Drive,left,Europe,2005-10,2010-02
MF32,R56,MINI,COOPER,Coupe,N12,88,Front-Wheel Drive,right,Europe,2005-11,2010-02
MF33,R56,MINI,COOPER,Coupe,N12,88,Front-Wheel Drive,left,USA,2005-11,2010-02
MG31,R56,MINI,COOPER D,Coupe,W16,80,Front-Wheel Drive,left,Europe,,
MG32,R56,MINI,COOPER D,Coupe,W16,80,Front-Wheel Drive,right,Europe,,
MF71,R56,MINI,COOPER S,Coupe,N14,128,Front-Wheel Drive,left,Europe,2005-11,2010-02
MF72,R56,MINI,COOPER S,Coupe,N14,128,Front-Wheel Drive,right,Europe,2005-11,2010-02
MF73,R56,MINI,COOPER S,Coupe,N14,128,Front-Wheel Drive,left,USA,2005-11,2010-02
ME31,R56,MINI,MINI ONE,Coupe,N12,70,Front-Wheel Drive,left,Europe,,
ME32,R56,MINI,MINI ONE,Coupe,N12,70,Front-Wheel Drive,right,Europe,,
MG52,R56,MINI,one,Coupe,W16,66,Front-Wheel Drive,right,Europe,2009-06,2009-06
MG51,R56,MINI,ONE D,Coupe,W16,66,Front-Wheel Drive,left,Europe,2009-06,2010-02
MF74,R56 (BEV),MINI,COOPER S,Coupe,I15,140,Front-Wheel Drive,left,USA,2008-06,2009-05
MF91,R56 (JCW),MINI,COOPER S,Coupe,N14,155,Front-Wheel Drive,left,Europe,,
MF92,R56 (JCW),MINI,COOPER S,Coupe,N14,155,Front-Wheel Drive,right,Europe,,
MF93,R56 (JCW),MINI,COOPER S,Coupe,N14,155,Front-Wheel Drive,left,USA,,
SV91,R56 (JCW),MINI,JOHN COO,Coupe,N14,155,Front-Wheel Drive,left,Europe,,
SV92,R56 (JCW),MINI,JOHN COO,Coupe,N14,155,Front-Wheel Drive,right,Europe,,
SV93,R56 (JCW),MINI,JOHN COO,Coupe,N14,155,Front-Wheel Drive,left,USA,,
SU91,R56 (JCW),MINI,John Cooper Works,Coupe,N18B16T0,155,Front-Wheel Drive,left,Europe,,
SU92,R56 (JCW),MINI,John Cooper Works,Coupe,N18B16T0,155,Front-Wheel Drive,right,Europe,,
SU93,R56 (JCW),MINI,John Cooper Works,Coupe,N18B16T0,155,Front-Wheel Drive,left,USA,,
SU31,R56 (MUE),MINI,COOPER,Coupe,N16B16M0,90,Front-Wheel Drive,left,Europe,2009-05,2009-11
SU32,R56 (MUE),MINI,COOPER,Coupe,N16B16M0,90,Front-Wheel Drive,right,Europe,2009-09,2009-09
SU33,R56 (MUE),MINI,COOPER,Coupe,N16B16M0,90,Front-Wheel Drive,left,USA,,
SW31,R56 (MUE),MINI,Cooper D,Coupe,N47C16U1,82,Front-Wheel Drive,left,Europe,,
SW32,R56 (MUE),MINI,Cooper D,Coupe,N47C16U1,82,Front-Wheel Drive,right,Europe,,
SW51,R56 (MUE),MINI,Cooper D,Coupe,N47C16U1,82,Front-Wheel Drive,left,Europe,,
SW52,R56 (MUE),MINI,Cooper D,Coupe,N47C16U1,82,Front-Wheel Drive,right,Europe,,
SV31,R56 (MUE),MINI,COOPER S,Coupe,N18B16M0,135,Front-Wheel Drive,left,Europe,2009-07,2009-11
SV32,R56 (MUE),MINI,COOPER S,Coupe,N18B16M0,135,Front-Wheel Drive,right,Europe,2009-09,2009-10
SV33,R56 (MUE),MINI,COOPER S,Coupe,N18B16M0,135,Front-Wheel Drive,left,USA,,
SW71,R56 (MUE),MINI,Cooper SD,Coupe,N47C20U1,105,Front-Wheel Drive,left,Europe,,
SW72,R56 (MUE),MINI,Cooper SD,Coupe,N47C20U1,105,Front-Wheel Drive,right,Europe,,
SR31,R56 (MUE),MINI,MINI ONE,Coupe,N16B16U0,72,Front-Wheel Drive,left,Europe,2009-03,2009-11
SR32,R56 (MUE),MINI,MINI ONE,Coupe,N16B16U0,72,Front-Wheel Drive,right,Europe,2009-07,2009-09
SR51,R56 (MUE),MINI,MINI ONE,Coupe,N16B16U0,72,Front-Wheel Drive,left,Europe,2009-09,2009-11
SR52,R56 (MUE),MINI,MINI ONE,Coupe,N16B16U0,72,Front-Wheel Drive,right,Europe,2009-11,2009-11
SR11,R56 (MUE),MINI,MINI ONE MINIMALISM,Coupe,N16B16K0,55,Front-Wheel Drive,left,Europe,2009-07,2009-09
SR12,R56 (MUE),MINI,MINI ONE MINIMALISM,Coupe,N16B16K0,55,Front-Wheel Drive,right,Europe,,
SR81,R56 (MUE),MINI,MINI ONE MINIMALISM,Coupe,N16B16K0,55,Front-Wheel Drive,left,Europe,,
SR82,R56 (MUE),MINI,MINI ONE MINIMALISM,Coupe,N16B16K0,55,Front-Wheel Drive,right,Europe,2009-11,2009-11
SW11,R56 (MUE),MINI,One D,Coupe,N47C16K1,66,Front-Wheel Drive,left,Europe,,
SW12,R56 (MUE),MINI,One D,Coupe,N47C16K1,66,Front-Wheel Drive,right,Europe,,
MR31,R57,MINI,COOPER,Convertible,N12,88,Front-Wheel Drive,left,Europe,2007-10,2010-02
MR32,R57,MINI,COOPER,Convertible,N12,88,Front-Wheel Drive,right,Europe,2008-04,2010-02
MR33,R57,MINI,COOPER,Convertible,N12,88,Front-Wheel Drive,left,USA,2007-11,2010-02
MS31,R57,MINI,COOPER S,Convertible,N14,128,Front-Wheel Drive,left,Europe,2007-11,2010-02
MS32,R57,MINI,COOPER S,Convertible,N14,128,Front-Wheel Drive,right,Europe,2007-11,2010-02
MS33,R57,MINI,COOPER S,Convertible,N14,128,Front-Wheel Drive,left,USA,2007-11,2010-02
MS91,R57 (JCW),MINI,COOPER S,Convertible,N14,155,Front-Wheel Drive,left,Europe,2008-08,2010-02
MS92,R57 (JCW),MINI,cooper s,Convertible,N14,155,Front-Wheel Drive,right,Europe,2008-08,2010-02
MS93,R57 (JCW),MINI,COOPER S,Convertible,N14,155,Front-Wheel Drive,left,USA,2008-08,2010-02
ZP91,R57 (JCW),MINI,JOHN COO,Convertible,N14,155,Front-Wheel Drive,left,Europe,,
ZP93,R57 (JCW),MINI,JOHN COO,Convertible,N14,155,Front-Wheel Drive,left,USA,,
ZP92,R57 (JCW),MINI,john cooper work,Convertible,N14,155,Front-Wheel Drive,right,Europe,,
MR91,R57 (JCW),MINI,John Cooper Works,Convertible,N18B16T0,155,Front-Wheel Drive,left,Europe,,
MR92,R57 (JCW),MINI,John Cooper Works,Convertible,N18B16T0,155,Front-Wheel Drive,right,Europe,,
MR93,R57 (JCW),MINI,John Cooper Works,Convertible,N18B16T0,155,Front-Wheel Drive,left,USA,,
ZN31,R57 (MUE),MINI,COOPER,Convertible,N16B16M0,90,Front-Wheel Drive,left,Europe,2009-09,2009-11
ZN32,R57 (MUE),MINI,COOPER,Convertible,N16B16M0,90,Front-Wheel Drive,right,Europe,2009-09,2009-09
ZN33,R57 (MUE),MINI,COOPER,Convertible,N16B16M0,90,Front-Wheel Drive,left,USA,,
XF31,R57 (MUE),MINI,Cooper D,Convertible,N47C16U1,82,Front-Wheel Drive,left,Europe,,
XF32,R57 (MUE),MINI,Cooper D,Convertible,N47C16U1,82,Front-Wheel Drive,right,Europe,,
ZR31,R57 (MUE),MINI,Cooper D,Convertible,N47C16U1,82,Front-Wheel Drive,left,Europe,,
ZR32,R57 (MUE),MINI,Cooper D,Convertible,N47C16U1,82,Front-Wheel Drive,right,Europe,,
ZP31,R57 (MUE),MINI,COOPER S,Convertible,N18B16M0,135,Front-Wheel Drive,left,Europe,2009-06,2009-11
ZP32,R57 (MUE),MINI,COOPER S,Convertible,N18B16M0,135,Front-Wheel Drive,right,Europe,2009-08,2009-09
ZP33,R57 (MUE),MINI,COOPER S,Convertible,N18B16M0,135,Front-Wheel Drive,left,USA,,
ZR71,R57 (MUE),MINI,Cooper SD,Convertible,N47C20U1,105,Front-Wheel Drive,left,Europe,,
ZR72,R57 (MUE),MINI,Cooper SD,Convertible,N47C20U1,105,Front-Wheel Drive,right,Europe,,
ZM31,R57 (MUE),MINI,MINI ONE,Convertible,N16B16U0,72,Front-Wheel Drive,left,Europe,2009-09,2009-11
ZM32,R57 (MUE),MINI,MINI ONE,Convertible,N16B16U0,72,Front-Wheel Drive,right,Europe,2009-09,2009-09
SX11,R58,MINI,COOPER,Sports Activity Coupe,N16B16M0,90,Front-Wheel Drive,left,Europe,,
SX12,R58,MINI,COOPER,Sports Activity Coupe,N16,90,Front-Wheel Drive,right,Europe,,
SX13,R58,MINI,COOPER,Sports Activity Coupe,N16,90,Front-Wheel Drive,left,USA,,
SX31,R58,MINI,COOPER S,Sports Activity Coupe,N18B16M0,135,Front-Wheel Drive,left,Europe,,
SX32,R58,MINI,COOPER S,Sports Activity Coupe,N18B16M0,135,Front-Wheel Drive,right,Europe,,
SX33,R58,MINI,COOPER S,Sports Activity Coupe,N18B16M0,135,Front-Wheel Drive,left,USA,,
SX71,R58,MINI,Cooper SD,Sports Activity Coupe,N47C20U1,105,Front-Wheel Drive,left,Europe,,
SX72,R58,MINI,Cooper SD,Sports Activity Coupe,N47C20U1,105,Front-Wheel Drive,right,Europe,,
SX51,R58 (JCW),MINI,JCW,Sports Activity Coupe,N14,155,Front-Wheel Drive,left,Europe,,
SX52,R58 (JCW),MINI,JCW,Sports Activity Coupe,N14,155,Front-Wheel Drive,right,Europe,,
SX53,R58 (JCW),MINI,JCW US,Sports Activity Coupe,N14,155,Front-Wheel Drive,left,USA,,
SX91,R58 (JCW),MINI,John Cooper Works,Sports Activity Coupe,N18B16T0,155,Front-Wheel Drive,left,Europe,,
SX92,R58 (JCW),MINI,John Cooper Works,Sports Activity Coupe,N18B16T0,155,Front-Wheel Drive,right,Europe,,
SX93,R58 (JCW),MINI,John Cooper Works,Sports Activity Coupe,N18B16T0,155,Front-Wheel Drive,left,USA,,
SY11,R59,MINI,COOPER,Roadster,N16B16M0,90,Front-Wheel Drive,left,Europe,,
SY12,R59,MINI,Cooper,Roadster,N16,90,Front-Wheel Drive,right,Europe,,
SY13,R59,MINI,COOPER,Roadster,N16,90,Front-Wheel Drive,left,USA,,
SY31,R59,MINI,COOPER S,Roadster,N18B16M0,135,Front-Wheel Drive,left,Europe,,
SY32,R59,MINI,COOPER S,Roadster,N18B16M0,135,Front-Wheel Drive,right,Europe,,
SY33,R59,MINI,COOPER S,Roadster,N18B16M0,135,Front-Wheel Drive,left,USA,,
SY71,R59,MINI,Cooper SD,Roadster,N47C20U1,105,Front-Wheel Drive,left,Europe,,
SY72,R59,MINI,Cooper SD,Roadster,N47C20U1,105,Front-Wheel Drive,right,Europe,,
SY53,R59 (JCW),MINI,jc,Roadster,N14,155,Front-Wheel Drive,left,USA,,
SY51,R59 (JCW),MINI,JCW,Roadster,N14,155,Front-Wheel Drive,left,Europe,,
SY52,R59 (JCW),MINI,JCW,Roadster,N14,155,Front-Wheel Drive,right,Europe,,
SY91,R59 (JCW),MINI,John Cooper Works,Roadster,N18B16T0,155,Front-Wheel Drive,left,Europe,,
SY92,R59 (JCW),MINI,John Cooper Works,Roadster,N18B16T0,155,Front-Wheel Drive,right,Europe,,
SY93,R59 (JCW),MINI,John Cooper Works,Roadster,N18B16T0,155,Front-Wheel Drive,left,USA,,
EC78,R60,MINI,coope,Sports Activity Vehicle,N16,90,Front-Wheel Drive,right,Malaysia,,
EC74,R60,MINI,Cooper,Sports Activity Vehicle,N16,90,Front-Wheel Drive,right,Thailand,,
ZB31,R60,MINI,COOPER,Sports Activity Vehicle,N16B16M0,90,Front-Wheel Drive,left,Europe,,
ZB32,R60,MINI,COOPER,Sports Activity Vehicle,N16B16M0,90,Front-Wheel Drive,right,Europe,,
ZB33,R60,MINI,COOPER,Sports Activity Vehicle,N16B16M0,90,Front-Wheel Drive,left,USA,,
ZB51,R60,MINI,COOPER,Sports Activity Vehicle,N16,90,All Wheel-Drive,left,Europe,,
ZB52,R60,MINI,Cooper,Sports Activity Vehicle,N16,90,All Wheel-Drive,right,Europe,,
XD71,R60,MINI,Cooper All4,Sports Activity Vehicle,N18B16U0,90,All Wheel-Drive,left,Europe,,
XD72,R60,MINI,Cooper All4,Sports Activity Vehicle,N18B16U0,90,All Wheel-Drive,right,Europe,,
EC54,R60,MINI,Cooper D,Sports Activity Vehicle,N47C16U1,82,Front-Wheel Drive,right,Thailand,,
EC57,R60,MINI,Cooper D,Sports Activity Vehicle,N47C16U1,82,Front-Wheel Drive,right,Indien,,
XD31,R60,MINI,Cooper D,Sports Activity Vehicle,N47C16U1,82,Front-Wheel Drive,left,Europe,,
XD32,R60,MINI,Cooper D,Sports Activity Vehicle,N47C16U1,82,Front-Wheel Drive,right,Europe,,
XD51,R60,MINI,Cooper D,Sports Activity Vehicle,N47C16U1,82,All Wheel-Drive,left,Europe,,
XD52,R60,MINI,Cooper D,Sports Activity Vehicle,N47C16U1,82,All Wheel-Drive,right,Europe,,
ZD31,R60,MINI,Cooper D,Sports Activity Vehicle,N47C16U1,82,Front-Wheel Drive,left,Europe,,
ZD32,R60,MINI,Cooper D,Sports Activity Vehicle,N47C16U1,82,Front-Wheel Drive,right,Europe,,
ZD51,R60,MINI,Cooper D,Sports Activity Vehicle,N47C16U1,82,All Wheel-Drive,left,Europe,,
ZD52,R60,MINI,Cooper D,Sports Activity Vehicle,N47C16U1,82,All Wheel-Drive,right,Europe,,
EC30,R60,MINI,Cooper S,Sports Activity Vehicle,N18,135,Front-Wheel Drive,left,Brasil,,
EC38,R60,MINI,cooper s,Sports Activity Vehicle,N18B16M0,135,Front-Wheel Drive,right,Malaysia,,
ZC31,R60,MINI,COOPER S,Sports Activity Vehicle,N18B16M0,135,Front-Wheel Drive,left,Europe,,
ZC32,R60,MINI,COOPER S,Sports Activity Vehicle,N18B16M0,135,Front-Wheel Drive,right,Europe,,
ZC33,R60,MINI,COOPER S,Sports Activity Vehicle,N18B16M0,135,Front-Wheel Drive,left,USA,,
ZC51,R60,MINI,COOPER S,Sports Activity Vehicle,N18B16M0,135,All Wheel-Drive,left,Europe,,
ZC52,R60,MINI,COOPER S,Sports Activity Vehicle,N18B16M0,135,All Wheel-Drive,right,Europe,,
ZC53,R60,MINI,COOPER S,Sports Activity Vehicle,N18B16M0,135,All Wheel-Drive,left,USA,,
EE18,R60,MINI,cooper s all,Sports Activity Vehicle,N18B16M0,135,All Wheel-Drive,right,Malaysia,,
ZB71,R60,MINI,Cooper SD,Sports Activity Vehicle,N47C20U1,105,Front-Wheel Drive,left,Europe,,
ZB72,R60,MINI,Cooper SD,Sports Activity Vehicle,N47C20U1,105,Front-Wheel Drive,right,Europe,,
EC94,R60,MINI,Cooper SD ALL4,Sports Activity Vehicle,N47C20U1,105,All Wheel-Drive,right,Thailand,,
ZD71,R60,MINI,Cooper SD ALL4,Sports Activity Vehicle,N47C20U1,105,All Wheel-Drive,left,Europe,,
ZD72,R60,MINI,Cooper SD ALL4,Sports Activity Vehicle,N47C20U1,105,All Wheel-Drive,right,Europe,,
EC17,R60,MINI,MINI ONE,Sports Activity Vehicle,N16B16U0,72,Front-Wheel Drive,right,Indien,,
ZA31,R60,MINI,MINI ONE,Sports Activity Vehicle,N16B16U0,72,Front-Wheel Drive,left,Europe,,
ZA32,R60,MINI,MINI ONE,Sports Activity Vehicle,N16B16U0,72,Front-Wheel Drive,right,Europe,,
ZD11,R60,MINI,One D,Sports Activity Vehicle,N47C16K1,66,Front-Wheel Drive,left,Europe,,
ZD12,R60,MINI,One D,Sports Activity Vehicle,N47C16K1,66,Front-Wheel Drive,right,Europe,,
XD11,R60 (JCW),MINI,John Cooper Works,Sports Activity Vehicle,N18B16T0,160,All Wheel-Drive,left,Europe,,
XD12,R60 (JCW),MINI,John Cooper Works,Sports Activity Vehicle,N18B16T0,160,All Wheel-Drive,right,Europe,,
XD13,R60 (JCW),MINI,John Cooper Works,Sports Activity Vehicle,N18B16T0,155,All Wheel-Drive,left,USA,,
SS11,R61,MINI,COOPER,Sports Activity Coupe,N16,90,Front-Wheel Drive,left,Europe,,
SS12,R61,MINI,COOPER,Sports Activity Coupe,N16B16M0,90,Front-Wheel Drive,right,Europe,,
SS13,R61,MINI,COOPER,Sports Activity Coupe,N16,90,Front-Wheel Drive,left,USA,,
SS31,R61,MINI,Cooper all,Sports Activity Coupe,N16,90,All Wheel-Drive,left,Europe,,
SS32,R61,MINI,cooper all,Sports Activity Coupe,N16,90,All Wheel-Drive,right,Europe,,
RJ71,R61,MINI,Cooper All4,Sports Activity Coupe,N18B16U0,90,All Wheel-Drive,left,Europe,,
RJ72,R61,MINI,Cooper All4,Sports Activity Coupe,N18B16U0,90,All Wheel-Drive,right,Europe,,
RJ51,R61,MINI,Cooper D,Sports Activity Coupe,N47C16U1,82,Front-Wheel Drive,left,Europe,,
RJ52,R61,MINI,Cooper D,Sports Activity Coupe,N47C16U1,82,Front-Wheel Drive,right,Europe,,
RS11,R61,MINI,Cooper D,Sports Activity Coupe,N47C16U1,82,Front-Wheel Drive,left,Europe,,
RS12,R61,MINI,Cooper D,Sports Activity Coupe,N47C16U1,82,Front-Wheel Drive,right,Europe,,
RS31,R61,MINI,Cooper D ALL4,Sports Activity Coupe,N47C16U1,82,All Wheel-Drive,left,Europe,,
RS32,R61,MINI,Cooper D ALL4,Sports Activity Coupe,N47C16U1,82,All Wheel-Drive,right,Europe,,
RS51,R61,MINI,Cooper D ALL4,Sports Activity Coupe,N47C16U1,82,All Wheel-Drive,left,Europe,,
RS52,R61,MINI,Cooper D ALL4,Sports Activity Coupe,N47C16U1,82,All Wheel-Drive,right,Europe,,
SS51,R61,MINI,COOPER S,Sports Activity Coupe,N18B16M0,135,Front-Wheel Drive,left,Europe,,
SS52,R61,MINI,COOPER S,Sports Activity Coupe,N18B16M0,135,Front-Wheel Drive,right,Europe,,
SS53,R61,MINI,COOPER S,Sports Activity Coupe,N18B16M0,135,Front-Wheel Drive,left,USA,,
SS71,R61,MINI,COOPER S,Sports Activity Coupe,N18B16M0,135,All Wheel-Drive,left,Europe,,
SS73,R61,MINI,COOPER S,Sports Activity Coupe,N18B16M0,135,All Wheel-Drive,left,USA,,
SS72,R61,MINI,cooper s all,Sports Activity Coupe,N18B16M0,135,All Wheel-Drive,right,Europe,,
RS71,R61,MINI,Cooper SD,Sports Activity Coupe,N47C20U1,105,Front-Wheel Drive,left,Europe,,
RS72,R61,MINI,Cooper SD,Sports Activity Coupe,N47C20U1,105,Front-Wheel Drive,right,Europe,,
RS91,R61,MINI,Cooper SD ALL4,Sports Activity Coupe,N47C20U1,105,All Wheel-Drive,left,Europe,,
RS92,R61,MINI,Cooper SD ALL4,Sports Activity Coupe,N47C20U1,105,All Wheel-Drive,right,Europe,,
SS91,R61 (JCW),MINI,John Cooper Works,Sports Activity Coupe,N18B16T0,160,All Wheel-Drive,left,Europe,,
SS92,R61 (JCW),MINI,John Cooper Works,Sports Activity Coupe,N18B16T0,160,All Wheel-Drive,right,Europe,,
SS93,R61 (JCW),MINI,John Cooper Works,Sports Activity Coupe,N18B16T0,155,All Wheel-Drive,left,USA,,
LN31,F54,MINI,cooper,,B38M,100,Front-Wheel Drive,left,Europe,,
LN32,F54,MINI,Cooper,,B38M,100,Front-Wheel Drive,right,Europe,,
LN51,F54,MINI,Cooper,,B36M,100,Front-Wheel Drive,left,Europe,,
LN53,F54,MINI,Cooper,,B36M,100,Front-Wheel Drive,left,USA,,
LR91,F54,MINI,Cooper D,,B47U,110,Front-Wheel Drive,left,Europe,,
LR92,F54,MINI,Cooper D,,B47U,110,Front-Wheel Drive,right,Europe,,
LN71,F54,MINI,Cooper S,,B48M,141,Front-Wheel Drive,left,Europe,,
LN72,F54,MINI,Cooper S,,B48M,141,Front-Wheel Drive,right,Europe,,
LN91,F54,MINI,Cooper S,,B46M,141,Front-Wheel Drive,left,Europe,,
LN93,F54,MINI,Cooper S,,B46M,141,Front-Wheel Drive,left,USA,,
LU32,F54,MINI,Cooper Sall4,,B48M,141,All Wheel-Drive,right,Europe,,
LR51,F54,MINI,Cooper Sd,,B47O,140,Front-Wheel Drive,left,Europe,,
LR52,F54,MINI,Cooper Sd,,B47O,140,Front-Wheel Drive,right,Europe,,
LU72,F54,MINI,Cooper Sd All4,,B47O,140,All Wheel-Drive,right,Europe,,
LU91,F54,MINI,One,,B38U,75,Front-Wheel Drive,left,Europe,,
LR71,F54,MINI,One D,,B37U,85,Front-Wheel Drive,left,Europe,,
XS51,F55,MINI,Cooper,Sports Hatch,B38A15M0,100,Front-Wheel Drive,left,Europe,,
XS52,F55,MINI,Cooper,Sports Hatch,B38A15M0,100,Front-Wheel Drive,right,Europe,,
XS53,F55,MINI,Cooper,Sports Hatch,B38A15M0,100,Front-Wheel Drive,left,USA,,
XU11,F55,MINI,Cooper,Sports Hatch,B36M,100,Front-Wheel Drive,left,Europe,,
XU13,F55,MINI,cooper,Sports Hatch,B36M,100,Front-Wheel Drive,left,USA,,
XT31,F55,MINI,Cooper D,Sports Hatch,B37C15U0,85,Front-Wheel Drive,left,Europe,,
XT32,F55,MINI,Cooper D,Sports Hatch,B37C15U0,85,Front-Wheel Drive,right,Europe,,
XS71,F55,MINI,Cooper S,Sports Hatch,B48A20M0,141,Front-Wheel Drive,left,Europe,,
XS72,F55,MINI,Cooper S,Sports Hatch,B48A20M0,141,Front-Wheel Drive,right,Europe,,
XU31,F55,MINI,Cooper S,Sports Hatch,B46A20M0,141,Front-Wheel Drive,left,Europe,,
XU33,F55,MINI,Cooper S,Sports Hatch,B46A20M0,141,Front-Wheel Drive,left,USA,,
XT71,F55,MINI,Cooper SD,Sports Hatch,B47C20O0,125,Front-Wheel Drive,left,Europe,,
XT72,F55,MINI,Cooper SD,Sports Hatch,B47C20O0,125,Front-Wheel Drive,right,Europe,,
XS11,F55,MINI,One,Sports Hatch,B38A12U0,75,Front-Wheel Drive,left,Europe,,
XS12,F55,MINI,one,Sports Hatch,B38A12U0,75,Front-Wheel Drive,right,Europe,,
XS91,F55,MINI,one,Sports Hatch,B38A12U0,55,Front-Wheel Drive,left,Europe,,
XS92,F55,MINI,one,Sports Hatch,B38A12U0,55,Front-Wheel Drive,right,Europe,,
XT11,F55,MINI,One D,Sports Hatch,B37C15K0,70,Front-Wheel Drive,left,Europe,,
XT12,F55,MINI,One D,Sports Hatch,B37C15K0,70,Front-Wheel Drive,right,Europe,,
XM51,F56,MINI,Cooper,Hatchback,B38A15M0,100,Front-Wheel Drive,left,Europe,,
XM52,F56,MINI,Cooper,Hatchback,B38A15M0,100,Front-Wheel Drive,right,Europe,,
XM53,F56,MINI,Cooper,Hatchback,B38A15M0,100,Front-Wheel Drive,left,USA,,
XP51,F56,MINI,cooper,Hatchback,B36M,100,Front-Wheel Drive,left,Europe,,
XP53,F56,MINI,cooper,Hatchback,B36M,100,Front-Wheel Drive,left,USA,,
XN31,F56,MINI,Cooper D,Hatchback,B37C15U0,85,Front-Wheel Drive,left,Europe,,
XN32,F56,MINI,Cooper D,Hatchback,B37C15U0,85,Front-Wheel Drive,right,Europe,,
XM71,F56,MINI,Cooper S,Hatchback,B48A20M0,141,Front-Wheel Drive,left,Europe,,
XM72,F56,MINI,Cooper S,Hatchback,B48A20M0,141,Front-Wheel Drive,right,Europe,,
XM73,F56,MINI,Cooper S,Hatchback,B48A20M0,141,Front-Wheel Drive,left,USA,,
XP71,F56,MINI,Cooper S,Hatchback,B46A20M0,141,Front-Wheel Drive,left,Europe,,
XP73,F56,MINI,Cooper S,Hatchback,B46A20M0,141,Front-Wheel Drive,left,USA,,
XN91,F56,MINI,Cooper SD,Hatchback,B47C20O0,125,Front-Wheel Drive,left,Europe,,
XN92,F56,MINI,Cooper SD,Hatchback,B47C20O0,125,Front-Wheel Drive,right,Europe,,
XM91,F56,MINI,John Cooper Works,Hatchback,B48A20O0,170,Front-Wheel Drive,left,Europe,,
XM92,F56,MINI,john cooper works,Hatchback,B48A20O0,170,Front-Wheel Drive,right,Europe,,
XM93,F56,MINI,john cooper works,Hatchback,B48A20O0,170,Front-Wheel Drive,left,USA,,
XN71,F56,MINI,One,Hatchback,B38A12U0,75,Front-Wheel Drive,left,Europe,,
XN72,F56,MINI,One,Hatchback,B38A12U0,75,Front-Wheel Drive,right,Europe,,
XN11,F56,MINI,One D,Hatchback,B37C15K0,70,Front-Wheel Drive,left,Europe,,
XN12,F56,MINI,One D,Hatchback,B37C15K0,70,Front-Wheel Drive,right,Europe,,
XP11,F56,MINI,One First,Hatchback,B38A12U0,55,Front-Wheel Drive,left,Europe,,
XP12,F56,MINI,One First,Hatchback,B38A12U0,55,Front-Wheel Drive,right,Europe,,
WG31,F57,MINI,Cooper,Convertible,B38M,100,Front-Wheel Drive,left,Europe,,
WG32,F57,MINI,Cooper,Convertible,B38M,100,Front-Wheel Drive,right,Europe,,
WG51,F57,MINI,Cooper,Convertible,B36M,100,Front-Wheel Drive,left,Europe,,
WH31,F57,MINI,Cooper D,Convertible,B37U,85,Front-Wheel Drive,left,Europe,,
WH32,F57,MINI,Cooper D,Convertible,B37U,85,Front-Wheel Drive,right,Europe,,
WG72,F57,MINI,Cooper S,Convertible,B48M,141,Front-Wheel Drive,right,Europe,,
WG93,F57,MINI,Cooper S,Convertible,B46M,141,Front-Wheel Drive,left,USA,,
WH52,F57,MINI,Cooper Sd,Convertible,B47O,125,Front-Wheel Drive,right,Europe,,
WH92,F57,MINI,John Cooper Workjohn Coos,Convertible,B48O,170,Front-Wheel Drive,right,Europe,,
WH93,F57,MINI,John Cooper Workjohn Coos,Convertible,B48O,170,Front-Wheel Drive,left,USA,,
WG12,F57,MINI,One,Convertible,B38U,75,Front-Wheel Drive,right,Europe,,
FK61,RR1,Rolls-Royce,Phantom,Sedan,N73B68O0,338,Rear-Wheel Drive,left,Europe,2002-08,2010-01
FK62,RR1,Rolls-Royce,Phantom,Sedan,N73B68O0,338,Rear-Wheel Drive,right,Europe,2002-07,2009-12
FK63,RR1,Rolls-Royce,Phantom,Sedan,N73B68O0,338,Rear-Wheel Drive,left,USA,2002-09,2009-12
1S68,RR1,Rolls-Royce,R-royce,Sedan,N73,338,Rear-Wheel Drive,left,Europe,,
FK81,RR2,Rolls-Royce,Phantom Drophead Coupe,Convertible,N73B68O0,338,Rear-Wheel Drive,left,Europe,2006-03,2009-12
FK82,RR2,Rolls-Royce,Phantom Drophead Coupe,Convertible,N73B68O0,338,Rear-Wheel Drive,right,Europe,2006-04,2009-12
FK83,RR2,Rolls-Royce,Phantom Drophead Coupe,Convertible,N73B68O0,338,Rear-Wheel Drive,left,USA,2006-04,2010-01
2D68,RR2,Rolls-Royce,R-royce,Convertible,N73,338,Rear-Wheel Drive,left,Europe,,
6824,RR2,Rolls-Royce,R-royce,Convertible,N73,338,Rear-Wheel Drive,left,Europe,,
FK21,RR3,Rolls-Royce,Phantom Coupe,Coupe,N73B68O0,338,Rear-Wheel Drive,left,Europe,2007-05,2009-12
FK22,RR3,Rolls-Royce,Phantom Coupe,Coupe,N73B68O0,338,Rear-Wheel Drive,right,Europe,2008-01,2009-12
FK23,RR3,Rolls-Royce,Phantom Coupe,Coupe,N73B68O0,338,Rear-Wheel Drive,left,USA,2007-06,2010-01
3C67,RR3,Rolls-Royce,R-royce,Coupe,N73,338,Rear-Wheel Drive,left,USA,,
3C68,RR3,Rolls-Royce,R-royce,Coupe,N73,338,Rear-Wheel Drive,left,Europe,,
664,RR4,Rolls-Royce,Ghost,Sedan,N74R,420,Rear-Wheel Drive,left,Europe,,
FK41,RR4,Rolls-Royce,Ghost,Sedan,N74B66U0,420,Rear-Wheel Drive,left,Europe,2008-08,2009-12
FK42,RR4,Rolls-Royce,Ghost,Sedan,N74B66U0,420,Rear-Wheel Drive,right,Europe,2008-09,2009-12
FK43,RR4,Rolls-Royce,Ghost,Sedan,N74B66U0,420,Rear-Wheel Drive,left,USA,2008-08,2010-01
6653,RR5,Rolls-Royce,Wraith,Coupe,N74R,420,Rear-Wheel Drive,left,Europe,,
XZ01,RR5,Rolls-Royce,Wraith,Coupe,N74B66U0,465,Rear-Wheel Drive,left,Europe,,
XZ02,RR5,Rolls-Royce,Wraith,Coupe,N74B66U0,465,Rear-Wheel Drive,right,Europe,,
XZ03,RR5,Rolls-Royce,Wraith,Coupe,N74B66U0,465,Rear-Wheel Drive,left,USA,,
6664,RR6,Rolls-Royce,Dawn,Convertible,N74R,420,Rear-Wheel Drive,left,Europe,,
